Workbook

Sheet TAKVİM
A1: TAKVİM — Öğretim yılını seçin; tüm ders sayfalarındaki tarihler otomatik hesaplanır
A3: OKUL | B3: Soma Mesleki ve Teknik Anadolu Lisesi
A4: ÖĞRETİM YILI SEÇ | B4: 2026-2027
A5: 1.Yarıyıl Başlangıcı (elle değiştirilebilir) | B5: =DATE(VALUE(LEFT($B$4,4)),9,14)-(WEEKDAY(DATE(VALUE(LEFT($B$4,4)),9,14),2)-1) -> 46279
A6: Not: Ramazan/Kurban Bayramı otomatik hesaplanamaz; resmî tatil haftalarının konumu (Ara Tatil/Yarıyıl Tatili) örnek 2026-2027 takvimine göre sabit varsayılmıştır.
A8: 37 HAFTALIK ÇALIŞMA TAKVİMİ (Pazartesi tarihleri)
A9: Hafta No | B9: Pazartesi Tarihi | C9: Tarih Aralığı (görsel) | D9: Tatil mi? | E9: Tatil Adı
A10: 1 | B10: =($B$5+(1-1)*7) -> 46279 | C10: =IF(MONTH(($B$5+(1-1)*7))=MONTH((($B$5+(1-1)*7)+4)),TEXT(DAY(($B$5+(1-1)*7)),"00")&"-"&TEXT(DAY((($B$5+(1-1)*7)+4)),"00")&" "&CHOOSE(MONTH(($B$5+(1-1)*7)),"Ocak","Şubat","Mart","Nisan","Mayıs","Haziran","Temmuz","Ağustos","Eylül","Ekim","Kasım","Aralık"),TEXT(DAY(($B$5+(1-1)*7)),"00")&" "&CHOOSE(MONTH(($B$5+(1-1)*7)),"Ocak","Şubat","Mart","Nisan","Mayıs","Haziran","Temmuz","Ağustos","Eylül","Ekim","Kasım","Aralık")&" - "&TEXT(DAY((($B$5+(1-1)*7)+4)),"00")&" "&CHOOSE(MONTH((($B$5+(1-1)*7)+4)),"Ocak","Şubat","Mart","Nisan","Mayıs","Haziran","Temmuz","Ağustos","Eylül","Ekim","Kasım","Aralık")) -> 14-18 Eylül | D10: HAYIR
A11: 2 | B11: =($B$5+(2-1)*7) -> 46286 | C11: =IF(MONTH(($B$5+(2-1)*7))=MONTH((($B$5+(2-1)*7)+4)),TEXT(DAY(($B$5+(2-1)*7)),"00")&"-"&TEXT(DAY((($B$5+(2-1)*7)+4)),"00")&" "&CHOOSE(MONTH(($B$5+(2-1)*7)),"Ocak","Şubat","Mart","Nisan","Mayıs","Haziran","Temmuz","Ağustos","Eylül","Ekim","Kasım","Aralık"),TEXT(DAY(($B$5+(2-1)*7)),"00")&" "&CHOOSE(MONTH(($B$5+(2-1)*7)),"Ocak","Şubat","Mart","Nisan","Mayıs","Haziran","Temmuz","Ağustos","Eylül","Ekim","Kasım","Aralık")&" - "&TEXT(DAY((($B$5+(2-1)*7)+4)),"00")&" "&CHOOSE(MONTH((($B$5+(2-1)*7)+4)),"Ocak","Şubat","Mart","Nisan","Mayıs","Haziran","Temmuz","Ağustos","Eylül","Ekim","Kasım","Aralık")) -> 21-25 Eylül | D11: HAYIR
A12: 3 | B12: =($B$5+(3-1)*7) -> 46293 | C12: =IF(MONTH(($B$5+(3-1)*7))=MONTH((($B$5+(3-1)*7)+4)),TEXT(DAY(($B$5+(3-1)*7)),"00")&"-"&TEXT(DAY((($B$5+(3-1)*7)+4)),"00")&" "&CHOOSE(MONTH(($B$5+(3-1)*7)),"Ocak","Şubat","Mart","Nisan","Mayıs","Haziran","Temmuz","Ağustos","Eylül","Ekim","Kasım","Aralık"),TEXT(DAY(($B$5+(3-1)*7)),"00")&" "&CHOOSE(MONTH(($B$5+(3-1)*7)),"Ocak","Şubat","Mart","Nisan","Mayıs","Haziran","Temmuz","Ağustos","Eylül","Ekim","Kasım","Aralık")&" - "&TEXT(DAY((($B$5+(3-1)*7)+4)),"00")&" "&CHOOSE(MONTH((($B$5+(3-1)*7)+4)),"Ocak","Şubat","Mart","Nisan","Mayıs","Haziran","Temmuz","Ağustos","Eylül","Ekim","Kasım","Aralık")) -> 28 Eylül - 02 Ekim | D12: HAYIR
A13: 4 | B13: =($B$5+(4-1)*7) -> 46300 | C13: =IF(MONTH(($B$5+(4-1)*7))=MONTH((($B$5+(4-1)*7)+4)),TEXT(DAY(($B$5+(4-1)*7)),"00")&"-"&TEXT(DAY((($B$5+(4-1)*7)+4)),"00")&" "&CHOOSE(MONTH(($B$5+(4-1)*7)),"Ocak","Şubat","Mart","Nisan","Mayıs","Haziran","Temmuz","Ağustos","Eylül","Ekim","Kasım","Aralık"),TEXT(DAY(($B$5+(4-1)*7)),"00")&" "&CHOOSE(MONTH(($B$5+(4-1)*7)),"Ocak","Şubat","Mart","Nisan","Mayıs","Haziran","Temmuz","Ağustos","Eylül","Ekim","Kasım","Aralık")&" - "&TEXT(DAY((($B$5+(4-1)*7)+4)),"00")&" "&CHOOSE(MONTH((($B$5+(4-1)*7)+4)),"Ocak","Şubat","Mart","Nisan","Mayıs","Haziran","Temmuz","Ağustos","Eylül","Ekim","Kasım","Aralık")) -> 05-09 Ekim | D13: HAYIR
A14: 5 | B14: =($B$5+(5-1)*7) -> 46307 | C14: =IF(MONTH(($B$5+(5-1)*7))=MONTH((($B$5+(5-1)*7)+4)),TEXT(DAY(($B$5+(5-1)*7)),"00")&"-"&TEXT(DAY((($B$5+(5-1)*7)+4)),"00")&" "&CHOOSE(MONTH(($B$5+(5-1)*7)),"Ocak","Şubat","Mart","Nisan","Mayıs","Haziran","Temmuz","Ağustos","Eylül","Ekim","Kasım","Aralık"),TEXT(DAY(($B$5+(5-1)*7)),"00")&" "&CHOOSE(MONTH(($B$5+(5-1)*7)),"Ocak","Şubat","Mart","Nisan","Mayıs","Haziran","Temmuz","Ağustos","Eylül","Ekim","Kasım","Aralık")&" - "&TEXT(DAY((($B$5+(5-1)*7)+4)),"00")&" "&CHOOSE(MONTH((($B$5+(5-1)*7)+4)),"Ocak","Şubat","Mart","Nisan","Mayıs","Haziran","Temmuz","Ağustos","Eylül","Ekim","Kasım","Aralık")) -> 12-16 Ekim | D14: HAYIR
A15: 6 | B15: =($B$5+(6-1)*7) -> 46314 | C15: =IF(MONTH(($B$5+(6-1)*7))=MONTH((($B$5+(6-1)*7)+4)),TEXT(DAY(($B$5+(6-1)*7)),"00")&"-"&TEXT(DAY((($B$5+(6-1)*7)+4)),"00")&" "&CHOOSE(MONTH(($B$5+(6-1)*7)),"Ocak","Şubat","Mart","Nisan","Mayıs","Haziran","Temmuz","Ağustos","Eylül","Ekim","Kasım","Aralık"),TEXT(DAY(($B$5+(6-1)*7)),"00")&" "&CHOOSE(MONTH(($B$5+(6-1)*7)),"Ocak","Şubat","Mart","Nisan","Mayıs","Haziran","Temmuz","Ağustos","Eylül","Ekim","Kasım","Aralık")&" - "&TEXT(DAY((($B$5+(6-1)*7)+4)),"00")&" "&CHOOSE(MONTH((($B$5+(6-1)*7)+4)),"Ocak","Şubat","Mart","Nisan","Mayıs","Haziran","Temmuz","Ağustos","Eylül","Ekim","Kasım","Aralık")) -> 19-23 Ekim | D15: HAYIR
A16: 7 | B16: =($B$5+(7-1)*7) -> 46321 | C16: =IF(MONTH(($B$5+(7-1)*7))=MONTH((($B$5+(7-1)*7)+4)),TEXT(DAY(($B$5+(7-1)*7)),"00")&"-"&TEXT(DAY((($B$5+(7-1)*7)+4)),"00")&" "&CHOOSE(MONTH(($B$5+(7-1)*7)),"Ocak","Şubat","Mart","Nisan","Mayıs","Haziran","Temmuz","Ağustos","Eylül","Ekim","Kasım","Aralık"),TEXT(DAY(($B$5+(7-1)*7)),"00")&" "&CHOOSE(MONTH(($B$5+(7-1)*7)),"Ocak","Şubat","Mart","Nisan","Mayıs","Haziran","Temmuz","Ağustos","Eylül","Ekim","Kasım","Aralık")&" - "&TEXT(DAY((($B$5+(7-1)*7)+4)),"00")&" "&CHOOSE(MONTH((($B$5+(7-1)*7)+4)),"Ocak","Şubat","Mart","Nisan","Mayıs","Haziran","Temmuz","Ağustos","Eylül","Ekim","Kasım","Aralık")) -> 26-30 Ekim | D16: HAYIR
A17: 8 | B17: =($B$5+(8-1)*7) -> 46328 | C17: =IF(MONTH(($B$5+(8-1)*7))=MONTH((($B$5+(8-1)*7)+4)),TEXT(DAY(($B$5+(8-1)*7)),"00")&"-"&TEXT(DAY((($B$5+(8-1)*7)+4)),"00")&" "&CHOOSE(MONTH(($B$5+(8-1)*7)),"Ocak","Şubat","Mart","Nisan","Mayıs","Haziran","Temmuz","Ağustos","Eylül","Ekim","Kasım","Aralık"),TEXT(DAY(($B$5+(8-1)*7)),"00")&" "&CHOOSE(MONTH(($B$5+(8-1)*7)),"Ocak","Şubat","Mart","Nisan","Mayıs","Haziran","Temmuz","Ağustos","Eylül","Ekim","Kasım","Aralık")&" - "&TEXT(DAY((($B$5+(8-1)*7)+4)),"00")&" "&CHOOSE(MONTH((($B$5+(8-1)*7)+4)),"Ocak","Şubat","Mart","Nisan","Mayıs","Haziran","Temmuz","Ağustos","Eylül","Ekim","Kasım","Aralık")) -> 02-06 Kasım | D17: HAYIR
A18: 9 | B18: =($B$5+(9-1)*7) -> 46335 | C18: =IF(MONTH(($B$5+(9-1)*7))=MONTH((($B$5+(9-1)*7)+4)),TEXT(DAY(($B$5+(9-1)*7)),"00")&"-"&TEXT(DAY((($B$5+(9-1)*7)+4)),"00")&" "&CHOOSE(MONTH(($B$5+(9-1)*7)),"Ocak","Şubat","Mart","Nisan","Mayıs","Haziran","Temmuz","Ağustos","Eylül","Ekim","Kasım","Aralık"),TEXT(DAY(($B$5+(9-1)*7)),"00")&" "&CHOOSE(MONTH(($B$5+(9-1)*7)),"Ocak","Şubat","Mart","Nisan","Mayıs","Haziran","Temmuz","Ağustos","Eylül","Ekim","Kasım","Aralık")&" - "&TEXT(DAY((($B$5+(9-1)*7)+4)),"00")&" "&CHOOSE(MONTH((($B$5+(9-1)*7)+4)),"Ocak","Şubat","Mart","Nisan","Mayıs","Haziran","Temmuz","Ağustos","Eylül","Ekim","Kasım","Aralık")) -> 09-13 Kasım | D18: HAYIR
A19: 10 | B19: =($B$5+(10-1)*7) -> 46342 | C19: =IF(MONTH(($B$5+(10-1)*7))=MONTH((($B$5+(10-1)*7)+4)),TEXT(DAY(($B$5+(10-1)*7)),"00")&"-"&TEXT(DAY((($B$5+(10-1)*7)+4)),"00")&" "&CHOOSE(MONTH(($B$5+(10-1)*7)),"Ocak","Şubat","Mart","Nisan","Mayıs","Haziran","Temmuz","Ağustos","Eylül","Ekim","Kasım","Aralık"),TEXT(DAY(($B$5+(10-1)*7)),"00")&" "&CHOOSE(MONTH(($B$5+(10-1)*7)),"Ocak","Şubat","Mart","Nisan","Mayıs","Haziran","Temmuz","Ağustos","Eylül","Ekim","Kasım","Aralık")&" - "&TEXT(DAY((($B$5+(10-1)*7)+4)),"00")&" "&CHOOSE(MONTH((($B$5+(10-1)*7)+4)),"Ocak","Şubat","Mart","Nisan","Mayıs","Haziran","Temmuz","Ağustos","Eylül","Ekim","Kasım","Aralık")) -> 16-20 Kasım | D19: EVET | E19: 1.DÖNEM ARA TATİL
A20: 11 | B20: =($B$5+(11-1)*7) -> 46349 | C20: =IF(MONTH(($B$5+(11-1)*7))=MONTH((($B$5+(11-1)*7)+4)),TEXT(DAY(($B$5+(11-1)*7)),"00")&"-"&TEXT(DAY((($B$5+(11-1)*7)+4)),"00")&" "&CHOOSE(MONTH(($B$5+(11-1)*7)),"Ocak","Şubat","Mart","Nisan","Mayıs","Haziran","Temmuz","Ağustos","Eylül","Ekim","Kasım","Aralık"),TEXT(DAY(($B$5+(11-1)*7)),"00")&" "&CHOOSE(MONTH(($B$5+(11-1)*7)),"Ocak","Şubat","Mart","Nisan","Mayıs","Haziran","Temmuz","Ağustos","Eylül","Ekim","Kasım","Aralık")&" - "&TEXT(DAY((($B$5+(11-1)*7)+4)),"00")&" "&CHOOSE(MONTH((($B$5+(11-1)*7)+4)),"Ocak","Şubat","Mart","Nisan","Mayıs","Haziran","Temmuz","Ağustos","Eylül","Ekim","Kasım","Aralık")) -> 23-27 Kasım | D20: HAYIR
A21: 12 | B21: =($B$5+(12-1)*7) -> 46356 | C21: =IF(MONTH(($B$5+(12-1)*7))=MONTH((($B$5+(12-1)*7)+4)),TEXT(DAY(($B$5+(12-1)*7)),"00")&"-"&TEXT(DAY((($B$5+(12-1)*7)+4)),"00")&" "&CHOOSE(MONTH(($B$5+(12-1)*7)),"Ocak","Şubat","Mart","Nisan","Mayıs","Haziran","Temmuz","Ağustos","Eylül","Ekim","Kasım","Aralık"),TEXT(DAY(($B$5+(12-1)*7)),"00")&" "&CHOOSE(MONTH(($B$5+(12-1)*7)),"Ocak","Şubat","Mart","Nisan","Mayıs","Haziran","Temmuz","Ağustos","Eylül","Ekim","Kasım","Aralık")&" - "&TEXT(DAY((($B$5+(12-1)*7)+4)),"00")&" "&CHOOSE(MONTH((($B$5+(12-1)*7)+4)),"Ocak","Şubat","Mart","Nisan","Mayıs","Haziran","Temmuz","Ağustos","Eylül","Ekim","Kasım","Aralık")) -> 30 Kasım - 04 Aralık | D21: HAYIR
A22: 13 | B22: =($B$5+(13-1)*7) -> 46363 | C22: =IF(MONTH(($B$5+(13-1)*7))=MONTH((($B$5+(13-1)*7)+4)),TEXT(DAY(($B$5+(13-1)*7)),"00")&"-"&TEXT(DAY((($B$5+(13-1)*7)+4)),"00")&" "&CHOOSE(MONTH(($B$5+(13-1)*7)),"Ocak","Şubat","Mart","Nisan","Mayıs","Haziran","Temmuz","Ağustos","Eylül","Ekim","Kasım","Aralık"),TEXT(DAY(($B$5+(13-1)*7)),"00")&" "&CHOOSE(MONTH(($B$5+(13-1)*7)),"Ocak","Şubat","Mart","Nisan","Mayıs","Haziran","Temmuz","Ağustos","Eylül","Ekim","Kasım","Aralık")&" - "&TEXT(DAY((($B$5+(13-1)*7)+4)),"00")&" "&CHOOSE(MONTH((($B$5+(13-1)*7)+4)),"Ocak","Şubat","Mart","Nisan","Mayıs","Haziran","Temmuz","Ağustos","Eylül","Ekim","Kasım","Aralık")) -> 07-11 Aralık | D22: HAYIR
A23: 14 | B23: =($B$5+(14-1)*7) -> 46370 | C23: =IF(MONTH(($B$5+(14-1)*7))=MONTH((($B$5+(14-1)*7)+4)),TEXT(DAY(($B$5+(14-1)*7)),"00")&"-"&TEXT(DAY((($B$5+(14-1)*7)+4)),"00")&" "&CHOOSE(MONTH(($B$5+(14-1)*7)),"Ocak","Şubat","Mart","Nisan","Mayıs","Haziran","Temmuz","Ağustos","Eylül","Ekim","Kasım","Aralık"),TEXT(DAY(($B$5+(14-1)*7)),"00")&" "&CHOOSE(MONTH(($B$5+(14-1)*7)),"Ocak","Şubat","Mart","Nisan","Mayıs","Haziran","Temmuz","Ağustos","Eylül","Ekim","Kasım","Aralık")&" - "&TEXT(DAY((($B$5+(14-1)*7)+4)),"00")&" "&CHOOSE(MONTH((($B$5+(14-1)*7)+4)),"Ocak","Şubat","Mart","Nisan","Mayıs","Haziran","Temmuz","Ağustos","Eylül","Ekim","Kasım","Aralık")) -> 14-18 Aralık | D23: HAYIR
A24: 15 | B24: =($B$5+(15-1)*7) -> 46377 | C24: =IF(MONTH(($B$5+(15-1)*7))=MONTH((($B$5+(15-1)*7)+4)),TEXT(DAY(($B$5+(15-1)*7)),"00")&"-"&TEXT(DAY((($B$5+(15-1)*7)+4)),"00")&" "&CHOOSE(MONTH(($B$5+(15-1)*7)),"Ocak","Şubat","Mart","Nisan","Mayıs","Haziran","Temmuz","Ağustos","Eylül","Ekim","Kasım","Aralık"),TEXT(DAY(($B$5+(15-1)*7)),"00")&" "&CHOOSE(MONTH(($B$5+(15-1)*7)),"Ocak","Şubat","Mart","Nisan","Mayıs","Haziran","Temmuz","Ağustos","Eylül","Ekim","Kasım","Aralık")&" - "&TEXT(DAY((($B$5+(15-1)*7)+4)),"00")&" "&CHOOSE(MONTH((($B$5+(15-1)*7)+4)),"Ocak","Şubat","Mart","Nisan","Mayıs","Haziran","Temmuz","Ağustos","Eylül","Ekim","Kasım","Aralık")) -> 21-25 Aralık | D24: HAYIR
A25: 16 | B25: =($B$5+(16-1)*7) -> 46384 | C25: =IF(MONTH(($B$5+(16-1)*7))=MONTH((($B$5+(16-1)*7)+4)),TEXT(DAY(($B$5+(16-1)*7)),"00")&"-"&TEXT(DAY((($B$5+(16-1)*7)+4)),"00")&" "&CHOOSE(MONTH(($B$5+(16-1)*7)),"Ocak","Şubat","Mart","Nisan","Mayıs","Haziran","Temmuz","Ağustos","Eylül","Ekim","Kasım","Aralık"),TEXT(DAY(($B$5+(16-1)*7)),"00")&" "&CHOOSE(MONTH(($B$5+(16-1)*7)),"Ocak","Şubat","Mart","Nisan","Mayıs","Haziran","Temmuz","Ağustos","Eylül","Ekim","Kasım","Aralık")&" - "&TEXT(DAY((($B$5+(16-1)*7)+4)),"00")&" "&CHOOSE(MONTH((($B$5+(16-1)*7)+4)),"Ocak","Şubat","Mart","Nisan","Mayıs","Haziran","Temmuz","Ağustos","Eylül","Ekim","Kasım","Aralık")) -> 28 Aralık - 01 Ocak | D25: HAYIR
A26: 17 | B26: =($B$5+(17-1)*7) -> 46391 | C26: =IF(MONTH(($B$5+(17-1)*7))=MONTH((($B$5+(17-1)*7)+4)),TEXT(DAY(($B$5+(17-1)*7)),"00")&"-"&TEXT(DAY((($B$5+(17-1)*7)+4)),"00")&" "&CHOOSE(MONTH(($B$5+(17-1)*7)),"Ocak","Şubat","Mart","Nisan","Mayıs","Haziran","Temmuz","Ağustos","Eylül","Ekim","Kasım","Aralık"),TEXT(DAY(($B$5+(17-1)*7)),"00")&" "&CHOOSE(MONTH(($B$5+(17-1)*7)),"Ocak","Şubat","Mart","Nisan","Mayıs","Haziran","Temmuz","Ağustos","Eylül","Ekim","Kasım","Aralık")&" - "&TEXT(DAY((($B$5+(17-1)*7)+4)),"00")&" "&CHOOSE(MONTH((($B$5+(17-1)*7)+4)),"Ocak","Şubat","Mart","Nisan","Mayıs","Haziran","Temmuz","Ağustos","Eylül","Ekim","Kasım","Aralık")) -> 04-08 Ocak | D26: HAYIR
A27: 18 | B27: =($B$5+(18-1)*7) -> 46398 | C27: =IF(MONTH(($B$5+(18-1)*7))=MONTH((($B$5+(18-1)*7)+4)),TEXT(DAY(($B$5+(18-1)*7)),"00")&"-"&TEXT(DAY((($B$5+(18-1)*7)+4)),"00")&" "&CHOOSE(MONTH(($B$5+(18-1)*7)),"Ocak","Şubat","Mart","Nisan","Mayıs","Haziran","Temmuz","Ağustos","Eylül","Ekim","Kasım","Aralık"),TEXT(DAY(($B$5+(18-1)*7)),"00")&" "&CHOOSE(MONTH(($B$5+(18-1)*7)),"Ocak","Şubat","Mart","Nisan","Mayıs","Haziran","Temmuz","Ağustos","Eylül","Ekim","Kasım","Aralık")&" - "&TEXT(DAY((($B$5+(18-1)*7)+4)),"00")&" "&CHOOSE(MONTH((($B$5+(18-1)*7)+4)),"Ocak","Şubat","Mart","Nisan","Mayıs","Haziran","Temmuz","Ağustos","Eylül","Ekim","Kasım","Aralık")) -> 11-15 Ocak | D27: HAYIR
A28: 19 | B28: =($B$5+(19-1)*7) -> 46405 | C28: =IF(MONTH(($B$5+(19-1)*7))=MONTH((($B$5+(19-1)*7)+4)),TEXT(DAY(($B$5+(19-1)*7)),"00")&"-"&TEXT(DAY((($B$5+(19-1)*7)+4)),"00")&" "&CHOOSE(MONTH(($B$5+(19-1)*7)),"Ocak","Şubat","Mart","Nisan","Mayıs","Haziran","Temmuz","Ağustos","Eylül","Ekim","Kasım","Aralık"),TEXT(DAY(($B$5+(19-1)*7)),"00")&" "&CHOOSE(MONTH(($B$5+(19-1)*7)),"Ocak","Şubat","Mart","Nisan","Mayıs","Haziran","Temmuz","Ağustos","Eylül","Ekim","Kasım","Aralık")&" - "&TEXT(DAY((($B$5+(19-1)*7)+4)),"00")&" "&CHOOSE(MONTH((($B$5+(19-1)*7)+4)),"Ocak","Şubat","Mart","Nisan","Mayıs","Haziran","Temmuz","Ağustos","Eylül","Ekim","Kasım","Aralık")) -> 18-22 Ocak | D28: HAYIR
A29: 20 | B29: =($B$5+(20-1)*7) -> 46412 | C29: =IF(MONTH(($B$5+(20-1)*7))=MONTH((($B$5+(20-1)*7)+4)),TEXT(DAY(($B$5+(20-1)*7)),"00")&"-"&TEXT(DAY((($B$5+(20-1)*7)+4)),"00")&" "&CHOOSE(MONTH(($B$5+(20-1)*7)),"Ocak","Şubat","Mart","Nisan","Mayıs","Haziran","Temmuz","Ağustos","Eylül","Ekim","Kasım","Aralık"),TEXT(DAY(($B$5+(20-1)*7)),"00")&" "&CHOOSE(MONTH(($B$5+(20-1)*7)),"Ocak","Şubat","Mart","Nisan","Mayıs","Haziran","Temmuz","Ağustos","Eylül","Ekim","Kasım","Aralık")&" - "&TEXT(DAY((($B$5+(20-1)*7)+4)),"00")&" "&CHOOSE(MONTH((($B$5+(20-1)*7)+4)),"Ocak","Şubat","Mart","Nisan","Mayıs","Haziran","Temmuz","Ağustos","Eylül","Ekim","Kasım","Aralık")) -> 25-29 Ocak | D29: EVET | E29: YARI YIL TATİLİ
A30: 21 | B30: =($B$5+(21-1)*7+7) -> 46426 | C30: =IF(MONTH(($B$5+(21-1)*7+7))=MONTH((($B$5+(21-1)*7+7)+4)),TEXT(DAY(($B$5+(21-1)*7+7)),"00")&"-"&TEXT(DAY((($B$5+(21-1)*7+7)+4)),"00")&" "&CHOOSE(MONTH(($B$5+(21-1)*7+7)),"Ocak","Şubat","Mart","Nisan","Mayıs","Haziran","Temmuz","Ağustos","Eylül","Ekim","Kasım","Aralık"),TEXT(DAY(($B$5+(21-1)*7+7)),"00")&" "&CHOOSE(MONTH(($B$5+(21-1)*7+7)),"Ocak","Şubat","Mart","Nisan","Mayıs","Haziran","Temmuz","Ağustos","Eylül","Ekim","Kasım","Aralık")&" - "&TEXT(DAY((($B$5+(21-1)*7+7)+4)),"00")&" "&CHOOSE(MONTH((($B$5+(21-1)*7+7)+4)),"Ocak","Şubat","Mart","Nisan","Mayıs","Haziran","Temmuz","Ağustos","Eylül","Ekim","Kasım","Aralık")) -> 08-12 Şubat | D30: HAYIR
A31: 22 | B31: =($B$5+(22-1)*7+7) -> 46433 | C31: =IF(MONTH(($B$5+(22-1)*7+7))=MONTH((($B$5+(22-1)*7+7)+4)),TEXT(DAY(($B$5+(22-1)*7+7)),"00")&"-"&TEXT(DAY((($B$5+(22-1)*7+7)+4)),"00")&" "&CHOOSE(MONTH(($B$5+(22-1)*7+7)),"Ocak","Şubat","Mart","Nisan","Mayıs","Haziran","Temmuz","Ağustos","Eylül","Ekim","Kasım","Aralık"),TEXT(DAY(($B$5+(22-1)*7+7)),"00")&" "&CHOOSE(MONTH(($B$5+(22-1)*7+7)),"Ocak","Şubat","Mart","Nisan","Mayıs","Haziran","Temmuz","Ağustos","Eylül","Ekim","Kasım","Aralık")&" - "&TEXT(DAY((($B$5+(22-1)*7+7)+4)),"00")&" "&CHOOSE(MONTH((($B$5+(22-1)*7+7)+4)),"Ocak","Şubat","Mart","Nisan","Mayıs","Haziran","Temmuz","Ağustos","Eylül","Ekim","Kasım","Aralık")) -> 15-19 Şubat | D31: HAYIR
A32: 23 | B32: =($B$5+(23-1)*7+7) -> 46440 | C32: =IF(MONTH(($B$5+(23-1)*7+7))=MONTH((($B$5+(23-1)*7+7)+4)),TEXT(DAY(($B$5+(23-1)*7+7)),"00")&"-"&TEXT(DAY((($B$5+(23-1)*7+7)+4)),"00")&" "&CHOOSE(MONTH(($B$5+(23-1)*7+7)),"Ocak","Şubat","Mart","Nisan","Mayıs","Haziran","Temmuz","Ağustos","Eylül","Ekim","Kasım","Aralık"),TEXT(DAY(($B$5+(23-1)*7+7)),"00")&" "&CHOOSE(MONTH(($B$5+(23-1)*7+7)),"Ocak","Şubat","Mart","Nisan","Mayıs","Haziran","Temmuz","Ağustos","Eylül","Ekim","Kasım","Aralık")&" - "&TEXT(DAY((($B$5+(23-1)*7+7)+4)),"00")&" "&CHOOSE(MONTH((($B$5+(23-1)*7+7)+4)),"Ocak","Şubat","Mart","Nisan","Mayıs","Haziran","Temmuz","Ağustos","Eylül","Ekim","Kasım","Aralık")) -> 22-26 Şubat | D32: HAYIR
A33: 24 | B33: =($B$5+(24-1)*7+7) -> 46447 | C33: =IF(MONTH(($B$5+(24-1)*7+7))=MONTH((($B$5+(24-1)*7+7)+4)),TEXT(DAY(($B$5+(24-1)*7+7)),"00")&"-"&TEXT(DAY((($B$5+(24-1)*7+7)+4)),"00")&" "&CHOOSE(MONTH(($B$5+(24-1)*7+7)),"Ocak","Şubat","Mart","Nisan","Mayıs","Haziran","Temmuz","Ağustos","Eylül","Ekim","Kasım","Aralık"),TEXT(DAY(($B$5+(24-1)*7+7)),"00")&" "&CHOOSE(MONTH(($B$5+(24-1)*7+7)),"Ocak","Şubat","Mart","Nisan","Mayıs","Haziran","Temmuz","Ağustos","Eylül","Ekim","Kasım","Aralık")&" - "&TEXT(DAY((($B$5+(24-1)*7+7)+4)),"00")&" "&CHOOSE(MONTH((($B$5+(24-1)*7+7)+4)),"Ocak","Şubat","Mart","Nisan","Mayıs","Haziran","Temmuz","Ağustos","Eylül","Ekim","Kasım","Aralık")) -> 01-05 Mart | D33: HAYIR
A34: 25 | B34: =($B$5+(25-1)*7+7) -> 46454 | C34: =IF(MONTH(($B$5+(25-1)*7+7))=MONTH((($B$5+(25-1)*7+7)+4)),TEXT(DAY(($B$5+(25-1)*7+7)),"00")&"-"&TEXT(DAY((($B$5+(25-1)*7+7)+4)),"00")&" "&CHOOSE(MONTH(($B$5+(25-1)*7+7)),"Ocak","Şubat","Mart","Nisan","Mayıs","Haziran","Temmuz","Ağustos","Eylül","Ekim","Kasım","Aralık"),TEXT(DAY(($B$5+(25-1)*7+7)),"00")&" "&CHOOSE(MONTH(($B$5+(25-1)*7+7)),"Ocak","Şubat","Mart","Nisan","Mayıs","Haziran","Temmuz","Ağustos","Eylül","Ekim","Kasım","Aralık")&" - "&TEXT(DAY((($B$5+(25-1)*7+7)+4)),"00")&" "&CHOOSE(MONTH((($B$5+(25-1)*7+7)+4)),"Ocak","Şubat","Mart","Nisan","Mayıs","Haziran","Temmuz","Ağustos","Eylül","Ekim","Kasım","Aralık")) -> 08-12 Mart | D34: EVET | E34: 2. DÖNEM ARA TATİL
A35: 26 | B35: =($B$5+(26-1)*7+7) -> 46461 | C35: =IF(MONTH(($B$5+(26-1)*7+7))=MONTH((($B$5+(26-1)*7+7)+4)),TEXT(DAY(($B$5+(26-1)*7+7)),"00")&"-"&TEXT(DAY((($B$5+(26-1)*7+7)+4)),"00")&" "&CHOOSE(MONTH(($B$5+(26-1)*7+7)),"Ocak","Şubat","Mart","Nisan","Mayıs","Haziran","Temmuz","Ağustos","Eylül","Ekim","Kasım","Aralık"),TEXT(DAY(($B$5+(26-1)*7+7)),"00")&" "&CHOOSE(MONTH(($B$5+(26-1)*7+7)),"Ocak","Şubat","Mart","Nisan","Mayıs","Haziran","Temmuz","Ağustos","Eylül","Ekim","Kasım","Aralık")&" - "&TEXT(DAY((($B$5+(26-1)*7+7)+4)),"00")&" "&CHOOSE(MONTH((($B$5+(26-1)*7+7)+4)),"Ocak","Şubat","Mart","Nisan","Mayıs","Haziran","Temmuz","Ağustos","Eylül","Ekim","Kasım","Aralık")) -> 15-19 Mart | D35: HAYIR
A36: 27 | B36: =($B$5+(27-1)*7+7) -> 46468 | C36: =IF(MONTH(($B$5+(27-1)*7+7))=MONTH((($B$5+(27-1)*7+7)+4)),TEXT(DAY(($B$5+(27-1)*7+7)),"00")&"-"&TEXT(DAY((($B$5+(27-1)*7+7)+4)),"00")&" "&CHOOSE(MONTH(($B$5+(27-1)*7+7)),"Ocak","Şubat","Mart","Nisan","Mayıs","Haziran","Temmuz","Ağustos","Eylül","Ekim","Kasım","Aralık"),TEXT(DAY(($B$5+(27-1)*7+7)),"00")&" "&CHOOSE(MONTH(($B$5+(27-1)*7+7)),"Ocak","Şubat","Mart","Nisan","Mayıs","Haziran","Temmuz","Ağustos","Eylül","Ekim","Kasım","Aralık")&" - "&TEXT(DAY((($B$5+(27-1)*7+7)+4)),"00")&" "&CHOOSE(MONTH((($B$5+(27-1)*7+7)+4)),"Ocak","Şubat","Mart","Nisan","Mayıs","Haziran","Temmuz","Ağustos","Eylül","Ekim","Kasım","Aralık")) -> 22-26 Mart | D36: HAYIR
A37: 28 | B37: =($B$5+(28-1)*7+7) -> 46475 | C37: =IF(MONTH(($B$5+(28-1)*7+7))=MONTH((($B$5+(28-1)*7+7)+4)),TEXT(DAY(($B$5+(28-1)*7+7)),"00")&"-"&TEXT(DAY((($B$5+(28-1)*7+7)+4)),"00")&" "&CHOOSE(MONTH(($B$5+(28-1)*7+7)),"Ocak","Şubat","Mart","Nisan","Mayıs","Haziran","Temmuz","Ağustos","Eylül","Ekim","Kasım","Aralık"),TEXT(DAY(($B$5+(28-1)*7+7)),"00")&" "&CHOOSE(MONTH(($B$5+(28-1)*7+7)),"Ocak","Şubat","Mart","Nisan","Mayıs","Haziran","Temmuz","Ağustos","Eylül","Ekim","Kasım","Aralık")&" - "&TEXT(DAY((($B$5+(28-1)*7+7)+4)),"00")&" "&CHOOSE(MONTH((($B$5+(28-1)*7+7)+4)),"Ocak","Şubat","Mart","Nisan","Mayıs","Haziran","Temmuz","Ağustos","Eylül","Ekim","Kasım","Aralık")) -> 29 Mart - 02 Nisan | D37: HAYIR
A38: 29 | B38: =($B$5+(29-1)*7+7) -> 46482 | C38: =IF(MONTH(($B$5+(29-1)*7+7))=MONTH((($B$5+(29-1)*7+7)+4)),TEXT(DAY(($B$5+(29-1)*7+7)),"00")&"-"&TEXT(DAY((($B$5+(29-1)*7+7)+4)),"00")&" "&CHOOSE(MONTH(($B$5+(29-1)*7+7)),"Ocak","Şubat","Mart","Nisan","Mayıs","Haziran","Temmuz","Ağustos","Eylül","Ekim","Kasım","Aralık"),TEXT(DAY(($B$5+(29-1)*7+7)),"00")&" "&CHOOSE(MONTH(($B$5+(29-1)*7+7)),"Ocak","Şubat","Mart","Nisan","Mayıs","Haziran","Temmuz","Ağustos","Eylül","Ekim","Kasım","Aralık")&" - "&TEXT(DAY((($B$5+(29-1)*7+7)+4)),"00")&" "&CHOOSE(MONTH((($B$5+(29-1)*7+7)+4)),"Ocak","Şubat","Mart","Nisan","Mayıs","Haziran","Temmuz","Ağustos","Eylül","Ekim","Kasım","Aralık")) -> 05-09 Nisan | D38: HAYIR
A39: 30 | B39: =($B$5+(30-1)*7+7) -> 46489 | C39: =IF(MONTH(($B$5+(30-1)*7+7))=MONTH((($B$5+(30-1)*7+7)+4)),TEXT(DAY(($B$5+(30-1)*7+7)),"00")&"-"&TEXT(DAY((($B$5+(30-1)*7+7)+4)),"00")&" "&CHOOSE(MONTH(($B$5+(30-1)*7+7)),"Ocak","Şubat","Mart","Nisan","Mayıs","Haziran","Temmuz","Ağustos","Eylül","Ekim","Kasım","Aralık"),TEXT(DAY(($B$5+(30-1)*7+7)),"00")&" "&CHOOSE(MONTH(($B$5+(30-1)*7+7)),"Ocak","Şubat","Mart","Nisan","Mayıs","Haziran","Temmuz","Ağustos","Eylül","Ekim","Kasım","Aralık")&" - "&TEXT(DAY((($B$5+(30-1)*7+7)+4)),"00")&" "&CHOOSE(MONTH((($B$5+(30-1)*7+7)+4)),"Ocak","Şubat","Mart","Nisan","Mayıs","Haziran","Temmuz","Ağustos","Eylül","Ekim","Kasım","Aralık")) -> 12-16 Nisan | D39: HAYIR
A40: 31 | B40: =($B$5+(31-1)*7+7) -> 46496 | C40: =IF(MONTH(($B$5+(31-1)*7+7))=MONTH((($B$5+(31-1)*7+7)+4)),TEXT(DAY(($B$5+(31-1)*7+7)),"00")&"-"&TEXT(DAY((($B$5+(31-1)*7+7)+4)),"00")&" "&CHOOSE(MONTH(($B$5+(31-1)*7+7)),"Ocak","Şubat","Mart","Nisan","Mayıs","Haziran","Temmuz","Ağustos","Eylül","Ekim","Kasım","Aralık"),TEXT(DAY(($B$5+(31-1)*7+7)),"00")&" "&CHOOSE(MONTH(($B$5+(31-1)*7+7)),"Ocak","Şubat","Mart","Nisan","Mayıs","Haziran","Temmuz","Ağustos","Eylül","Ekim","Kasım","Aralık")&" - "&TEXT(DAY((($B$5+(31-1)*7+7)+4)),"00")&" "&CHOOSE(MONTH((($B$5+(31-1)*7+7)+4)),"Ocak","Şubat","Mart","Nisan","Mayıs","Haziran","Temmuz","Ağustos","Eylül","Ekim","Kasım","Aralık")) -> 19-23 Nisan | D40: HAYIR
A41: 32 | B41: =($B$5+(32-1)*7+7) -> 46503 | C41: =IF(MONTH(($B$5+(32-1)*7+7))=MONTH((($B$5+(32-1)*7+7)+4)),TEXT(DAY(($B$5+(32-1)*7+7)),"00")&"-"&TEXT(DAY((($B$5+(32-1)*7+7)+4)),"00")&" "&CHOOSE(MONTH(($B$5+(32-1)*7+7)),"Ocak","Şubat","Mart","Nisan","Mayıs","Haziran","Temmuz","Ağustos","Eylül","Ekim","Kasım","Aralık"),TEXT(DAY(($B$5+(32-1)*7+7)),"00")&" "&CHOOSE(MONTH(($B$5+(32-1)*7+7)),"Ocak","Şubat","Mart","Nisan","Mayıs","Haziran","Temmuz","Ağustos","Eylül","Ekim","Kasım","Aralık")&" - "&TEXT(DAY((($B$5+(32-1)*7+7)+4)),"00")&" "&CHOOSE(MONTH((($B$5+(32-1)*7+7)+4)),"Ocak","Şubat","Mart","Nisan","Mayıs","Haziran","Temmuz","Ağustos","Eylül","Ekim","Kasım","Aralık")) -> 26-30 Nisan | D41: HAYIR
A42: 33 | B42: =($B$5+(33-1)*7+7) -> 46510 | C42: =IF(MONTH(($B$5+(33-1)*7+7))=MONTH((($B$5+(33-1)*7+7)+4)),TEXT(DAY(($B$5+(33-1)*7+7)),"00")&"-"&TEXT(DAY((($B$5+(33-1)*7+7)+4)),"00")&" "&CHOOSE(MONTH(($B$5+(33-1)*7+7)),"Ocak","Şubat","Mart","Nisan","Mayıs","Haziran","Temmuz","Ağustos","Eylül","Ekim","Kasım","Aralık"),TEXT(DAY(($B$5+(33-1)*7+7)),"00")&" "&CHOOSE(MONTH(($B$5+(33-1)*7+7)),"Ocak","Şubat","Mart","Nisan","Mayıs","Haziran","Temmuz","Ağustos","Eylül","Ekim","Kasım","Aralık")&" - "&TEXT(DAY((($B$5+(33-1)*7+7)+4)),"00")&" "&CHOOSE(MONTH((($B$5+(33-1)*7+7)+4)),"Ocak","Şubat","Mart","Nisan","Mayıs","Haziran","Temmuz","Ağustos","Eylül","Ekim","Kasım","Aralık")) -> 03-07 Mayıs | D42: HAYIR
A43: 34 | B43: =($B$5+(34-1)*7+7) -> 46517 | C43: =IF(MONTH(($B$5+(34-1)*7+7))=MONTH((($B$5+(34-1)*7+7)+4)),TEXT(DAY(($B$5+(34-1)*7+7)),"00")&"-"&TEXT(DAY((($B$5+(34-1)*7+7)+4)),"00")&" "&CHOOSE(MONTH(($B$5+(34-1)*7+7)),"Ocak","Şubat","Mart","Nisan","Mayıs","Haziran","Temmuz","Ağustos","Eylül","Ekim","Kasım","Aralık"),TEXT(DAY(($B$5+(34-1)*7+7)),"00")&" "&CHOOSE(MONTH(($B$5+(34-1)*7+7)),"Ocak","Şubat","Mart","Nisan","Mayıs","Haziran","Temmuz","Ağustos","Eylül","Ekim","Kasım","Aralık")&" - "&TEXT(DAY((($B$5+(34-1)*7+7)+4)),"00")&" "&CHOOSE(MONTH((($B$5+(34-1)*7+7)+4)),"Ocak","Şubat","Mart","Nisan","Mayıs","Haziran","Temmuz","Ağustos","Eylül","Ekim","Kasım","Aralık")) -> 10-14 Mayıs | D43: HAYIR
A44: 35 | B44: =($B$5+(35-1)*7+7) -> 46524 | C44: =IF(MONTH(($B$5+(35-1)*7+7))=MONTH((($B$5+(35-1)*7+7)+4)),TEXT(DAY(($B$5+(35-1)*7+7)),"00")&"-"&TEXT(DAY((($B$5+(35-1)*7+7)+4)),"00")&" "&CHOOSE(MONTH(($B$5+(35-1)*7+7)),"Ocak","Şubat","Mart","Nisan","Mayıs","Haziran","Temmuz","Ağustos","Eylül","Ekim","Kasım","Aralık"),TEXT(DAY(($B$5+(35-1)*7+7)),"00")&" "&CHOOSE(MONTH(($B$5+(35-1)*7+7)),"Ocak","Şubat","Mart","Nisan","Mayıs","Haziran","Temmuz","Ağustos","Eylül","Ekim","Kasım","Aralık")&" - "&TEXT(DAY((($B$5+(35-1)*7+7)+4)),"00")&" "&CHOOSE(MONTH((($B$5+(35-1)*7+7)+4)),"Ocak","Şubat","Mart","Nisan","Mayıs","Haziran","Temmuz","Ağustos","Eylül","Ekim","Kasım","Aralık")) -> 17-21 Mayıs | D44: HAYIR
A45: 36 | B45: =($B$5+(36-1)*7+7) -> 46531 | C45: =IF(MONTH(($B$5+(36-1)*7+7))=MONTH((($B$5+(36-1)*7+7)+4)),TEXT(DAY(($B$5+(36-1)*7+7)),"00")&"-"&TEXT(DAY((($B$5+(36-1)*7+7)+4)),"00")&" "&CHOOSE(MONTH(($B$5+(36-1)*7+7)),"Ocak","Şubat","Mart","Nisan","Mayıs","Haziran","Temmuz","Ağustos","Eylül","Ekim","Kasım","Aralık"),TEXT(DAY(($B$5+(36-1)*7+7)),"00")&" "&CHOOSE(MONTH(($B$5+(36-1)*7+7)),"Ocak","Şubat","Mart","Nisan","Mayıs","Haziran","Temmuz","Ağustos","Eylül","Ekim","Kasım","Aralık")&" - "&TEXT(DAY((($B$5+(36-1)*7+7)+4)),"00")&" "&CHOOSE(MONTH((($B$5+(36-1)*7+7)+4)),"Ocak","Şubat","Mart","Nisan","Mayıs","Haziran","Temmuz","Ağustos","Eylül","Ekim","Kasım","Aralık")) -> 24-28 Mayıs | D45: HAYIR
A46: 37 | B46: =($B$5+(37-1)*7+7) -> 46538 | C46: =IF(MONTH(($B$5+(37-1)*7+7))=MONTH((($B$5+(37-1)*7+7)+4)),TEXT(DAY(($B$5+(37-1)*7+7)),"00")&"-"&TEXT(DAY((($B$5+(37-1)*7+7)+4)),"00")&" "&CHOOSE(MONTH(($B$5+(37-1)*7+7)),"Ocak","Şubat","Mart","Nisan","Mayıs","Haziran","Temmuz","Ağustos","Eylül","Ekim","Kasım","Aralık"),TEXT(DAY(($B$5+(37-1)*7+7)),"00")&" "&CHOOSE(MONTH(($B$5+(37-1)*7+7)),"Ocak","Şubat","Mart","Nisan","Mayıs","Haziran","Temmuz","Ağustos","Eylül","Ekim","Kasım","Aralık")&" - "&TEXT(DAY((($B$5+(37-1)*7+7)+4)),"00")&" "&CHOOSE(MONTH((($B$5+(37-1)*7+7)+4)),"Ocak","Şubat","Mart","Nisan","Mayıs","Haziran","Temmuz","Ağustos","Eylül","Ekim","Kasım","Aralık")) -> 31 Mayıs - 04 Haziran | D46: HAYIR
A47: 38 | B47: =($B$5+(38-1)*7+7) -> 46545 | C47: =IF(MONTH(($B$5+(38-1)*7+7))=MONTH((($B$5+(38-1)*7+7)+4)),TEXT(DAY(($B$5+(38-1)*7+7)),"00")&"-"&TEXT(DAY((($B$5+(38-1)*7+7)+4)),"00")&" "&CHOOSE(MONTH(($B$5+(38-1)*7+7)),"Ocak","Şubat","Mart","Nisan","Mayıs","Haziran","Temmuz","Ağustos","Eylül","Ekim","Kasım","Aralık"),TEXT(DAY(($B$5+(38-1)*7+7)),"00")&" "&CHOOSE(MONTH(($B$5+(38-1)*7+7)),"Ocak","Şubat","Mart","Nisan","Mayıs","Haziran","Temmuz","Ağustos","Eylül","Ekim","Kasım","Aralık")&" - "&TEXT(DAY((($B$5+(38-1)*7+7)+4)),"00")&" "&CHOOSE(MONTH((($B$5+(38-1)*7+7)+4)),"Ocak","Şubat","Mart","Nisan","Mayıs","Haziran","Temmuz","Ağustos","Eylül","Ekim","Kasım","Aralık")) -> 07-11 Haziran | D47: HAYIR
A48: 39 | B48: =($B$5+(39-1)*7+7) -> 46552 | C48: =IF(MONTH(($B$5+(39-1)*7+7))=MONTH((($B$5+(39-1)*7+7)+4)),TEXT(DAY(($B$5+(39-1)*7+7)),"00")&"-"&TEXT(DAY((($B$5+(39-1)*7+7)+4)),"00")&" "&CHOOSE(MONTH(($B$5+(39-1)*7+7)),"Ocak","Şubat","Mart","Nisan","Mayıs","Haziran","Temmuz","Ağustos","Eylül","Ekim","Kasım","Aralık"),TEXT(DAY(($B$5+(39-1)*7+7)),"00")&" "&CHOOSE(MONTH(($B$5+(39-1)*7+7)),"Ocak","Şubat","Mart","Nisan","Mayıs","Haziran","Temmuz","Ağustos","Eylül","Ekim","Kasım","Aralık")&" - "&TEXT(DAY((($B$5+(39-1)*7+7)+4)),"00")&" "&CHOOSE(MONTH((($B$5+(39-1)*7+7)+4)),"Ocak","Şubat","Mart","Nisan","Mayıs","Haziran","Temmuz","Ağustos","Eylül","Ekim","Kasım","Aralık")) -> 14-18 Haziran | D48: HAYIR
A49: 40 | B49: =($B$5+(40-1)*7+7) -> 46559 | C49: =IF(MONTH(($B$5+(40-1)*7+7))=MONTH((($B$5+(40-1)*7+7)+4)),TEXT(DAY(($B$5+(40-1)*7+7)),"00")&"-"&TEXT(DAY((($B$5+(40-1)*7+7)+4)),"00")&" "&CHOOSE(MONTH(($B$5+(40-1)*7+7)),"Ocak","Şubat","Mart","Nisan","Mayıs","Haziran","Temmuz","Ağustos","Eylül","Ekim","Kasım","Aralık"),TEXT(DAY(($B$5+(40-1)*7+7)),"00")&" "&CHOOSE(MONTH(($B$5+(40-1)*7+7)),"Ocak","Şubat","Mart","Nisan","Mayıs","Haziran","Temmuz","Ağustos","Eylül","Ekim","Kasım","Aralık")&" - "&TEXT(DAY((($B$5+(40-1)*7+7)+4)),"00")&" "&CHOOSE(MONTH((($B$5+(40-1)*7+7)+4)),"Ocak","Şubat","Mart","Nisan","Mayıs","Haziran","Temmuz","Ağustos","Eylül","Ekim","Kasım","Aralık")) -> 21-25 Haziran | D49: HAYIR

Sheet TEMEL İMALAT İŞLEM 9A
C1: GÜNLÜK DERS PLANI
A3: DERS | B3: TEMEL İMALAT İŞLEMLERİ | F3: ALAN/DAL | G3: Makine ve Tasarım Teknolojisi Alanı
A4: SINIF | B4: AMP 9A | F4: DERS SAATİ | G4: 6 SAAT
A5: ÖĞRETMEN | B5: Ali Osman KOÇ | F5: DERS GÜNÜ SEÇ | G5: Cuma
A7: TARİH | B7: KONU | C7: KAZANIM | D7: GİRİŞ | E7: GELİŞME | F7: SONUÇ | G7: YÖNTEM VE TEKNİKLER | H7: ARAÇ VE GEREÇLER | I7: ÖLÇME-DEĞERLENDİRME
A8: =TAKVİM!$B$10+(MATCH($G$5,{"Pazartesi","Salı","Çarşamba","Perşembe","Cuma"},0)-1) -> 46283 | B8: EL İŞLEMLERİ - 1. Atölyede İş Güvenliği Tedbirleri | C8: 1. Atölyede iş güvenliği tedbirlerini alır. • Atölyede uyması gereken kurallar açıklanır. • Tezgâhlardan meydana gelebilecek iş kazaları açıklanır. • Çalışma sırasında meydana gelebilecek iş kazalarına karşı tedbirleri açıklanır. • İş güvenliği ve emniyet kuralları açıklanır. | D8: Öğretim yılının ilk dersi olduğu için önceki bir konu tekrarı yapılmaz; bunun yerine öğrencilerle kısa bir tanışma yapılır ve atölyeye ilk kez giren öğrencilerin dikkati, atölyedeki tezgâh ve makinelerin taşıdığı riskler üzerine çekilir. | E8: Öğrenciler atölyede gezdirilerek her tezgâh/bölüm tek tek tanıtılır; iş güvenliği uyarı levhaları ve tehlikeli bölgeler (hareketli aksam, elektrik panosu) gösterilir. Öğrencilere kişisel koruyucu donanım (gözlük, eldiven, iş önlüğü) dağıtılarak doğru kullanımı uygulamalı gösterilir. | F8: Öğrencilerden atölye kurallarını kendi cümleleriyle özetlemeleri istenir; kısa bir sözlü doğru-yanlış değerlendirmesiyle pekiştirme yapılır ve gelecek hafta atölye temizlik-düzeni ile KKD konusunun devam edeceği belirtilir. | G8: Gösteri, Soru-Cevap, Programlı Öğretim, Bireyselleştirilmiş Öğretim, Temrin Çalışmaları | H8: Temel İmalat Atölyesi, torna tezgahları, freze tezgahları, matkap tezgahları, kesici takımlar, akıllı tahta
A9: =TAKVİM!$B$11+(MATCH($G$5,{"Pazartesi","Salı","Çarşamba","Perşembe","Cuma"},0)-1) -> 46290 | B9: 1. Atölyede İş Güvenliği Tedbirleri | C9: 1. Atölyede iş güvenliği tedbirlerini alır. • Atölye temizlik ve düzeni açıklanır. • Yapılan işe uygun iş elbiseleri ve kişisel koruyucu donanımları hazırlatılır. • Yanıcı ve parlayıcı malzemelerin güvenli bir şekilde tutulması sağlanır. | D9: Geçen hafta işlenen genel iş güvenliği kuralları 2-3 soruyla kısaca hatırlatılır; bu hafta atölye temizliği, düzeni ve kişisel koruyucu donanımların ayrıntılarına odaklanılacağı söylenir. | E9: Atölyedeki yağ, talaş ve yanıcı-parlayıcı malzeme depolama alanları gösterilir; düzenli çalışma alanı oluşturma prensibi anlatılır. Öğrencilere iş elbisesi ve KKD giydirme uygulaması yaptırılır, yangın söndürme tüpünün yeri ve acil çıkış gösterilir. | F9: Öğrencilerden kendi tezgâh çevrelerini düzenlemeleri istenir, gözlemle kısa geri bildirim verilir. | G9: Gösteri, Soru-Cevap, Programlı Öğretim, Bireyselleştirilmiş Öğretim, Temrin Çalışmaları | H9: Temel İmalat Atölyesi, torna tezgahları, freze tezgahları, matkap tezgahları, kesici takımlar, akıllı tahta
A10: =TAKVİM!$B$12+(MATCH($G$5,{"Pazartesi","Salı","Çarşamba","Perşembe","Cuma"},0)-1) -> 46297 | B10: 2. Düzlem Yüzey Eğeleme | C10: 2. Verilen resme uygun olarak düzlem yüzey eğeleme yapar. • Eğe çeşitleri sıralanır. • İşi parçasını bağlama yöntemleri açıklanır. • Düzlem yüzey kontrol aletleri sıralanır. • Öğrencilerin doğru pozisyonda olmaları sağlanır. | D10: Eğeleme sırasında da güvenlik kurallarının geçerli olduğu (örn. dönen parça yokken eldiven takılabileceği) hatırlatılır; sınıfa düz, yarım yuvarlak, üçgen ve yassı eğe örnekleri getirilerek tanıtılır. | E10: Öğretmen önce mengeneye iş parçası bağlama işlemini, ardından doğru duruş ve eğe tutuşunu (iki elle, vücut açısıyla) gösterir; mihengir ile düzlem kontrolü örneklenir. Her öğrenci sırayla kendi iş parçasını mengeneye bağlar. | F10: Bir öğrencinin bağlama ve duruşu sınıfa örnek olarak gösterilir, görülen hatalar birlikte düzeltilir. | G10: Gösteri, Soru-Cevap, Programlı Öğretim, Bireyselleştirilmiş Öğretim, Temrin Çalışmaları | H10: Temel İmalat Atölyesi, torna tezgahları, freze tezgahları, matkap tezgahları, kesici takımlar, akıllı tahta
A11: =TAKVİM!$B$13+(MATCH($G$5,{"Pazartesi","Salı","Çarşamba","Perşembe","Cuma"},0)-1) -> 46304 | B11: 2. Düzlem Yüzey Eğeleme | C11: 2. Verilen resme uygun olarak düzlem yüzey eğeleme yapar. • Eğe çeşitleri sıralanır. • İşi parçasını bağlama yöntemleri açıklanır. • Düzlem yüzey kontrol aletleri sıralanır. • Öğrencilerin doğru pozisyonda olmaları sağlanır. | D11: Geçen hafta öğrenilen doğru duruş ve bağlama tekniği kısaca hatırlatılır; bu hafta gerçek parça üzerinde eğeleme uygulamasına geçileceği söylenir. | E11: Her öğrenciye standart bir çelik parça dağıtılır; düzlem yüzey eğeleme uygulaması öğretmen gözetiminde tek tek yaptırılır, mihengir ile ara kontroller yapılır, yanlış eğe açısı anında düzeltilir. | F11: Tamamlanan parçalar mihengirle kontrol edilip düzlük derecesine göre kısa sözlü geri bildirim verilir. | G11: Gösteri, Soru-Cevap, Programlı Öğretim, Bireyselleştirilmiş Öğretim, Temrin Çalışmaları | H11: Temel İmalat Atölyesi, torna tezgahları, freze tezgahları, matkap tezgahları, kesici takımlar, akıllı tahta
A12: =TAKVİM!$B$14+(MATCH($G$5,{"Pazartesi","Salı","Çarşamba","Perşembe","Cuma"},0)-1) -> 46311 | B12: 3. Markalama Yapma | C12: 3. Markalama ekipmanları ile verilen resme uygun olarak iş parçasını markalar. • Markalamanın amacı üzerinde durulur. • Markalama yöntemleri üzerinde durulur. | D12: Eğelemeden önce parça üzerine sınırların nasıl işaretleneceği sorulur; markalama kalemi, pergel, gönye ve nokta vurma çekici sınıfa getirilerek tanıtılır. | E12: Markalama boyası sürme, çizim aletleriyle imalat resmine göre çizgi çekme, pergelle daire/yay çizme ve nokta vurma çekiciyle işaretleri sabitleme adım adım gösterilir; öğrenciler kendi parçalarında markalama uygulaması yapar. | F12: Markalanan parçalar örnek resimle karşılaştırılır, ölçü sapmaları varsa birlikte incelenir. | G12: Gösteri, Soru-Cevap, Programlı Öğretim, Bireyselleştirilmiş Öğretim, Temrin Çalışmaları | H12: Temel İmalat Atölyesi, torna tezgahları, freze tezgahları, matkap tezgahları, kesici takımlar, akıllı tahta
A13: =TAKVİM!$B$15+(MATCH($G$5,{"Pazartesi","Salı","Çarşamba","Perşembe","Cuma"},0)-1) -> 46318 | B13: 4. Profil Yüzey Eğeleme | C13: 4. Verilen resme uygun olarak profil yüzey eğeleme işlemleri yapar. • Profil yüzey eğeleme yöntemlerini açıklanır. • Yüzey kontrol aletleri tanımlanır. • İç ve dış yüzey eğeleme yaptırılır. • Delik ve kanal eğeleme yaptırılır. • Eğe ile pah kırma işlemi yaptırılır. | D13: Geçen haftaki markalama çizgilerinin bu hafta profil eğeleme sınırlarını belirlediği hatırlatılır; profil kontrolünde kullanılacak radyus ve açı mastarları gösterilir. | E13: İç ve dış profil yüzeylerin eğelenmesi, delik/kanal içi eğeleme ve pah kırma teknikleri sırasıyla gösterilir; öğrenciler markaladıkları parça üzerinde profil eğeleme uygulaması yapar. | F13: Profil mastarıyla kontrol edilip uygunluk değerlendirilir; eksik kalan öğrencilere gelecek hafta tamamlama süresi verileceği söylenir. | G13: Gösteri, Soru-Cevap, Programlı Öğretim, Bireyselleştirilmiş Öğretim, Temrin Çalışmaları | H13: Temel İmalat Atölyesi, torna tezgahları, freze tezgahları, matkap tezgahları, kesici takımlar, akıllı tahta
A14: =TAKVİM!$B$16+(MATCH($G$5,{"Pazartesi","Salı","Çarşamba","Perşembe","Cuma"},0)-1) -> 46325 | B14: 4. Profil Yüzey Eğeleme | C14: 4. Verilen resme uygun olarak profil yüzey eğeleme işlemleri yapar. • Profil yüzey eğeleme yöntemlerini açıklanır. • Yüzey kontrol aletleri tanımlanır. • İç ve dış yüzey eğeleme yaptırılır. • Delik ve kanal eğeleme yaptırılır. • Eğe ile pah kırma işlemi yaptırılır. 29 EKİM Cumhuriyet Bayramı | D14: 29 Ekim Cumhuriyet Bayramı nedeniyle kısa bir haftaya girildiği hatırlatılır; geçen haftaki profil eğeleme uygulamasına kaldığı yerden devam edileceği belirtilir. | E14: Yarım kalan profil eğeleme parçaları öğrencilere tamamlattırılır; hatalı yüzeyler için ince eğe ile son pas verme tekniği gösterilir. | F14: Tamamlanan parçalar teslim alınıp genel bir değerlendirme yapılır. | G14: Gösteri, Soru-Cevap, Programlı Öğretim, Bireyselleştirilmiş Öğretim, Temrin Çalışmaları | H14: Temel İmalat Atölyesi, torna tezgahları, freze tezgahları, matkap tezgahları, kesici takımlar, akıllı tahta
A15: =TAKVİM!$B$17+(MATCH($G$5,{"Pazartesi","Salı","Çarşamba","Perşembe","Cuma"},0)-1) -> 46332 | B15: 5. Kesme İşlemleri Yapma | C15: 5. Verilen resme uygun olarak kesme işlemlerini yapar. • Testere ile kesmeyi tarif edilir. • Testere ile kesme yaparken kazalardan korunma açıklanır. • Keski ile kesme açıklanır. • Keski çeşitleri sıralanır. • Keski ile kesmede dikkat edilecek hususlar açıklanır. | D15: Eğelemeden önce büyük parçadan fazlalığın nasıl kesilerek uzaklaştırıldığı sorulur; el testeresi ve keski örnekleri sınıfa getirilir. | E15: El testeresiyle düz kesme, keskiyle yontma/kesme teknikleri gösterilir; kesme sırasında el ve göz güvenliği özellikle vurgulanır. Öğrenciler öğretmen gözetiminde kesme uygulaması yapar. | F15: Kesilen parçaların düzgünlüğü ölçüyle kontrol edilir. | G15: Gösteri, Soru-Cevap, Programlı Öğretim, Bireyselleştirilmiş Öğretim, Temrin Çalışmaları | H15: Temel İmalat Atölyesi, torna tezgahları, freze tezgahları, matkap tezgahları, kesici takımlar, akıllı tahta
A16: =TAKVİM!$B$18+(MATCH($G$5,{"Pazartesi","Salı","Çarşamba","Perşembe","Cuma"},0)-1) -> 46339 | B16: 5. Kesme İşlemleri Yapma | C16: 5. Verilen resme uygun olarak kesme işlemlerini yapar. • Testere lamasını testere koluna doğru olarak bağlatılır. • Güvenlik tedbirlerine dikkat ederek testere ile değişik kalınlık ve profildeki parçalar kestirilir. • Düz keski ile keskileme yaptırılır. • Kanal keskisi ile çeşitli kanallar açtırılır. • El makası ile saç kesme yaptırılır. • Kol makasları ile kesme yaptırılır. 10 KASIM Atatürk'ü Anma Günü ve Atatürk Haftası | D16: 10 Kasım Atatürk'ü Anma Günü nedeniyle kısa bir anma yapıldıktan sonra derse geçilir; geçen haftaki temel kesme tekniği hatırlatılır. | E16: Testere lamasının doğru yönde bağlanması gösterilir; yuvarlak, kare ve lama profildeki parçaların kesimi uygulanır. Ardından düz keski ve kanal keskisiyle keskileme, el makası ve kol makasıyla sac kesme teknikleri sırayla gösterilip yaptırılır. | F16: Farklı kesme yöntemleriyle elde edilen örnekler karşılaştırılarak hangi yöntemin hangi malzeme/şekil için uygun olduğu sınıfça tartışılır. | G16: Gösteri, Soru-Cevap, Programlı Öğretim, Bireyselleştirilmiş Öğretim, Temrin Çalışmaları | H16: Temel İmalat Atölyesi, torna tezgahları, freze tezgahları, matkap tezgahları, kesici takımlar, akıllı tahta
A17: =TAKVİM!$C$19 -> 16-20 Kasım | B17: 1.DÖNEM ARA TATİL
A18: =TAKVİM!$B$20+(MATCH($G$5,{"Pazartesi","Salı","Çarşamba","Perşembe","Cuma"},0)-1) -> 46353 | B18: MALZEME - 1. Malzeme Seçme | C18: 1. İşin özelliklerine göre uygun malzeme seçer. • Malzeme ve özellikleri açıklanır. • Metal ve metal alaşımlı malzemeler (Çelik, Alüminyum ve alaşımları, bakır ve alaşımları, dökme demir) üzerinde durulur. • Metal olmayan malzemeler (Plastik ve kompozit malzemeler) üzerinde durulur. | D18: Ara tatil dönüşü kısa bir 'atölye kurallarını hatırlıyor musunuz' sorusuyla derse ısınma yapılır; bu hafta yeni ünite olan malzeme bilgisine geçileceği söylenir. Sınıfa çelik, alüminyum, bakır, dökme demir ve plastik numuneler getirilir. | E18: Numuneler elden ele dolaştırılarak renk, ağırlık ve manyetiklik gibi ayırt edici özellikler gösterilir; metal ve metal olmayan malzemeler tahtada karşılaştırmalı tablo hâlinde sınıflandırılır. | F18: Öğrencilerden ellerindeki numuneyi tanımlamaları istenerek kısa bir tanıma uygulaması yapılır. | G18: Gösteri, Soru-Cevap, Programlı Öğretim, Bireyselleştirilmiş Öğretim, Temrin Çalışmaları | H18: Temel İmalat Atölyesi, torna tezgahları, freze tezgahları, matkap tezgahları, kesici takımlar, akıllı tahta
A19: =TAKVİM!$B$21+(MATCH($G$5,{"Pazartesi","Salı","Çarşamba","Perşembe","Cuma"},0)-1) -> 46360 | B19: 1. Malzeme Seçme | C19: 1. İşin özelliklerine göre uygun malzeme seçer. • İşe göre malzeme seçtirilir. • Çelik standart katalogları kullandırılır. • Çelik standartlarına göre malzeme seçtirilir. | D19: Geçen haftaki numunelerden çeliğin farklı türleri olduğu hatırlatılır; sınıfa standart çelik kataloğu getirilir. | E19: Çelik standart kataloğundan örnek okuma yapılır; verilen bir iş parçası için uygun çelik türünü kataloğdan seçme uygulaması grup çalışmasıyla yaptırılır. | F19: Gruplar seçtikleri malzemeyi gerekçeleriyle kısaca sınıfa sunar. | G19: Gösteri, Soru-Cevap, Programlı Öğretim, Bireyselleştirilmiş Öğretim, Temrin Çalışmaları | H19: Temel İmalat Atölyesi, torna tezgahları, freze tezgahları, matkap tezgahları, kesici takımlar, akıllı tahta
A20: =TAKVİM!$B$22+(MATCH($G$5,{"Pazartesi","Salı","Çarşamba","Perşembe","Cuma"},0)-1) -> 46367 | B20: 2. Malzemeyi Test Etme | C20: 2. Malzemeyi test eder. • Malzeme muayene yöntemleri açıklanır. • Sertlik ölçme tanımlanır. • Sertlik ölçme yöntemleri örneklerle açıklanır. • Malzeme muayene yöntemleri uygulanır. • Sertlik ölçme yöntemleriyle test yaptırılır. | D20: Aynı görünümdeki iki metalin sertliğinin farklı olabileceği sorusuyla dikkat çekilir; sertlik ölçümünde kullanılan araçlar (eğe testi, varsa sertlik ölçüm cihazı) tanıtılır. | E20: Malzeme muayene ve sertlik ölçme yöntemleri (eğe testi, çentik testi, cihazla ölçüm) sırayla gösterilir; farklı malzeme numuneleri üzerinde öğrencilerle birlikte test uygulaması yapılır. | F20: Elde edilen sertlik sonuçları bir tabloya işlenip birlikte yorumlanır. | G20: Gösteri, Soru-Cevap, Programlı Öğretim, Bireyselleştirilmiş Öğretim, Temrin Çalışmaları | H20: Temel İmalat Atölyesi, torna tezgahları, freze tezgahları, matkap tezgahları, kesici takımlar, akıllı tahta
A21: =TAKVİM!$B$23+(MATCH($G$5,{"Pazartesi","Salı","Çarşamba","Perşembe","Cuma"},0)-1) -> 46374 | B21: DELME VE VİDA İŞLEMLERİ - 1. Matkap Bileme | C21: 1. Bileme açılarına uygun olarak matkap ucunu biler. • Zımpara tezgâhlarının özellikleri açıklanır. • Zımpara tezgâhlarında çalışırken kullanılan koruyucu aletleri sıralanır. • Matkap bilemede dikkat edilecek kuralları açıklanır. • Zımpara taşı dayama tablasını kontrol eder ve ayar yaptırılır. • Güvenlik kurallarına dikkat ederek matkap ucunu, taşa doğru açılı tutarak biletilir. • Bilenen matkabın kontrolünü yaptırılır. • Bilemede soğutma sıvısı kullandırılır. | D21: Delik delmeden önce matkap ucunun neden keskin olması gerektiği sorulur; körelmiş ve keskin matkap uçları karşılaştırmalı olarak gösterilir. | E21: Zımpara tezgâhının güvenli kullanımı ile matkap bileme açısı ve tekniği öğretmen tarafından gösterilir; öğrenciler nezaret altında kendi matkap uçlarını biler, soğutma sıvısı kullanımı özellikle vurgulanır. | F21: Bilenen matkap uçları gözle/büyüteçle kontrol edilip simetriklik açısından değerlendirilir. | G21: Gösteri, Soru-Cevap, Programlı Öğretim, Bireyselleştirilmiş Öğretim, Temrin Çalışmaları | H21: Temel İmalat Atölyesi, torna tezgahları, freze tezgahları, matkap tezgahları, kesici takımlar, akıllı tahta
A22: =TAKVİM!$B$24+(MATCH($G$5,{"Pazartesi","Salı","Çarşamba","Perşembe","Cuma"},0)-1) -> 46381 | B22: 2. Delik Delme | C22: 2. Matkap tezgâhında verilen resme uygun olarak delik deler. • Matkap tezgâhları ve matkap çeşitleri açıklanır. • Matkap bilemede dikkat edilecek hususlar açıklanır. • Matkap tezgâhında soğutma sıvısı kullanarak çeşitli delik delme işlemleri yaptırılır. • Matkap tezgâhında havşa açtırılır. | D22: Geçen hafta bilenen matkap uçlarının bu hafta kullanılacağı hatırlatılır; matkap tezgâhının kısımları gösterilir. | E22: Matkap tezgâhında iş parçası bağlama, soğutma sıvısı kullanarak delik delme ve havşa açma işlemleri adım adım gösterilip öğrencilere uygulatılır. | F22: Delinen deliklerin ölçüsü kumpasla kontrol edilir. | G22: Gösteri, Soru-Cevap, Programlı Öğretim, Bireyselleştirilmiş Öğretim, Temrin Çalışmaları | H22: Temel İmalat Atölyesi, torna tezgahları, freze tezgahları, matkap tezgahları, kesici takımlar, akıllı tahta
A23: =TAKVİM!$B$25+(MATCH($G$5,{"Pazartesi","Salı","Çarşamba","Perşembe","Cuma"},0)-1) -> 46388 | B23: 2. Delik Delme | C23: 2. Matkap tezgâhında verilen resme uygun olarak delik deler. • Matkap tezgâhında soğutma sıvısı kullanarak çeşitli delik delme işlemleri yaptırılır. • Matkap tezgâhında havşa açtırılır. | D23: Yılın son haftası öncesinde bu döneme kadar delinen parçalar kısaca gözden geçirilir; bu hafta farklı çaplarda delik delme uygulamasına devam edileceği belirtilir. | E23: Farklı matkap çapları ile kademeli delik delme ve havşa açma uygulaması tekrarlanarak pekiştirilir. | F23: Dönem içi delik delme becerileri genel olarak değerlendirilip eksik kalan noktalar not edilir. | G23: Gösteri, Soru-Cevap, Programlı Öğretim, Bireyselleştirilmiş Öğretim, Temrin Çalışmaları | H23: Temel İmalat Atölyesi, torna tezgahları, freze tezgahları, matkap tezgahları, kesici takımlar, akıllı tahta
A24: =TAKVİM!$B$26+(MATCH($G$5,{"Pazartesi","Salı","Çarşamba","Perşembe","Cuma"},0)-1) -> 46395 | B24: 3. Rayba Çekme | C24: 3. Verilen resme uygun olarak raybalama yapar. • Rayba çeşitlerini sıralanır. • Raybalama da işlem sırasını açıklanır. • Güvenlik kurallarına dikkat ederek raybalama işlemleri yaptırır. | D24: Delinen bir deliğin bazen tam ölçüde ya da pürüzsüz olmayabileceği örneğiyle raybalamanın gerekliliği anlatılır; rayba örnekleri gösterilir. | E24: Rayba çeşitleri tanıtılır; delik ölçüsü kontrolü, yağlama ve düşük devirle çekme adımlarından oluşan raybalama işlem sırası gösterilir. Öğrenciler kendi deldikleri delikleri raybalar. | F24: Raybalanan deliklerin yüzey pürüzsüzlüğü ve ölçüsü kumpas/mastar ile kontrol edilir. | G24: Gösteri, Soru-Cevap, Programlı Öğretim, Bireyselleştirilmiş Öğretim, Temrin Çalışmaları | H24: Temel İmalat Atölyesi, torna tezgahları, freze tezgahları, matkap tezgahları, kesici takımlar, akıllı tahta
A25: =TAKVİM!$B$27+(MATCH($G$5,{"Pazartesi","Salı","Çarşamba","Perşembe","Cuma"},0)-1) -> 46402 | B25: 4. Elle Kılavuz Çekme | C25: 4. Verilen resme uygun olarak elle kılavuz çekme işlemleri yapar. • Vida çeşitleri sıralanır. • Kılavuzlar tanımlanır. • Kılavuzlar kısımlarını açıklanır. • Kılavuz çekmede dikkat edilecek hususlar açıklanır. • Öğrencilerin kılavuz kullanırken kesme yağı kullanmaları sağlanır. | D25: Bir somuna nasıl diş açıldığı sorulur; kılavuz kolu ve kılavuz seti sınıfa getirilerek tanıtılır. | E25: Kılavuzun kısımları tanıtılır; kesme yağı kullanarak dik ve düzgün kılavuz çekme tekniği gösterilir. Öğrenciler kendi deldikleri deliklere kılavuz çeker. | F25: Açılan dişler uygun bir cıvata ile denenerek kontrol edilir. | G25: Gösteri, Soru-Cevap, Programlı Öğretim, Bireyselleştirilmiş Öğretim, Temrin Çalışmaları | H25: Temel İmalat Atölyesi, torna tezgahları, freze tezgahları, matkap tezgahları, kesici takımlar, akıllı tahta
A26: =TAKVİM!$B$28+(MATCH($G$5,{"Pazartesi","Salı","Çarşamba","Perşembe","Cuma"},0)-1) -> 46409 | B26: 5. Elle Pafta Çekme | C26: 5. Verilen resme uygun olarak elle pafta çekme işlemleri yapar. • Paftayı tanımlar, pafta çeşitleri sıralanır. • Pafta çekmede işlem sırası açıklanır. • Paftayı doğru ağızlatır. • Öğrencilerin pafta kullanırken kesme yağı kullanmaları sağlanır. | D26: Kılavuzun iç diş açtığı hatırlatılarak, dış diş (cıvata dişi) açmak için paftanın kullanıldığı anlatılır; pafta seti gösterilir. | E26: Pafta çeşitleri, doğru ağızlama ve kesme yağı kullanarak pafta çekme tekniği gösterilir; öğrenciler silindirik çubuklara pafta çeker. | F26: Açılan dişler somunla denenir; 1. dönem sonu genel bir değerlendirme yapılır. | G26: Gösteri, Soru-Cevap, Programlı Öğretim, Bireyselleştirilmiş Öğretim, Temrin Çalışmaları | H26: Temel İmalat Atölyesi, torna tezgahları, freze tezgahları, matkap tezgahları, kesici takımlar, akıllı tahta
A27: =TAKVİM!$C$29 -> 25-29 Ocak | B27: YARI YIL TATİLİ
A28: =TAKVİM!$B$30+(MATCH($G$5,{"Pazartesi","Salı","Çarşamba","Perşembe","Cuma"},0)-1) -> 46430 | B28: TEMEL TORNALAMA İŞLEMLERİ - 1. Torna Tezgâhlarını Tanıma | C28: 1. Torna Tezgâhlarını tanır. • Torna tezgâhı tanımlanır. • Torna tezgâh çeşitlerini listelenir. • Torna tezgâhlarında iş güvenliği önlemleri örneklerle açıklanır. | D28: 2. dönemin ilk dersi olması nedeniyle 1. dönemde işlenen el aletleriyle imalatın kısa bir özeti yapılır; bu dönem torna tezgâhlarıyla imalatın öğrenileceği söylenir. Öğrenciler atölyedeki torna tezgâhına götürülür. | E28: Torna tezgâhının ana kısımları (ayna, punta, araba, kızak) tek tek gösterilir; tezgâh çeşitleri (üniversal, revolver) örneklerle anlatılır; bağlı kıyafet giymeme ve gözlük takma gibi iş güvenliği kuralları vurgulanır. | F28: Öğrencilerden tezgâh kısımlarını isimlendirmeleri istenerek kısa bir tanıma değerlendirmesi yapılır. | G28: Gösteri, Soru-Cevap, Programlı Öğretim, Bireyselleştirilmiş Öğretim, Temrin Çalışmaları | H28: Temel İmalat Atölyesi, torna tezgahları, freze tezgahları, matkap tezgahları, kesici takımlar, akıllı tahta
A29: =TAKVİM!$B$31+(MATCH($G$5,{"Pazartesi","Salı","Çarşamba","Perşembe","Cuma"},0)-1) -> 46437 | B29: 1. Torna Tezgâhlarını Tanıma | C29: 1. Torna Tezgâhlarını tanır. • Torna tezgâhı tanımlanır. • Torna tezgâh çeşitlerini listelenir. • Torna tezgâhlarında iş güvenliği önlemleri örneklerle açıklanır. | D29: Geçen hafta tanıtılan torna tezgâhı kısımları kısaca hatırlatılır; bu hafta tezgâhın çalıştırılmasına odaklanılacağı söylenir. | E29: Tezgâhın açılıp kapatılması, devir ayarı ve ilerleme kolu kullanımı öğretmen tarafından gösterilir; öğrenciler nezaret altında tezgâhı boşta çalıştırır. | F29: Her öğrencinin tezgâhı güvenli şekilde açıp kapatabildiği gözlemlenerek not edilir. | G29: Gösteri, Soru-Cevap, Programlı Öğretim, Bireyselleştirilmiş Öğretim, Temrin Çalışmaları | H29: Temel İmalat Atölyesi, torna tezgahları, freze tezgahları, matkap tezgahları, kesici takımlar, akıllı tahta
A30: =TAKVİM!$B$32+(MATCH($G$5,{"Pazartesi","Salı","Çarşamba","Perşembe","Cuma"},0)-1) -> 46444 | B30: 2. Kesici Takımları Hazırlamak ve Bağlama | C30: 2. Kesici takımlarını hazırlar ve bağlar. • Torna tezgâhında kullanılacak kesiciler sınıflandırılır. • Torna kesicileri malzemelerine göre sınıflandırılır. • Torna kesicilerini biçimlerine göre listeler, kaleme verilen kesme açıları açıklanır. | D30: Tornalama için 'bıçağın' (kalemin) nasıl olması gerektiği sorulur; alın, yan ve delik kalemi örnekleri sınıfa getirilir. | E30: Kalem malzemeleri (HSS, karbür uçlu) ve kesme açıları tanıtılır; kalemin kalem tutucuya punta ekseninde doğru yükseklikte bağlanması gösterilir. Öğrenciler kalem bağlama uygulaması yapar. | F30: Bağlanan kalemlerin punta eksenine göre doğru yükseklikte olup olmadığı birlikte kontrol edilir. | G30: Gösteri, Soru-Cevap, Programlı Öğretim, Bireyselleştirilmiş Öğretim, Temrin Çalışmaları | H30: Temel İmalat Atölyesi, torna tezgahları, freze tezgahları, matkap tezgahları, kesici takımlar, akıllı tahta
A31: =TAKVİM!$B$33+(MATCH($G$5,{"Pazartesi","Salı","Çarşamba","Perşembe","Cuma"},0)-1) -> 46451 | B31: 2. Kesici Takımları Hazırlamak ve Bağlama | C31: 2. Kesici takımlarını hazırlar ve bağlar. • Torna tezgâhında kullanılacak kesiciler sınıflandırılır. • Torna kesicileri malzemelerine göre sınıflandırılır. • Torna kesicilerini biçimlerine göre listeler, kaleme verilen kesme açıları açıklanır. | D31: Geçen haftaki kalem bağlama tekniği kısaca tekrarlanır; bu hafta farklı kalem tiplerinin hangi işlemde kullanılacağının üzerinde durulacağı belirtilir. | E31: Alın kalemi, yan kalem ve delik kaleminin kullanım yerleri karşılaştırmalı örneklerle gösterilir; öğrenciler farklı kalemleri sırayla bağlayıp sökme uygulaması yapar. | F31: Hangi kalemin hangi işlem için uygun olduğu sınıfça tartışılarak pekiştirilir. | G31: Gösteri, Soru-Cevap, Programlı Öğretim, Bireyselleştirilmiş Öğretim, Temrin Çalışmaları | H31: Temel İmalat Atölyesi, torna tezgahları, freze tezgahları, matkap tezgahları, kesici takımlar, akıllı tahta
A32: =TAKVİM!$C$34 -> 08-12 Mart | B32: 2. DÖNEM ARA TATİL
A33: =TAKVİM!$B$35+(MATCH($G$5,{"Pazartesi","Salı","Çarşamba","Perşembe","Cuma"},0)-1) -> 46465 | B33: 3. İş Parçalarını Bağlama | C33: 3. İş Parçalarını tezgâha bağlar. • İş parçasını tezgâha bağlama çeşitleri tarif edilir. • Bağlama araçları sınıflandırılır. • Komparatör ile iş parçasının salgı kontrolü açıklanır. • Emniyetli bağlama kuralları açıklanır. • Gerektiğinde bağlama aracı söktürülür veya taktırılır. • İş kalıplarını aynaya bağlatılır. | D33: Tatil sonrası kısa bir hatırlatmayla derse başlanır; iş parçasının torna aynasına nasıl bağlandığı sorulur, üç ayaklı ayna gösterilir. | E33: Ayna ayaklarının sıkılması ve komparatörle salgı kontrolü öğretmen tarafından gösterilir; öğrenciler kendi iş parçalarını aynaya bağlayıp salgı kontrolü yapar. | F33: Salgısı en düşük bağlanan parça örnek gösterilerek sınıfça değerlendirilir. | G33: Gösteri, Soru-Cevap, Programlı Öğretim, Bireyselleştirilmiş Öğretim, Temrin Çalışmaları | H33: Temel İmalat Atölyesi, torna tezgahları, freze tezgahları, matkap tezgahları, kesici takımlar, akıllı tahta
A34: =TAKVİM!$B$36+(MATCH($G$5,{"Pazartesi","Salı","Çarşamba","Perşembe","Cuma"},0)-1) -> 46472 | B34: 3. İş Parçalarını Bağlama | C34: 3. İş Parçalarını tezgâha bağlar. • İş parçasını tezgâha bağlama çeşitleri tarif edilir. • Bağlama araçları sınıflandırılır. • Komparatör ile iş parçasının salgı kontrolü açıklanır. • Emniyetli bağlama kuralları açıklanır. | D34: Geçen haftaki salgı kontrolü tekniği hatırlatılır; bu hafta farklı bağlama araçlarının (dört ayaklı ayna, mengene, iş kalıbı) tanıtılacağı söylenir. | E34: Dört ayaklı ayna ile merkezlenmemiş parça bağlama ve emniyetli bağlama kuralları gösterilir; öğrenciler farklı parçaları farklı yöntemlerle bağlama uygulaması yapar. | F34: Bağlama güvenliği açısından her öğrencinin parçası kontrol edilerek geri bildirim verilir. | G34: Gösteri, Soru-Cevap, Programlı Öğretim, Bireyselleştirilmiş Öğretim, Temrin Çalışmaları | H34: Temel İmalat Atölyesi, torna tezgahları, freze tezgahları, matkap tezgahları, kesici takımlar, akıllı tahta
A35: =TAKVİM!$B$37+(MATCH($G$5,{"Pazartesi","Salı","Çarşamba","Perşembe","Cuma"},0)-1) -> 46479 | B35: 4. İş Parçası Üzerinde Tornalama İşlemleri Yapma | C35: 4. İş parçası üzerinde tornalama işlemleri yapar. • Alın tornalama işlemi açıklanır. • Öğrencinin kesiciyi punta ekseninde bağlaması ve devir hesabı yapması sağlanır. • İlerleme hızına dikkat edilerek, alın tornalama işlemi yaptırılır. • Punta deliği açma tanımlanır. • Öğrenciye uygun devirle punta deliği açtırılır. | D35: Aynaya bağlanan parçanın yüzeyinin nasıl düzgünleştirileceği sorulur; bitmiş ve bitmemiş alın yüzeyi karşılaştırmalı olarak gösterilir. | E35: Devir hesabı yapılarak alın tornalama tekniği gösterilir, öğrenciler kendi parçalarında alın tornalama uygulaması yapar; ardından merkezleme matkabıyla punta deliği açma gösterilip uygulatılır. | F35: Tornalanan alın yüzeyi düzlük açısından kontrol edilir. | G35: Gösteri, Soru-Cevap, Programlı Öğretim, Bireyselleştirilmiş Öğretim, Temrin Çalışmaları | H35: Temel İmalat Atölyesi, torna tezgahları, freze tezgahları, matkap tezgahları, kesici takımlar, akıllı tahta
A36: =TAKVİM!$B$38+(MATCH($G$5,{"Pazartesi","Salı","Çarşamba","Perşembe","Cuma"},0)-1) -> 46486 | B36: 4. İş Parçası Üzerinde Tornalama İşlemleri Yapma | C36: 4. İş parçası üzerinde tornalama işlemleri yapar. • Silindirik tornalama işlemini açıklanır. • Uzun parçaları ayna punta arasında yapması gerektiği vurgulanır. • Salgı kontrolü yapılarak, uygun devirle silindirik tornalama işlemi yaptırılır. • Kademeli tornalamayı tanımlanır. • Uygun devir ve ilerleme ile kademeli tornalama yaptırılır. 23 NİSAN Ulusal Egemenlik ve Çocuk Bayramı | D36: 23 Nisan haftasına denk gelen bu haftada, geçen hafta açılan punta deliğinin uzun parça tornalamada kullanılacağı anlatılır; ayna-punta arası bağlama örneği gösterilir. | E36: Salgı kontrolüyle uygun devir seçilerek silindirik tornalama tekniği gösterilir; ardından farklı çaplarda kademe açma esasına dayanan kademeli tornalama uygulaması yaptırılır. | F36: Tornalanan silindirik ve kademeli yüzeyler kumpasla ölçülüp resme uygunluğu kontrol edilir. | G36: Gösteri, Soru-Cevap, Programlı Öğretim, Bireyselleştirilmiş Öğretim, Temrin Çalışmaları | H36: Temel İmalat Atölyesi, torna tezgahları, freze tezgahları, matkap tezgahları, kesici takımlar, akıllı tahta
A37: =TAKVİM!$B$39+(MATCH($G$5,{"Pazartesi","Salı","Çarşamba","Perşembe","Cuma"},0)-1) -> 46493 | B37: 4. İş Parçası Üzerinde Tornalama İşlemleri Yapma | C37: 4. İş parçası üzerinde tornalama işlemleri yapar. • Tornada kanal açma tanımlanır. • Devir hesabı yapılarak, soğutma sıvısı kullandırılır. • Tornada kanal açma işlemi yaptırılır. • Konik tornalama tanımlanır. • Konik hesabı yaptırılır. • Uygun devir ve ilerleme ile konik tornalama yaptırılır. | D37: Bir milin üzerine segman/rulman oturması için kanal gerektiği örneğiyle dikkat çekilir; kanal kalemi gösterilir. | E37: Devir ve soğutma sıvısı kullanılarak kanal açma tekniği gösterilir; ardından üst kızak açısı ayarlama ve konik hesabına dayanan konik tornalama anlatılıp uygulatılır. | F37: Açılan kanal ölçüsü ve konik açısı mastarla kontrol edilir. | G37: Gösteri, Soru-Cevap, Programlı Öğretim, Bireyselleştirilmiş Öğretim, Temrin Çalışmaları | H37: Temel İmalat Atölyesi, torna tezgahları, freze tezgahları, matkap tezgahları, kesici takımlar, akıllı tahta
A38: =TAKVİM!$B$40+(MATCH($G$5,{"Pazartesi","Salı","Çarşamba","Perşembe","Cuma"},0)-1) -> 46500 | B38: 4. İş Parçası Üzerinde Tornalama İşlemleri Yapma | C38: 4. İş parçası üzerinde tornalama işlemleri yapar. • Tırtıl çekme tanımlanır. • Tırtıl çekme işlemi yaptırılır. • Torna tezgâhında kılavuz ve pafta çekme açıklanır. • Torna tezgâhında kılavuz ve pafta çekme işlemi yaptırılır. | D38: Elle kavranacak parçalarda (tornavida sapı gibi) yüzeyin neden pürüzlendirildiği sorulur; tırtıl kalemi gösterilir. | E38: Tırtıl çekme tekniği gösterilip uygulatılır; ardından torna tezgâhında düşük devirle kılavuz ve pafta çekme (elle çekmeden farkı vurgulanarak) gösterilir ve öğrencilere uygulatılır. | F38: Tırtıllı yüzey ve açılan diş kalitesi gözle ve elle kontrol edilir; dönem içi torna becerileri genel olarak değerlendirilir. | G38: Gösteri, Soru-Cevap, Programlı Öğretim, Bireyselleştirilmiş Öğretim, Temrin Çalışmaları | H38: Temel İmalat Atölyesi, torna tezgahları, freze tezgahları, matkap tezgahları, kesici takımlar, akıllı tahta
A39: =TAKVİM!$B$41+(MATCH($G$5,{"Pazartesi","Salı","Çarşamba","Perşembe","Cuma"},0)-1) -> 46507 | B39: TEMEL FREZELEME İŞLEMLERİ - 1. Freze Tezgâhlarını Tanıma | C39: 1. Freze Tezgâhlarını tanır. • Freze Tezgâhlarını tanımlanır. • Freze tezgâhı çeşitlerini sınıflandırır. • Freze tezgâhı kısımları sıralanır. • Freze Tezgâhları çalışma sistemini açıklanır. • Freze tezgâhlarında uyulacak iş güvenliği kuralları sıralanır. | D39: Torna ile silindirik parça işlendiği hatırlatılarak, düz/köşeli yüzeyler için freze tezgâhının kullanılacağı söylenir; öğrenciler freze tezgâhına götürülür. | E39: Freze tezgâhının kısımları (tabla, mil, kafa), çeşitleri (yatay/dikey) ve çalışma sistemi gösterilir; dönen çakıya yaklaşmama ve koruyucu kullanma gibi iş güvenliği kuralları vurgulanır. | F39: Tezgâh kısımları isimlendirme sorularıyla pekiştirilir. | G39: Gösteri, Soru-Cevap, Programlı Öğretim, Bireyselleştirilmiş Öğretim, Temrin Çalışmaları | H39: Temel İmalat Atölyesi, torna tezgahları, freze tezgahları, matkap tezgahları, kesici takımlar, akıllı tahta
A40: =TAKVİM!$B$42+(MATCH($G$5,{"Pazartesi","Salı","Çarşamba","Perşembe","Cuma"},0)-1) -> 46514 | B40: 1. Freze Tezgâhlarını Tanıma | C40: 1. Freze Tezgâhlarını tanır. • Freze tezgâhı panosunu kullandırır. • Freze tezgâhında yapılabilecek işleri tasarlatır. • Freze tezgâhı devir sayısını ayarlatır. • Freze tezgâhı ilerleme hızını ayarlatır. • Freze tezgâhı tablasına mengene bağlatır. • Freze tezgâhına kesiciyi bağlatır. • Freze tezgâhının otomatik ayarlarını yaptırır. • Öğrenci freze tezgâhını çalıştırır. | D40: Geçen hafta tanıtılan freze tezgâhı kısımları hatırlatılır; bu hafta tezgâhın pratik kullanımına geçileceği belirtilir. | E40: Kontrol panosu, devir/ilerleme ayarı, mengene bağlama, kesici bağlama ve otomatik ilerleme ayarları öğretmen tarafından gösterilir; öğrenciler nezaret altında tezgâhı adım adım çalıştırır. | F40: Her öğrencinin tezgâhı güvenli şekilde başlatıp durdurabildiği gözlemlenir. | G40: Gösteri, Soru-Cevap, Programlı Öğretim, Bireyselleştirilmiş Öğretim, Temrin Çalışmaları | H40: Temel İmalat Atölyesi, torna tezgahları, freze tezgahları, matkap tezgahları, kesici takımlar, akıllı tahta
A41: =TAKVİM!$B$43+(MATCH($G$5,{"Pazartesi","Salı","Çarşamba","Perşembe","Cuma"},0)-1) -> 46521 | B41: 2. Kesicileri Bağlama | C41: 2. Kesicileri bağlar. • Freze çakıları biçimlerine göre tanıtılır ve kullanıldığı yerler açıklanır. • Freze çakılarını yapıldığı malzemelere göre sıralanır. • Freze çakılarını tezgâha bağlama tekniklerini açıklanır. • İşe uygun özellikte freze çakısı seçtirilir. • Çakıya uygun bağlama aracını seçtirilir. • Malafa ve başlığı tezgâha bağlatılır. • Dönüş yönünü dikkate alarak frezeyi takım tutucuya bağlatılır. 19 MAYIS Atatürk'ü Anma Gençlik ve Spor Bayramı | D41: 19 Mayıs haftasına denk gelen bu haftada, torna kaleminden farklı olarak frezede 'çakı' kullanıldığı hatırlatılır; parmak, disk ve köşe çakısı örnekleri sınıfa getirilir. | E41: Çakı malzemeleri ve kullanım yerleri anlatılır; malafa ve başlığa çakı bağlama, dönüş yönüne göre takım tutucuya bağlama teknikleri gösterilir. Öğrenciler çakı bağlama uygulaması yapar. | F41: Bağlanan çakının sıkılığı ve dönüş yönü birlikte kontrol edilir. | G41: Gösteri, Soru-Cevap, Programlı Öğretim, Bireyselleştirilmiş Öğretim, Temrin Çalışmaları | H41: Temel İmalat Atölyesi, torna tezgahları, freze tezgahları, matkap tezgahları, kesici takımlar, akıllı tahta
A42: =TAKVİM!$B$44+(MATCH($G$5,{"Pazartesi","Salı","Çarşamba","Perşembe","Cuma"},0)-1) -> 46528 | B42: 2. Kesicileri Bağlama | C42: 2. Kesicileri bağlar. • Freze çakıları biçimlerine göre tanıtılır ve kullanıldığı yerler açıklanır. • Freze çakılarını yapıldığı malzemelere göre sıralanır. • Freze çakılarını tezgâha bağlama tekniklerini açıklanır. | D42: Geçen hafta bağlanan çakı çeşitleri kısaca hatırlatılır; bu hafta farklı çakı-malzeme uyumuna odaklanılacağı belirtilir. | E42: Çelik ve alüminyum gibi farklı iş parçası malzemelerine göre uygun çakı seçimi karşılaştırmalı örneklerle gösterilir; öğrenciler seçim uygulaması yapar. | F42: Seçilen çakı-malzeme eşleşmeleri sınıfça tartışılarak değerlendirilir. | G42: Gösteri, Soru-Cevap, Programlı Öğretim, Bireyselleştirilmiş Öğretim, Temrin Çalışmaları | H42: Temel İmalat Atölyesi, torna tezgahları, freze tezgahları, matkap tezgahları, kesici takımlar, akıllı tahta
A43: =TAKVİM!$B$45+(MATCH($G$5,{"Pazartesi","Salı","Çarşamba","Perşembe","Cuma"},0)-1) -> 46535 | B43: 3. İş Parçalarını Bağlama | C43: 3. İş Parçalarını tezgâha bağlar. • İş parçalarını freze tezgâhına bağlama şekilleri örneklerle izah edilir. • Mengenenin tezgâha bağlanma teknikleri açıklanır. • Komparatör ile mengenenin tezgâha bağlanması örnekle açıklanır. • İşlerin tezgâha mengene ile bağlama tekniği açıklanır. • İşlerin tezgâha pabuç ve cıvatalarla bağlama tekniği açıklanır. | D43: Frezede parçanın torna aynası yerine mengeneyle bağlandığı hatırlatılır; freze mengenesi gösterilir. | E43: Mengenenin tezgâha bağlanması, komparatörle paralellik kontrolü, pabuç ve cıvatalarla doğrudan tabla bağlama teknikleri gösterilir; öğrenciler uygulama yapar. | F43: Bağlanan parçaların paralelliği komparatörle kontrol edilir. | G43: Gösteri, Soru-Cevap, Programlı Öğretim, Bireyselleştirilmiş Öğretim, Temrin Çalışmaları | H43: Temel İmalat Atölyesi, torna tezgahları, freze tezgahları, matkap tezgahları, kesici takımlar, akıllı tahta
A44: =TAKVİM!$B$46+(MATCH($G$5,{"Pazartesi","Salı","Çarşamba","Perşembe","Cuma"},0)-1) -> 46542 | B44: 3. İş Parçalarını Bağlama | C44: 3. İş Parçalarını tezgâha bağlar. • Özel bağlama kalıp ve araçlarıyla bağlama açıklanır. • Divizörle iş parçasını bağlama tarif eder. • Döner tablayla iş parçasını bağlama açıklanır. • Mengeneyi tezgâha bağlatılır. • Mengene paralelliğini komparatör ile kontrol ettirilir. • İşleri tezgâh mengenesine bağlatılır. • İşleri tezgâh tablasına pabuç ve cıvatalarla bağlatılır. • Divizörle iş parçasını bağlatılır. • Döner tablayla iş parçasını bağlatılır. | D44: Standart mengene dışında özel şekilli parçalar için başka bağlama yöntemleri gerektiği sorulur; divizör ve döner tabla gösterilir. | E44: Divizörle ve döner tablayla iş parçası bağlama teknikleri gösterilip öğrencilere uygulatılır. | F44: Yıl sonuna yaklaşırken öğrenilen bağlama yöntemleri genel olarak gözden geçirilir. | G44: Gösteri, Soru-Cevap, Programlı Öğretim, Bireyselleştirilmiş Öğretim, Temrin Çalışmaları | H44: Temel İmalat Atölyesi, torna tezgahları, freze tezgahları, matkap tezgahları, kesici takımlar, akıllı tahta
A45: =TAKVİM!$B$47+(MATCH($G$5,{"Pazartesi","Salı","Çarşamba","Perşembe","Cuma"},0)-1) -> 46549 | B45: 4. Frezeleme İşlemleri Yapma | C45: 4. Frezeleme işlemleri yapar. • Düzlem yüzey frezeleme tekniği açıklanır. • İmalat resmine uygunluğunu, kumpas ve gönye ile kontrolü açıklanır. • Freze çakısı seçtirilir. • Freze çakılarını freze tezgâhına malafa ile bağlatılır. • İş parçalarını özelliklerine uygun bağlama araçları ile freze tezgâhına bağlatılır. • İşe uygun talaş derinliği ve ilerleme ayarı yaptırılır. • İş parçası malzemesine göre soğutma sıvısı kullandırılır. • İşin imalat resmine uygunluğunu, ölçme ve kontrolü yaptırılır. | D45: Şimdiye kadar tezgâh tanıma ve bağlamanın öğrenildiği, bu hafta gerçek frezeleme işlemine geçileceği söylenir. | E45: Düzlem yüzey frezeleme tekniği, çakı seçimi, talaş derinliği/ilerleme ayarı ve soğutma sıvısı kullanımı gösterilir; öğrenciler kendi parçalarında düzlem yüzey frezeleme uygulaması yapar. | F45: Frezelenen yüzey kumpas ve gönye ile kontrol edilir. | G45: Gösteri, Soru-Cevap, Programlı Öğretim, Bireyselleştirilmiş Öğretim, Temrin Çalışmaları | H45: Temel İmalat Atölyesi, torna tezgahları, freze tezgahları, matkap tezgahları, kesici takımlar, akıllı tahta
A46: =TAKVİM!$B$48+(MATCH($G$5,{"Pazartesi","Salı","Çarşamba","Perşembe","Cuma"},0)-1) -> 46556 | B46: 4. Frezeleme İşlemleri Yapma | C46: 4. Frezeleme işlemleri yapar. • Eğik yüzey frezeleme tanımlanır. • Eğik yüzeye göre freze çakısı seçme açıklanır. • Eğik yüzey frezeleme tekniği açıklanır. • Düşey ve eğik yüzeylerin frezelenmesinde dikkat edilecek kuralları açıklanır. • Eğik yüzey frezeleme için işleri freze tablasına bağlatır. • Yüzeyin durumuna göre freze çakısı seçtirilir. • İşe uygun tezgâh ayarı yaptırılır. • Keskin yüzeylere pah kırdırılır. • Ölçme ve kontrol yaptırılır. | D46: Geçen hafta düzlem yüzey işlendiği hatırlatılır; bu hafta eğik/açılı yüzeylerin nasıl frezeleneceği sorulur. | E46: Eğik yüzey frezeleme için tabla açısı ayarlama, uygun çakı seçimi ve pah kırma teknikleri gösterilir; öğrenciler uygulama yapar. | F46: Eğik yüzey açısı açı mastarıyla kontrol edilir. | G46: Gösteri, Soru-Cevap, Programlı Öğretim, Bireyselleştirilmiş Öğretim, Temrin Çalışmaları | H46: Temel İmalat Atölyesi, torna tezgahları, freze tezgahları, matkap tezgahları, kesici takımlar, akıllı tahta
A47: =TAKVİM!$B$49+(MATCH($G$5,{"Pazartesi","Salı","Çarşamba","Perşembe","Cuma"},0)-1) -> 46563 | B47: 4. Frezeleme İşlemleri Yapma | C47: 4. Frezeleme işlemleri yapar. • Kanal açmak için iş parçasını, freze tezgâhı tablasına bağlama yöntemi açıklanır. • Parmak freze ile cep açma açıklanır. • Kanal açma için işi tablaya bağlatılır. • Kanal durumu ve büyüklüğüne göre kanal freze çakısı seçtirir. • Kanal açtırılır. • Ölçme ve kontrol yaptırılır. | D47: Yılın son haftası olduğu, bugüne kadar öğrenilen tüm işlemlerin (eğeleme, delme, tornalama, frezeleme) kısa bir özetiyle derse başlanacağı söylenir. | E47: Kanal açmak için iş bağlama, kanal freze çakısı seçimi ve parmak freze ile cep açma teknikleri gösterilip öğrencilere son bir uygulama yaptırılır. | F47: Yıl boyunca yapılan parçalar toplu olarak değerlendirilir, öğrencilere yıl sonu dönütü verilir. | G47: Gösteri, Soru-Cevap, Programlı Öğretim, Bireyselleştirilmiş Öğretim, Temrin Çalışmaları | H47: Temel İmalat Atölyesi, torna tezgahları, freze tezgahları, matkap tezgahları, kesici takımlar, akıllı tahta
A51: Ali Osman KOÇ | F51: AHMET AÇAR
A52: Alan Şefi / Öğretmen | F52: Okul Müdürü
A54: …./…./20… | F54: UYGUNDUR

Sheet MESLEKİ GELİŞİM AT 9A
C1: GÜNLÜK DERS PLANI
A3: DERS | B3: MESLEKİ GELİŞİM ATÖLYESİ | F3: ALAN/DAL | G3: Makine ve Tasarım Teknolojisi Alanı
A4: SINIF | B4: AMP 9A | F4: DERS SAATİ | G4: 2 SAAT
A5: ÖĞRETMEN | B5: Ali Osman KOÇ | F5: DERS GÜNÜ SEÇ | G5: Cuma
A7: TARİH | B7: KONU | C7: KAZANIM | D7: GİRİŞ | E7: GELİŞME | F7: SONUÇ | G7: YÖNTEM VE TEKNİKLER | H7: ARAÇ VE GEREÇLER | I7: ÖLÇME-DEĞERLENDİRME
A8: =TAKVİM!$B$10+(MATCH($G$5,{"Pazartesi","Salı","Çarşamba","Perşembe","Cuma"},0)-1) -> 46283 | B8: MESLEK ETİĞİ VE AHİLİK - 1. Kurallar ve İşlevi | C8: 1. Kuralların gerekliliğini ve işlevini toplumsal fayda açısından tartışır. • Sınıf ortamında sunum yapmalarına yönelik bir etkinlik planlanarak öğrencilerin iletişim engellerini deneyimlemeleri sağlanır. • Öğrencilerin, etkili iletişim için sınıfta uyulması gereken kurallara arkadaşlarıyla birlikte karar vermeleri sağlanır. • Öğrencilerle birlikte oluşturulacak sınıf anlaşmasının görünür ve kalıcı olması için gerekli önlemler alınır. | D8: Öğretim yılının ilk dersi olduğu için önceki bir konu tekrarı yapılmaz; bunun yerine öğrencilere kısaca kendilerini tanıtmaları için söz verilir ve sınıfta neden ortak kurallara ihtiyaç duyulduğu sorusu ile derse başlanır. | E8: Öğrencilerden kısa süreli sunum yapmaları istenerek bir iletişim engeli yaşama deneyimi yaşatılır; ardından bu deneyim üzerinden etkili iletişim için sınıfta uyulması gereken kurallar öğrencilerle birlikte tartışılarak belirlenir ve panoya asılacak bir 'sınıf anlaşması' hazırlanır. | F8: Hazırlanan sınıf anlaşması yüksek sesle okunup tüm öğrencilerin onayı alınır; anlaşmanın sınıfta görünür bir yere asılacağı belirtilir. | G8: Soru-Cevap, Grup Çalışması, Tartışma, Proje Tabanlı Öğrenme, Bireyselleştirilmiş Öğretim | H8: Etkileşimli tahta/projeksiyon, mesleki gelişim dersi tasarım odaklı çalışma defteri, internet, kütüphane
A9: =TAKVİM!$B$11+(MATCH($G$5,{"Pazartesi","Salı","Çarşamba","Perşembe","Cuma"},0)-1) -> 46290 | B9: 2. Meslek Etiği ve Ahilik İle İlgili Temel Kavramlar | C9: 2. Meslek etiği ve ahilik ile ilgili temel kavramları ve ahilik ilkelerini açıklar. • Meslek etiği ve ahilik ile ilgili temel kavram ve ilkelerin görselleri sınıfta paylaşılarak bu kavramların hayatımızdaki yeri tartışılır. • Öğrencilerin, meslek etiği ve ahilik ile ilgili örnek hikâyelerden hareketle ahilik ve meslek etiği ilkelerini kavraması sağlanır. | D9: Geçen hafta oluşturulan sınıf anlaşması kısaca hatırlatılır; bu hafta bu kuralların temelinde yatan 'meslek etiği' ve 'ahilik' kavramlarının işleneceği söylenir. | E9: Meslek etiği ve ahilikle ilgili görseller sınıfta projeksiyonla paylaşılır ve bu kavramların günlük hayattaki karşılıkları tartışılır; ardından ahilikle ilgili kısa bir örnek hikâye okunarak öğrencilerin ilkeleri kendi cümleleriyle ifade etmesi sağlanır. | F9: Öğrencilerden hikâyeden çıkardıkları bir ilkeyi tahtaya yazmaları istenir, sınıfça kısaca değerlendirilir. | G9: Soru-Cevap, Grup Çalışması, Tartışma, Proje Tabanlı Öğrenme, Bireyselleştirilmiş Öğretim | H9: Etkileşimli tahta/projeksiyon, mesleki gelişim dersi tasarım odaklı çalışma defteri, internet, kütüphane
A10: =TAKVİM!$B$12+(MATCH($G$5,{"Pazartesi","Salı","Çarşamba","Perşembe","Cuma"},0)-1) -> 46297 | B10: 3. Ahiliğin Tarihsel Gelişimi | C10: 3. Geçmişten günümüze meslek kuruluşları ve ahiliğin tarihsel gelişimini açıklar. • Sınıfta ahilik teşkilatını anlatan örnek bir video izletilerek öğrencilerin ahiliğin temel ilke ve amaçlarını açıklaması sağlanır. • Öğrencilerden, ahiliğin tarihçesi hakkında araştırma yapmaları ve elde ettikleri bilgileri sınıfta sunmaları istenir. | D10: Geçen hafta öğrenilen ahilik ilkeleri kısaca hatırlatılır; bu hafta ahiliğin tarihsel kökenlerinin inceleneceği söylenir. | E10: Sınıfta ahilik teşkilatını anlatan kısa bir video izletilir; video sonrası öğrencilerden ahiliğin temel ilke ve amaçlarını açıklamaları istenir. Ardından öğrencilere ahiliğin tarihçesiyle ilgili kısa bir araştırma görevi verilerek buldukları bilgileri sınıfta paylaşmaları sağlanır. | F10: Öğrenci sunumlarından çıkan ortak noktalar tahtada özetlenerek pekiştirme yapılır. | G10: Soru-Cevap, Grup Çalışması, Tartışma, Proje Tabanlı Öğrenme, Bireyselleştirilmiş Öğretim | H10: Etkileşimli tahta/projeksiyon, mesleki gelişim dersi tasarım odaklı çalışma defteri, internet, kütüphane
A11: =TAKVİM!$B$13+(MATCH($G$5,{"Pazartesi","Salı","Çarşamba","Perşembe","Cuma"},0)-1) -> 46304 | B11: İŞ SAĞLIĞI VE GÜVENLİĞİ - 1. Tasarım Odaklı Düşünme | C11: 1. Tasarım odaklı düşünme yaklaşımının ilkelerini ve basamaklarını kullanır. • Öğrencilerin, tasarım odaklı düşünmenin temel ilkelerini kavramaları sağlanır. • Öğrenciler, ders dışı zamanlarda da süreci takip etmeleri için teşvik edilir. | D11: Ahilikte ustanın çırağa iş öğretme yönteminin aslında bir 'problem çözme' yaklaşımı olduğu vurgulanarak yeni ünite olan tasarım odaklı düşünmeye geçiş yapılır. | E11: Tasarım odaklı düşünmenin aşamaları (empati kurma, tanımlama, fikir üretme, prototip, test) örnek bir günlük hayat problemi üzerinden adım adım anlatılır; öğrencilere basit bir problem verilerek grup hâlinde ilk iki aşamayı (empati-tanımlama) uygulamaları istenir. | F11: Gruplardan problemi nasıl tanımladıkları kısaca sorulur; sürecin ders dışında da takip edilebileceği hatırlatılır. | G11: Soru-Cevap, Grup Çalışması, Tartışma, Proje Tabanlı Öğrenme, Bireyselleştirilmiş Öğretim | H11: Etkileşimli tahta/projeksiyon, mesleki gelişim dersi tasarım odaklı çalışma defteri, internet, kütüphane
A12: =TAKVİM!$B$14+(MATCH($G$5,{"Pazartesi","Salı","Çarşamba","Perşembe","Cuma"},0)-1) -> 46311 | B12: 2. İş Sağlığı ve Güvenliğini Tehdit Eden Unsurlar | C12: 2. İş yerinde sağlık ve güvenliği tehdit eden unsurları ve giderici tedbirleri açıklar. • İş sağlığı ve güvenliği ile ilgili bir senaryo üzerinden işyerinde sağlık ve güvenliği tehdit eden unsurları analiz etmeleri sağlanır. • Öğrencilerden, iş sağlığı ve güvenliğine uygun şartlar için dikkate alınması gereken unsurları bir sunumla açıklamaları istenir. | D12: Geçen hafta başlanan tasarım odaklı düşünme sürecinin iş sağlığı ve güvenliği alanında da kullanılabileceği söylenerek yeni konuya bağlanılır. | E12: İş sağlığı ve güvenliğini tehdit eden unsurları içeren kısa bir senaryo metni sınıfta okunur; öğrenciler gruplar hâlinde senaryodaki riskleri analiz eder ve bulgularını kısa bir sunumla sınıfa aktarır. | F12: Sunulan riskler ortak bir listede toplanarak hangilerinin atölyede de geçerli olduğu tartışılır. | G12: Soru-Cevap, Grup Çalışması, Tartışma, Proje Tabanlı Öğrenme, Bireyselleştirilmiş Öğretim | H12: Etkileşimli tahta/projeksiyon, mesleki gelişim dersi tasarım odaklı çalışma defteri, internet, kütüphane
A13: =TAKVİM!$B$15+(MATCH($G$5,{"Pazartesi","Salı","Çarşamba","Perşembe","Cuma"},0)-1) -> 46318 | B13: 3. İş Yerinde Ortaya Çıkabilecek Kaza, Yaralanma ve Yangınlara Karşı Alınması Gereken Tedbirler | C13: 3. İş yerinde ortaya çıkabilecek kaza, yaralanma ve yangınlara karşı alınması gereken tedbirleri açıklar. • Öğrencilerin, gözlem, görüşme gibi veri toplama yöntemleriyle iş yerlerinde veya atölyelerde alınan tedbirler hakkında bilgi sahibi olmaları sağlanır. | D13: Geçen haftaki risk analizi hatırlatılarak, bu hafta bu risklerin kaza/yaralanma/yangına dönüşmemesi için alınan tedbirlerin araştırılacağı söylenir. | E13: Öğrenciler küçük gruplara ayrılır; her grup okuldaki atölyelerden birini gözlemleyip orada alınan güvenlik tedbirlerini not eder (yangın tüpü, acil çıkış, ilk yardım dolabı vb.), gerekirse atölye sorumlusuyla kısa bir görüşme yapar. | F13: Gruplar topladıkları bilgileri sınıfta kısaca paylaşır, eksik gördükleri bir tedbir varsa not edilir. | G13: Soru-Cevap, Grup Çalışması, Tartışma, Proje Tabanlı Öğrenme, Bireyselleştirilmiş Öğretim | H13: Etkileşimli tahta/projeksiyon, mesleki gelişim dersi tasarım odaklı çalışma defteri, internet, kütüphane
A14: =TAKVİM!$B$16+(MATCH($G$5,{"Pazartesi","Salı","Çarşamba","Perşembe","Cuma"},0)-1) -> 46325 | B14: 4. Meslek Hastalıkları ve Alınması Gereken Önlemler | C14: 4. Meslek hastalıklarının sebeplerini, alınması gereken önlemleri açıklar. • Öğrencilerin, meslek hastalıkları ile ilgili bir senaryo aracılığıyla meslek hastalıkları ile güvenli atölye ortamı arasındaki ilişkiyi kavramaları sağlanır. 29 EKİM Cumhuriyet Bayramı | D14: 29 Ekim Cumhuriyet Bayramı nedeniyle kısa bir haftaya girildiği hatırlatılır; geçen haftaki güvenlik tedbirlerinin bu hafta meslek hastalıklarıyla ilişkilendirileceği söylenir. | E14: Meslek hastalıklarıyla ilgili kısa bir senaryo (örneğin uzun süre gürültülü ortamda çalışma) sınıfta okunur; öğrenciler bu senaryo üzerinden güvenli atölye ortamı ile meslek hastalıkları arasındaki ilişkiyi tartışır. | F14: Tartışmadan çıkan önlemler kısaca tahtaya listelenir. | G14: Soru-Cevap, Grup Çalışması, Tartışma, Proje Tabanlı Öğrenme, Bireyselleştirilmiş Öğretim | H14: Etkileşimli tahta/projeksiyon, mesleki gelişim dersi tasarım odaklı çalışma defteri, internet, kütüphane
A15: =TAKVİM!$B$17+(MATCH($G$5,{"Pazartesi","Salı","Çarşamba","Perşembe","Cuma"},0)-1) -> 46332 | B15: 5. Bireysel İSG Planlaması ile Öğrenme Sorumluluğu Alma | C15: • Bireysel olarak İSG ile ilgili fikirlerini planlayarak kendi öğrenmesinin sorumluluğunu alır. • İSG ile ilgili önlem ve tedbirleri artırmak için bir senaryodan yola çıkarak kendi önerilerini geliştirmeleri ve süreçte sorumluluk almaları sağlanır. | D15: Şimdiye kadar dışarıdan verilen senaryolarla çalışıldığı, bu hafta öğrencilerin kendi İSG önerilerini geliştireceği söylenir. | E15: Öğrencilere kısa bir senaryo verilerek, bu senaryodaki İSG sorununa yönelik kendi önerilerini bireysel olarak yazılı hâle getirmeleri istenir; ardından birkaç öğrenci önerisini sınıfla paylaşır. | F15: Paylaşılan öneriler arasındaki ortak noktalar vurgulanarak bireysel sorumluluk kavramı pekiştirilir. | G15: Soru-Cevap, Grup Çalışması, Tartışma, Proje Tabanlı Öğrenme, Bireyselleştirilmiş Öğretim | H15: Etkileşimli tahta/projeksiyon, mesleki gelişim dersi tasarım odaklı çalışma defteri, internet, kütüphane
A16: =TAKVİM!$B$18+(MATCH($G$5,{"Pazartesi","Salı","Çarşamba","Perşembe","Cuma"},0)-1) -> 46339 | B16: 6. İSG Grup Çalışmalarının Yazılı ve Sözlü İfadesi - 7. İSG Grup Çalışmalarında İşbirliğinin Önemi - 8. İSG Grup Çalışmalarında Ekip Ruhunun Önemi | C16: • İSG ile ilgili yapılan grup çalışmasında kendini yazılı ve sözlü ifade eder. • İSG ile ilgili yapılan grup çalışmasında arkadaşları ile iş birliği içinde çalışır. • İSG ile ilgili bir senaryo çerçevesinde kendisinin ve grup arkadaşlarının güçlü ve zayıf yanlarını belirler. 10 KASIM Atatürk'ü Anma Günü ve Atatürk Haftası | D16: 10 Kasım Atatürk'ü Anma Günü nedeniyle kısa bir anma yapıldıktan sonra derse geçilir; bu hafta İSG konusunun grup çalışmasıyla pekiştirileceği söylenir. | E16: Öğrenciler küçük gruplara ayrılarak bir İSG senaryosu üzerinde çalışır; her grup üyesinin görev alması sağlanır, grup içi güçlü/zayıf yönlerin belirlenmesi için kısa bir öz değerlendirme formu doldurulur. | F16: Gruplar çalışmalarını kısaca sözlü olarak sınıfa sunar; işbirliği ve ekip çalışmasının önemi vurgulanarak dönem içi ilk ünite tamamlanır. | G16: Soru-Cevap, Grup Çalışması, Tartışma, Proje Tabanlı Öğrenme, Bireyselleştirilmiş Öğretim | H16: Etkileşimli tahta/projeksiyon, mesleki gelişim dersi tasarım odaklı çalışma defteri, internet, kütüphane
A17: =TAKVİM!$C$19 -> 16-20 Kasım | B17: 1.DÖNEM ARA TATİL
A18: =TAKVİM!$B$20+(MATCH($G$5,{"Pazartesi","Salı","Çarşamba","Perşembe","Cuma"},0)-1) -> 46353 | B18: TEKNOLOJİK GELİŞMELER VE ENDÜSTRİYEL DÖNÜŞÜM - 1. Teknolojik Gelişmeler ve Endüstriyel Dönüşüm İle İlgili Kavramlar | C18: 1. Teknolojik gelişmeler ve endüstriyel dönüşüm ile ilgili kavramları açıklar. • Öğrencilerin, teknolojinin ne anlama geldiği üzerine verilen farklı görüşleri değerlendirerek kendi teknoloji tanımlarını bir e-posta yazarak açıklamaları sağlanır. • Öğrencilerin, farklı endüstriyel dönemlerdeki yenilikleri sınıflandırarak arkadaşları ile iş birliği içerisinde endüstriyel değişim ile ilgili kavramları açıklamaları sağlanır. | D18: Ara tatil dönüşü kısa bir hoş geldin sohbetinin ardından, cep telefonlarının 20 yıl önceki hâliyle şimdiki hâli karşılaştırılarak teknolojik değişim konusuna dikkat çekilir. | E18: Öğrencilerden kendi teknoloji tanımlarını kısa bir yazıyla (e-posta formatında) ifade etmeleri istenir; ardından farklı endüstriyel dönemlerdeki (buhar makinesi, elektrik, bilgisayar, dijitalleşme) yenilikler gruplar hâlinde sınıflandırılır. | F18: Gruplar oluşturdukları sınıflandırmayı kısaca paylaşır, ortak bir zaman çizelgesi oluşturulur. | G18: Soru-Cevap, Grup Çalışması, Tartışma, Proje Tabanlı Öğrenme, Bireyselleştirilmiş Öğretim | H18: Etkileşimli tahta/projeksiyon, mesleki gelişim dersi tasarım odaklı çalışma defteri, internet, kütüphane
A19: =TAKVİM!$B$21+(MATCH($G$5,{"Pazartesi","Salı","Çarşamba","Perşembe","Cuma"},0)-1) -> 46360 | B19: 2. Endüstriyel Değişimin ve Dönüşümün Tarihsel Gelişimi - 3. Dünyada ve Ülkemizdeki Teknolojik Gelişmeler | C19: 2. Geçmişten günümüze endüstriyel değişimin ve dönüşümün tarihsel gelişimini açıklar. 3. Ülkemizdeki ve dünyadaki teknolojik gelişmeleri değerlendirir. • Öğrencilerin, verilen metinler üzerinden farklı endüstriyel dönemleri değerlendirmeleri sağlanır. | D19: Geçen hafta oluşturulan endüstriyel dönemler zaman çizelgesi hatırlatılır; bu hafta bu dönemlerin tarihsel gelişiminin ayrıntılı inceleneceği söylenir. | E19: Endüstriyel dönemleri anlatan kısa metinler öğrencilere dağıtılır; öğrenciler bu metinleri okuyup kendi dönemlerini sınıfa özetler, ardından ülkemizdeki ve dünyadaki güncel teknolojik gelişmelerden örnekler tartışılır. | F19: Hangi dönemin günümüz endüstrisine en çok katkı sağladığı kısaca oylanır ve tartışılır. | G19: Soru-Cevap, Grup Çalışması, Tartışma, Proje Tabanlı Öğrenme, Bireyselleştirilmiş Öğretim | H19: Etkileşimli tahta/projeksiyon, mesleki gelişim dersi tasarım odaklı çalışma defteri, internet, kütüphane
A20: =TAKVİM!$B$22+(MATCH($G$5,{"Pazartesi","Salı","Çarşamba","Perşembe","Cuma"},0)-1) -> 46367 | B20: 4. Teknolojik Gelişmeler ve Endüstriyel Dönüşüm ile İlgili Grup Çalışması - 5. Teknolojik Gelişmeler ve Endüstriyel Dönüşüm ile İlgili İletişim Araçlarını Kullanma | C20: • Teknolojik gelişmeler ve endüstriyel dönüşüm ile ilgili farklı fikirleri ve düşünceleri dikkate alır. • Teknolojik gelişmeler ve endüstriyel dönüşüm ile ilgili verilen yönergeye uygun iletişim araçlarını kullanır. | D20: Geçen haftaki tartışmada farklı görüşlerin ortaya çıktığı hatırlatılarak, bu hafta farklı fikirleri dikkate almanın öneminin işleneceği söylenir. | E20: Öğrenciler küçük gruplara ayrılarak verilen bir yönergeye göre (poster, sunum, kısa video vb.) teknolojik gelişmeleri anlatan bir iletişim aracı hazırlar; farklı grupların farklı iletişim araçlarını seçmesi teşvik edilir. | F20: Gruplar hazırladıkları materyali kısaca tanıtır; hangi iletişim aracının hangi mesaj için daha etkili olduğu tartışılır. | G20: Soru-Cevap, Grup Çalışması, Tartışma, Proje Tabanlı Öğrenme, Bireyselleştirilmiş Öğretim | H20: Etkileşimli tahta/projeksiyon, mesleki gelişim dersi tasarım odaklı çalışma defteri, internet, kütüphane
A21: =TAKVİM!$B$23+(MATCH($G$5,{"Pazartesi","Salı","Çarşamba","Perşembe","Cuma"},0)-1) -> 46374 | B21: 6. Teknolojinin Kullanımı ile İlgili Sunu Hazırlama - 7. Teknolojik Gelişmeler ve Endüstriyel Dönüşüm ile İlgili Grup Çalışmaları ve İşbirliği | C21: • Teknolojinin kullanımı ile ilgili bir sunumda sözlü iletişimi destekleyen sözsüz iletişim unsurlarının önemini tartışır. • Teknolojik gelişmeler ve endüstriyel dönüşüm ile ilgili grup çalışmaları sırasında arkadaşları ile iş birliği içinde çalışır. | D21: Geçen hafta hazırlanan sunum materyalleri hatırlatılarak, bir sunumda sadece söylenen sözlerin değil beden dilinin de önemli olduğu sorusu ile dikkat çekilir. | E21: Kısa bir sunum videosu izletilerek sözsüz iletişim unsurları (göz teması, duruş, ses tonu) üzerinde durulur; öğrenciler gruplar hâlinde geçen haftaki materyallerini bu unsurları dikkate alarak yeniden sunar. | F21: Sunumlar sırasında gözlemlenen olumlu sözsüz iletişim örnekleri sınıfça paylaşılır. | G21: Soru-Cevap, Grup Çalışması, Tartışma, Proje Tabanlı Öğrenme, Bireyselleştirilmiş Öğretim | H21: Etkileşimli tahta/projeksiyon, mesleki gelişim dersi tasarım odaklı çalışma defteri, internet, kütüphane
A22: =TAKVİM!$B$24+(MATCH($G$5,{"Pazartesi","Salı","Çarşamba","Perşembe","Cuma"},0)-1) -> 46381 | B22: 8. Teknolojik Gelişmeler ve Endüstriyel Dönüşüm ile İlgili Fikir Planlama ve Öğrenme Sorumluluğu Alma - 9. Teknolojik Gelişmeler ve Endüstriyel Dönüşüm ile İlgili Grup Çalışmalarının Yazılı ve Sözlü İfadesi | C22: • Bireysel olarak teknolojik gelişmeler ve endüstriyel dönüşüm ile ilgili fikirlerini planlayarak kendi öğrenmesinin sorumluluğunu alır. • Teknolojik gelişmeler ve endüstriyel dönüşüm ile ilgili yapılan grup çalışmasında kendini ve öğrendiklerini yazılı ve sözlü ifade eder. | D22: Geçen haftaki grup sunumları hatırlatılarak, bu hafta bireysel öğrenme sorumluluğuna odaklanılacağı söylenir. | E22: Her öğrenciden teknolojik gelişmeler konusunda kendi ilgisini çeken bir alt başlığı seçip kısa bir plan yapması istenir; ardından grup çalışmasında öğrendiklerini hem yazılı hem sözlü olarak ifade etmeleri için kısa bir değerlendirme formu doldurulur. | F22: Birkaç öğrencinin planı sınıfla paylaşılır, geri bildirim verilir. | G22: Soru-Cevap, Grup Çalışması, Tartışma, Proje Tabanlı Öğrenme, Bireyselleştirilmiş Öğretim | H22: Etkileşimli tahta/projeksiyon, mesleki gelişim dersi tasarım odaklı çalışma defteri, internet, kütüphane
A23: =TAKVİM!$B$25+(MATCH($G$5,{"Pazartesi","Salı","Çarşamba","Perşembe","Cuma"},0)-1) -> 46388 | B23: 10. Teknolojinin Kullanımında Sözsüz İletişim Unsurlarının Analizi - 11. Teknolojik Gelişmeler ve Endüstriyel Dönüşüm ile İlgili Problem Çözme | C23: • Teknolojinin kullanımı ile ilgili örnek bir videoyu sözsüz iletişim unsurları açısından analiz eder. • Teknolojik gelişmeler ve endüstriyel dönüşüm ile ilgili problemleri çözer. | D23: Yıl sonuna yaklaşılırken, önceki haftalarda izlenen sunum videosu tekrar hatırlatılarak sözsüz iletişim unsurlarının daha ayrıntılı analiz edileceği söylenir. | E23: Teknolojinin kullanımıyla ilgili örnek bir video sözsüz iletişim unsurları açısından öğrencilerle birlikte analiz edilir; ardından teknolojik gelişmelerle ilgili küçük bir problem senaryosu verilerek çözüm yolları tartışılır. | F23: Bulunan çözüm yolları kısaca sınıfta paylaşılıp değerlendirilir. | G23: Soru-Cevap, Grup Çalışması, Tartışma, Proje Tabanlı Öğrenme, Bireyselleştirilmiş Öğretim | H23: Etkileşimli tahta/projeksiyon, mesleki gelişim dersi tasarım odaklı çalışma defteri, internet, kütüphane
A24: =TAKVİM!$B$26+(MATCH($G$5,{"Pazartesi","Salı","Çarşamba","Perşembe","Cuma"},0)-1) -> 46395 | B24: 12. Teknolojik Gelişmeler ve Endüstriyel Dönüşüm İle İlgili Benzerlik ve Farklılıkları Sınıflandırma | C24: • Teknolojik gelişmeler ve endüstriyel dönüşüm ile ilgili verilenleri benzerlik ve farklılıklara göre sınıflandırır. | D24: Geçen haftaki problem çözme çalışması hatırlatılarak, bu hafta farklı teknolojik gelişmelerin birbirleriyle karşılaştırılacağı söylenir. | E24: Öğrencilere farklı teknolojik gelişmeleri (ör. buhar makinesi - elektrikli motor - yapay zekâ) içeren kartlar dağıtılır; öğrenciler bu kartları benzerlik ve farklılıklarına göre gruplandırır. | F24: Yapılan sınıflandırmalar sınıfça karşılaştırılır, ortak bir sınıflandırma üzerinde uzlaşılır. | G24: Soru-Cevap, Grup Çalışması, Tartışma, Proje Tabanlı Öğrenme, Bireyselleştirilmiş Öğretim | H24: Etkileşimli tahta/projeksiyon, mesleki gelişim dersi tasarım odaklı çalışma defteri, internet, kütüphane
A25: =TAKVİM!$B$27+(MATCH($G$5,{"Pazartesi","Salı","Çarşamba","Perşembe","Cuma"},0)-1) -> 46402 | B25: ÇEVRE KORUMA - 1. Çevre ile İlgili Kavramlar | C25: 1. 'Azalt, yeniden kullan, geri dönüştür' ilkeleri çerçevesinde çevre ile ilgili kavramları açıklar. • Öğrencilerin grup çalışması hâlinde atık ve çöp kavramları üzerine düşünmeleri sağlanır. • Öğrencilerin, geri dönüşüm sembollerini, kodlarını ve işaretlerini fark ederek bunların temsil ettikleri anlamları kavramaları sağlanır. | D25: Teknolojik gelişmenin bir yandan da çevresel bir bedeli olduğu vurgulanarak yeni ünite olan çevre korumaya geçiş yapılır; sınıfa geri dönüşüm sembolü taşıyan birkaç ambalaj örneği getirilir. | E25: Öğrenciler gruplar hâlinde 'atık' ve 'çöp' kavramları arasındaki farkı tartışır; getirilen ambalaj örnekleri üzerindeki geri dönüşüm sembolleri ve kodları incelenerek anlamları çözülür. | F25: Her grup incelediği bir sembolü sınıfa tanıtır. | G25: Soru-Cevap, Grup Çalışması, Tartışma, Proje Tabanlı Öğrenme, Bireyselleştirilmiş Öğretim | H25: Etkileşimli tahta/projeksiyon, mesleki gelişim dersi tasarım odaklı çalışma defteri, internet, kütüphane
A26: =TAKVİM!$B$28+(MATCH($G$5,{"Pazartesi","Salı","Çarşamba","Perşembe","Cuma"},0)-1) -> 46409 | B26: 2. İnsan Faaliyetlerinin Çevre Kirliliğine Etkileri - 3. Üretilen Atığın Bireysel Sorumluluğu | C26: 2. İnsan faaliyetlerinin hava, su ve toprak kirliliğine etkisini açıklar. 3. Her bireyin ürettiği atığın sorumluluğunu almasının ülke ekonomisine ve yaban hayata katkısını araştırır. • Öğrencilerin atık yönetiminde öncelik sırası üzerine düşünmeleri sağlanır. | D26: Geçen hafta incelenen geri dönüşüm sembolleri hatırlatılarak, bu hafta atıkların çevreye etkisine odaklanılacağı söylenir. | E26: İnsan faaliyetlerinin hava, su ve toprak kirliliğine etkisini gösteren kısa örnekler (görsel/haber) üzerinden tartışma yapılır; ardından atık yönetiminde öncelik sırası (azalt-yeniden kullan-geri dönüştür) üzerine grup çalışması yapılır. | F26: Grupların oluşturduğu öncelik sıraları karşılaştırılıp ortak sonuçlara varılır; 1. dönem sonu genel bir değerlendirme yapılır. | G26: Soru-Cevap, Grup Çalışması, Tartışma, Proje Tabanlı Öğrenme, Bireyselleştirilmiş Öğretim | H26: Etkileşimli tahta/projeksiyon, mesleki gelişim dersi tasarım odaklı çalışma defteri, internet, kütüphane
A27: =TAKVİM!$C$29 -> 25-29 Ocak | B27: YARI YIL TATİLİ
A28: =TAKVİM!$B$30+(MATCH($G$5,{"Pazartesi","Salı","Çarşamba","Perşembe","Cuma"},0)-1) -> 46430 | B28: 4. Geri Dönüşüm Süreçleri - 5. Çevre Koruma ile İlgili Senaryo Çalışması - 6. Çevre Korumaya Yönelik Değerler | C28: • Çevresindeki ve kendi oluşturduğu atıkların farkına vararak geri dönüşüm süreçlerini açıklar. • Çevre koruma ile ilgili verilen senaryo çalışmasında kendini yazılı ve sözlü olarak ifade eder. • Sahip olduğu değerlerin çevre korumaya yönelik davranışlarına etkisini fark eder. | D28: Yarıyıl tatili dönüşü kısa bir hoş geldin sohbetiyle derse başlanır; geçen dönem sonunda işlenen atık yönetimi önceliği kısaca hatırlatılarak geri dönüşüm süreçlerine geçileceği söylenir. | E28: Öğrencilerden kendi evlerinde/çevrelerinde oluşturdukları atıkları düşünmeleri istenir; geri dönüşüm süreçleri anlatılır. Ardından çevre koruma temalı bir senaryo verilerek öğrencilerin kendilerini yazılı ve sözlü ifade etmesi sağlanır. | F28: Öğrencilerden çevre korumaya yönelik kendi değerlerini (tutum ve davranışlarını) kısaca yazmaları istenir. | G28: Soru-Cevap, Grup Çalışması, Tartışma, Proje Tabanlı Öğrenme, Bireyselleştirilmiş Öğretim | H28: Etkileşimli tahta/projeksiyon, mesleki gelişim dersi tasarım odaklı çalışma defteri, internet, kütüphane
A29: =TAKVİM!$B$31+(MATCH($G$5,{"Pazartesi","Salı","Çarşamba","Perşembe","Cuma"},0)-1) -> 46437 | B29: 7. Çevre Koruma ile İlgili Münazara - 8. Grup Çalışmasında Zamanı Etkili Kullanma ve İşbirliğinin Önemi - 9. Çevre Koruma ile İlgili Bireysel Öğrenme Sorumluluğu - 10. Çevre Koruma ile İlgili Problem ve Çözüm Yolları - 11. Çevre Koruma ile İlgili Verilerde Sınıflandırma - 12. Çevre Koruma ile İlgili Yenilikçi Düşünmeyle Strateji Geliştirme - 13. Çevre Koruma ile İlgili Problemin Analizi - 14. Çevre Koruma ile İlgili Problemin Neden Sonuç İlişkisi ile Çözümü | C29: • Çevre koruma ile ilgili farklı fikirleri ve düşünceleri dikkate alır. • Grup çalışmaları sırasında arkadaşları ile işbirliği içinde çalışır. • Bireysel olarak çevre koruma ile ilgili fikirlerini planlayarak kendi öğrenmesinin sorumluluğunu alır. • Çevre koruma ile ilgili verilen problemin farklı çözüm yollarını araştırır. • Çevre koruma ile ilgili verilenleri benzerlik ve farklılıklara göre sınıflandırır. • Çevre koruma ile ilgili problemi çözmek için yenilikçi düşünmeyle strateji geliştirir. • Çevre koruma ile ilgili metinlerdeki problem durumunu eleştirel okuma ile analiz eder. • Neden sonuç ilişkisi kurarak çevre koruma ile ilgili bir probleme çözüm yolları bulur. | D29: Geçen haftaki bireysel değerlendirmeler hatırlatılarak, bu hafta çevre koruma konusunun bir münazarayla ele alınacağı söylenir. | E29: Sınıf iki gruba ayrılarak çevre korumayla ilgili bir konuda (ör. 'tek kullanımlık plastik tamamen yasaklanmalı mı') kısa bir münazara yaptırılır; ardından münazaradan çıkan bir problem üzerinde neden-sonuç ilişkisi kurularak çözüm yolları aranır. | F29: Münazarada öne çıkan en güçlü argümanlar tahtada özetlenir, zamanı etkili kullanma ve işbirliğinin önemi vurgulanır. | G29: Soru-Cevap, Grup Çalışması, Tartışma, Proje Tabanlı Öğrenme, Bireyselleştirilmiş Öğretim | H29: Etkileşimli tahta/projeksiyon, mesleki gelişim dersi tasarım odaklı çalışma defteri, internet, kütüphane
A30: =TAKVİM!$B$32+(MATCH($G$5,{"Pazartesi","Salı","Çarşamba","Perşembe","Cuma"},0)-1) -> 46444 | B30: GİRİŞİMCİ FİKİRLER, İŞ KURMA VE YÜRÜTME - 1. Girişimcilikle İlgili Temel Kavramlar | C30: 1. Girişimcilikle ilgili temel kavramları açıklar. • Öğrencilerin tartışma soruları ve video üzerinden ekonomi ile girişimcilik arasındaki ilişkiyi kavramaları sağlanır. | D30: Çevre koruma tartışmalarında sıkça 'girişimci çözümlerden' bahsedildiği hatırlatılarak yeni ünite olan girişimciliğe geçiş yapılır. | E30: Girişimcilikle ilgili kısa bir video izletilir; video ve tartışma soruları üzerinden ekonomi ile girişimcilik arasındaki ilişki sınıfça tartışılır. | F30: Öğrencilerden çevrelerinde bildikleri bir girişimcilik örneği paylaşmaları istenir. | G30: Soru-Cevap, Grup Çalışması, Tartışma, Proje Tabanlı Öğrenme, Bireyselleştirilmiş Öğretim | H30: Etkileşimli tahta/projeksiyon, mesleki gelişim dersi tasarım odaklı çalışma defteri, internet, kütüphane
A31: =TAKVİM!$B$33+(MATCH($G$5,{"Pazartesi","Salı","Çarşamba","Perşembe","Cuma"},0)-1) -> 46451 | B31: 2. İş Fikri Oluşturma | C31: 2. Meslek grubuyla ilgili iş fikirleri oluşturarak bu fikirleri değerlendirir. • Öğrencilerin günlük hayatta karşılaştıkları başarılı iş fikirlerini tartışarak değerlendirmeleri sağlanır. • Öğrencilerin başarılı bir iş fikrinin oluşması sürecinde etkili olan unsurları sınıf içinde tartışması sağlanır. | D31: Geçen haftaki girişimcilik örnekleri hatırlatılarak, bu hafta başarılı bir iş fikrinin nasıl oluştuğuna odaklanılacağı söylenir. | E31: Öğrenciler günlük hayatta karşılaştıkları başarılı iş fikirlerini tartışır; başarılı bir iş fikrinin oluşmasında etkili olan unsurlar (ihtiyaç tespiti, yenilikçilik, uygulanabilirlik) sınıf içi tartışmayla belirlenir. | F31: Öğrencilerden kendi ilgi alanlarına uygun basit bir iş fikri önerisi yazmaları istenir. | G31: Soru-Cevap, Grup Çalışması, Tartışma, Proje Tabanlı Öğrenme, Bireyselleştirilmiş Öğretim | H31: Etkileşimli tahta/projeksiyon, mesleki gelişim dersi tasarım odaklı çalışma defteri, internet, kütüphane
A32: =TAKVİM!$C$34 -> 08-12 Mart | B32: 2. DÖNEM ARA TATİL
A33: =TAKVİM!$B$35+(MATCH($G$5,{"Pazartesi","Salı","Çarşamba","Perşembe","Cuma"},0)-1) -> 46465 | B33: 3. İşletme ve İşletme Türleri | C33: 3. İşletme ve işletme türleri ile ilgili temel kavramları açıklar. • Öğrencilerin günlük hayatta karşılaştıkları kurum ve kuruluşları tartışması sağlanır. • Öğrencilerin işletme türleri hakkında beyin fırtınası yaparak işletme türlerinin ortak ve ayırt edici özelliklerini kavraması sağlanır. | D33: Tatil dönüşü kısa bir hatırlatmayla derse başlanır; geçen haftaki iş fikirlerinin hayata geçirilebilmesi için bir işletme çatısına ihtiyaç olduğu vurgulanır. | E33: Öğrenciler günlük hayatta karşılaştıkları kurum ve kuruluşları tartışır; işletme türleri (şahıs, ortaklık, şirket vb.) hakkında beyin fırtınası yapılarak ortak ve ayırt edici özellikleri tahtada listelenir. | F33: Öğrencilerden kendi iş fikirlerine en uygun işletme türünü seçmeleri istenir. | G33: Soru-Cevap, Grup Çalışması, Tartışma, Proje Tabanlı Öğrenme, Bireyselleştirilmiş Öğretim | H33: Etkileşimli tahta/projeksiyon, mesleki gelişim dersi tasarım odaklı çalışma defteri, internet, kütüphane
A34: =TAKVİM!$B$36+(MATCH($G$5,{"Pazartesi","Salı","Çarşamba","Perşembe","Cuma"},0)-1) -> 46472 | B34: 4. İşletme Kurma Süreci | C34: 4. İşletme kurma süreci ile ilgili planlama yapar. • Öğrencilerin bir işletmenin kurulması sürecindeki aşamaları grup çalışması yaparak iş birliği içinde kavraması sağlanır. • Öğrencilerin verilen iş planı şablonunu kullanarak uygulamalı bir şekilde bir işletmenin kuruluş aşamalarını adım adım planlamaları sağlanır. | D34: Geçen hafta seçilen işletme türleri hatırlatılarak, bu hafta bir işletmenin nasıl kurulacağının planlanacağı söylenir. | E34: Bir işletmenin kuruluş aşamaları grup çalışmasıyla ele alınır; öğrencilere basit bir iş planı şablonu dağıtılarak kendi iş fikirleri için kuruluş aşamalarını adım adım doldurmaları sağlanır. | F34: Gruplardan doldurdukları şablonun bir bölümünü kısaca paylaşmaları istenir. | G34: Soru-Cevap, Grup Çalışması, Tartışma, Proje Tabanlı Öğrenme, Bireyselleştirilmiş Öğretim | H34: Etkileşimli tahta/projeksiyon, mesleki gelişim dersi tasarım odaklı çalışma defteri, internet, kütüphane
A35: =TAKVİM!$B$37+(MATCH($G$5,{"Pazartesi","Salı","Çarşamba","Perşembe","Cuma"},0)-1) -> 46479 | B35: 5. Faaliyet Alanına Göre İşletmeler - 6. Pazarlama Karması Öğeleri | C35: 5. İşletmenin faaliyet alanını ve kapasitesini açıklar. • Öğrencilerin işletmelerin faaliyet alanlarına göre birbirinden farklılık gösterme sebeplerini açıklamaları sağlanır. 6. İşletmenin faaliyet alanına uygun pazarlama karması oluşturur. | D35: Geçen haftaki iş planı şablonu hatırlatılarak, bu hafta işletmenin faaliyet alanı ve pazarlamasına odaklanılacağı söylenir. | E35: Farklı işletmelerin faaliyet alanlarına göre neden farklılık gösterdiği örneklerle açıklanır; ardından pazarlama karması öğeleri (ürün, fiyat, dağıtım, tutundurma) kendi iş fikirleri üzerinden uygulamalı olarak oluşturulur. | F35: Öğrencilerden pazarlama karması öğelerinden birini kısaca sunmaları istenir. | G35: Soru-Cevap, Grup Çalışması, Tartışma, Proje Tabanlı Öğrenme, Bireyselleştirilmiş Öğretim | H35: Etkileşimli tahta/projeksiyon, mesleki gelişim dersi tasarım odaklı çalışma defteri, internet, kütüphane
A36: =TAKVİM!$B$38+(MATCH($G$5,{"Pazartesi","Salı","Çarşamba","Perşembe","Cuma"},0)-1) -> 46486 | B36: 7. Yönetim Planı Hazırlama | C36: 7. Yönetimin alt fonksiyonları doğrultusunda yönetim planı hazırlar. • Öğrencilerin okullarında var olan yönetim planını inceleyerek işletmelerin neden bir yönetim planına ihtiyaç duyduklarını kavramaları sağlanır. | D36: Geçen haftaki pazarlama karması hatırlatılarak, bu hafta işletmenin nasıl yönetileceğine odaklanılacağı söylenir. | E36: Öğrenciler kendi okullarındaki yönetim planını (nöbet çizelgesi, sorumluluklar vb.) inceleyerek işletmelerin neden bir yönetim planına ihtiyaç duyduğunu tartışır; kendi iş fikirleri için basit bir yönetim planı taslağı hazırlar. | F36: Taslaklardan birkaçı kısaca paylaşılır. | G36: Soru-Cevap, Grup Çalışması, Tartışma, Proje Tabanlı Öğrenme, Bireyselleştirilmiş Öğretim | H36: Etkileşimli tahta/projeksiyon, mesleki gelişim dersi tasarım odaklı çalışma defteri, internet, kütüphane
A37: =TAKVİM!$B$39+(MATCH($G$5,{"Pazartesi","Salı","Çarşamba","Perşembe","Cuma"},0)-1) -> 46493 | B37: 8. Stok ve Kalite Yönetimi | C37: 8. Kendi sektörüne uygun stok ve kalite yöntemini seçer. • Öğrencilerin örnek senaryo üzerinde tartışarak stok ve kalite kontrol yöntemlerinin önemini kavraması sağlanır. | D37: Geçen haftaki yönetim planı hatırlatılarak, bu hafta stok ve kalite yönetiminin işleneceği söylenir. | E37: Yetersiz stok ya da kalite kontrolü nedeniyle sorun yaşayan bir işletme senaryosu sınıfta tartışılır; öğrenciler bu senaryo üzerinden kendi sektörlerine uygun stok ve kalite yöntemini tartışarak seçer. | F37: Seçilen yöntemler ve gerekçeleri kısaca paylaşılır. | G37: Soru-Cevap, Grup Çalışması, Tartışma, Proje Tabanlı Öğrenme, Bireyselleştirilmiş Öğretim | H37: Etkileşimli tahta/projeksiyon, mesleki gelişim dersi tasarım odaklı çalışma defteri, internet, kütüphane
A38: =TAKVİM!$B$40+(MATCH($G$5,{"Pazartesi","Salı","Çarşamba","Perşembe","Cuma"},0)-1) -> 46500 | B38: 9. İşletmenin Finans Yönetimi - 10. Personel Alım Süreci | C38: 9. İşletmenin mali kaynaklarını ve finans yönetimi ile ilgili faaliyetlerini planlar. 10. İşletmenin personel bulma, işe alma ve performans değerlendirme süreçlerini planlar. 23 NİSAN Ulusal Egemenlik ve Çocuk Bayramı | D38: 23 Nisan haftasına denk gelen bu haftada, kısa bir kutlamanın ardından işletmenin en kritik iki alanı olan finans ve personel yönetimine geçileceği söylenir. | E38: İşletmenin mali kaynaklarını nasıl planlayacağı (gelir-gider dengesi) basit bir örnekle anlatılır; ardından personel bulma, işe alma ve performans değerlendirme süreçleri kısa bir senaryo üzerinden tartışılır. | F38: Öğrencilerden kendi iş fikirleri için gerekecek ilk personel ihtiyacını belirtmeleri istenir. | G38: Soru-Cevap, Grup Çalışması, Tartışma, Proje Tabanlı Öğrenme, Bireyselleştirilmiş Öğretim | H38: Etkileşimli tahta/projeksiyon, mesleki gelişim dersi tasarım odaklı çalışma defteri, internet, kütüphane
A39: =TAKVİM!$B$41+(MATCH($G$5,{"Pazartesi","Salı","Çarşamba","Perşembe","Cuma"},0)-1) -> 46507 | B39: 11. Girişimcilik ve İş Kurma ile İlgili Farklı Fikirleri Alma - 12. Girişimcilik ve İş Kurma ile İlgili Bireysel Öğrenme Sorumluluğunu Alma - 13. Girişimcilik ve İş Kurma ile İlgili Grup Çalışması - 14. İş Kurma ile İlgili Grup Çalışmalarında İş birliğinin Önemi | C39: • Girişimcilik ve iş kurma ile ilgili farklı fikirleri dikkate alır. • Bireysel olarak girişimcilik ve iş kurma ile ilgili fikirlerini planlayarak kendi öğrenmesinin sorumluluğunu alır. • Girişimcilik ve iş kurma ile ilgili yapılan grup çalışmasında kendini yazılı ve sözlü ifade eder. • Girişimcilik ve iş kurma ile ilgili grup çalışmaları sırasında arkadaşları ile iş birliği içinde çalışır. | D39: Geçen haftaki finans ve personel konuları hatırlatılarak, bu hafta girişimcilik sürecinin farklı fikirlerle zenginleştirileceği söylenir. | E39: Öğrenciler grup çalışmasında kendi iş fikirlerini birbirleriyle paylaşarak farklı bakış açıları alır; her öğrencinin kendi öğrenme sürecini planlaması için kısa bir öz değerlendirme yapılır, grup çalışmasında kendini yazılı ve sözlü ifade etmesi sağlanır. | F39: Gruplar arası işbirliğinin sürece katkısı kısaca tartışılır. | G39: Soru-Cevap, Grup Çalışması, Tartışma, Proje Tabanlı Öğrenme, Bireyselleştirilmiş Öğretim | H39: Etkileşimli tahta/projeksiyon, mesleki gelişim dersi tasarım odaklı çalışma defteri, internet, kütüphane
A40: =TAKVİM!$B$42+(MATCH($G$5,{"Pazartesi","Salı","Çarşamba","Perşembe","Cuma"},0)-1) -> 46514 | B40: 15. Girişimcilik, İş Kurma ve Yürütme İle İlgili Problemlere Farklı Çözüm Yollarını Araştırma - 16. Evrensel Etik Prensiplerini Değerlendirme - 17. Girişimcilik, İş Kurma ve Yürütme ile İlgili Problem Çözümünde Neden-Sonuç İlişkisi - 18. Küçük Ölçekli İşletme Kurma Prototipi | C40: • Girişimcilik, iş kurma ve yürütme ile ilgili verilen problemin farklı çözüm yollarını araştırır. • Girişimcilik, iş kurma ve yürütme ile ilgili verilen metni evrensel etik prensiplerini dikkate alarak değerlendirir. • Girişimcilik, iş kurma ve yürütme ile ilgili problemin çözümü için neden sonuç ilişkisi kurar. • Küçük ölçekli bir işletme kurulabilmesi için gerekli olan fizibilite çalışmasının prototipini geliştirir. | D40: Geçen haftaki grup paylaşımları hatırlatılarak, bu hafta iş fikirlerindeki olası sorunlara çözüm aranacağı söylenir. | E40: Öğrenciler kendi iş fikirlerinde karşılaşabilecekleri bir problemi belirleyip farklı çözüm yolları arar; çözüm sürecinde evrensel etik prensiplerin (dürüstlük, adalet) nasıl gözetileceği tartışılır. Ardından küçük ölçekli işletmeleri için basit bir fizibilite prototipi (kabaca maliyet-kâr tahmini) hazırlanır. | F40: Hazırlanan fizibilite prototiplerinden birkaçı kısaca paylaşılır. | G40: Soru-Cevap, Grup Çalışması, Tartışma, Proje Tabanlı Öğrenme, Bireyselleştirilmiş Öğretim | H40: Etkileşimli tahta/projeksiyon, mesleki gelişim dersi tasarım odaklı çalışma defteri, internet, kütüphane
A41: =TAKVİM!$B$43+(MATCH($G$5,{"Pazartesi","Salı","Çarşamba","Perşembe","Cuma"},0)-1) -> 46521 | B41: FİKRÎ VE SINAİ MÜLKİYET HAKLARI - 1. Fikrî Hak, Sınai Hak, Telif Hakkı ve Fikir Ürünler | C41: 1. Fikrî hak, sınai hak, telif hakkı ve fikir ürünleri kavramlarını açıklar. • Öğrencilerin grup çalışması hâlinde yeni bir oyun tasarlamaları sağlanarak buluş, icat, yenilik gibi kavramların anlamları üzerinde düşünmeleri sağlanır. • Öğrencilerin bazı nesne ya da ürünlerin üzerinde bulunan ve telif haklarına işaret eden simgelere dikkat çekilerek bu uyarıları kavramaları sağlanır. | D41: Kendi iş fikrini geliştiren bir girişimcinin fikrini nasıl koruyabileceği sorulur; yeni ünite olan fikrî ve sınai mülkiyet haklarına geçiş yapılır. | E41: Öğrenciler grup hâlinde yeni bir oyun tasarlayarak buluş, icat ve yenilik kavramları üzerine düşünür; ardından sınıfa getirilen birkaç ürün ambalajı üzerindeki telif hakkı simgeleri incelenerek anlamları açıklanır. | F41: İncelenen simgelerden biri örnek alınarak fikrî hak ile sınai hak arasındaki fark özetlenir. | G41: Soru-Cevap, Grup Çalışması, Tartışma, Proje Tabanlı Öğrenme, Bireyselleştirilmiş Öğretim | H41: Etkileşimli tahta/projeksiyon, mesleki gelişim dersi tasarım odaklı çalışma defteri, internet, kütüphane
A42: =TAKVİM!$B$44+(MATCH($G$5,{"Pazartesi","Salı","Çarşamba","Perşembe","Cuma"},0)-1) -> 46528 | B42: 2. Patent ve Faydalı Model Tanımı ve Başvuru Süreçleri | C42: 2. Patent ve faydalı model ile ilgili tanımları, hakları ve başvuru süreçlerini açıklar. • Öğrencilerin örnek bir okuma metni üzerinden ülkemizdeki patent tarihini, fikrî ve sınai hakların tarihsel gelişimini kavramaları sağlanır. 19 MAYIS Atatürk'ü Anma Gençlik ve Spor Bayramı | D42: 19 Mayıs haftasına denk gelen bu haftada, geçen haftaki telif hakkı simgeleri hatırlatılarak patent kavramına geçileceği söylenir. | E42: Patent ve faydalı model ile ilgili kısa bir okuma metni sınıfta okunur; metin üzerinden ülkemizdeki patent tarihinin ve fikrî/sınai hakların tarihsel gelişiminin nasıl şekillendiği tartışılır. | F42: Metinden çıkan üç önemli tarihsel dönüm noktası tahtaya yazılır. | G42: Soru-Cevap, Grup Çalışması, Tartışma, Proje Tabanlı Öğrenme, Bireyselleştirilmiş Öğretim | H42: Etkileşimli tahta/projeksiyon, mesleki gelişim dersi tasarım odaklı çalışma defteri, internet, kütüphane
A43: =TAKVİM!$B$45+(MATCH($G$5,{"Pazartesi","Salı","Çarşamba","Perşembe","Cuma"},0)-1) -> 46535 | B43: 3. Endüstriyel Tasarım Ve Patent Arasında İlişki - 4. Fikrî ve Sınai Haklar Çerçevesinde Fikirlerin Ürüne Dönüşme Süreçleri - 5. Patent Veri Tabanı | C43: 3. Endüstriyel tasarım ve patent arasında ilişki kurar. 4. Fikirlerin ürüne dönüşme süreçlerini fikrî ve sınai haklar çerçevesinde açıklar. 5. Patent veri tabanının kullanımını açıklar. | D43: Geçen haftaki patent tarihçesi hatırlatılarak, bu hafta bir fikrin nasıl patentli bir ürüne dönüştüğü işleneceği söylenir. | E43: Endüstriyel tasarım ile patent arasındaki ilişki örneklerle açıklanır; bir fikrin ürüne dönüşme süreci fikrî ve sınai haklar çerçevesinde adım adım anlatılır. Ardından çevrimiçi patent veri tabanından örnek bir arama birlikte yapılır. | F43: Yapılan aramadan çıkan bir örnek patent kısaca sınıfa tanıtılır. | G43: Soru-Cevap, Grup Çalışması, Tartışma, Proje Tabanlı Öğrenme, Bireyselleştirilmiş Öğretim | H43: Etkileşimli tahta/projeksiyon, mesleki gelişim dersi tasarım odaklı çalışma defteri, internet, kütüphane
A44: =TAKVİM!$B$46+(MATCH($G$5,{"Pazartesi","Salı","Çarşamba","Perşembe","Cuma"},0)-1) -> 46542 | B44: 6. Marka Başvuru Süreci - 7. Bilim, Edebiyat ve Sanat Eserleri ile İlgili Haklar | C44: 6. Marka ile ilgili tanımları, hakları, başvuru ve tescil sürecini açıklar. 7. Bilim, edebiyat ve sanat eserleri ile ilgili hakları açıklar. | D44: Patent veri tabanı taramasının hatırlatılmasının ardından, bu hafta marka ve telif haklarının işleneceği söylenir. | E44: Marka tanımı, hakları ve tescil süreci örnek bir marka üzerinden anlatılır; ardından bilim, edebiyat ve sanat eserleriyle ilgili haklar (örneğin bir kitabın/şarkının izinsiz kopyalanamayacağı) tartışılır. | F44: Öğrencilerden bildikleri bir marka örneğinin tescil sürecini tahmin etmeleri istenir. | G44: Soru-Cevap, Grup Çalışması, Tartışma, Proje Tabanlı Öğrenme, Bireyselleştirilmiş Öğretim | H44: Etkileşimli tahta/projeksiyon, mesleki gelişim dersi tasarım odaklı çalışma defteri, internet, kütüphane
A45: =TAKVİM!$B$47+(MATCH($G$5,{"Pazartesi","Salı","Çarşamba","Perşembe","Cuma"},0)-1) -> 46549 | B45: 8. Coğrafi İşaretler ve Tescil Süreçleri | C45: 8. Coğrafi işaretler ile ilgili tanımları, hakları ve tescil süreçlerini açıklar. • Öğrencilerin, bir bölge ya da şehir adıyla birlikte tescillenmiş ürünlerden yola çıkarak coğrafi işaretler, menşe adı ve mahreç işareti kavramlarını açıklamaları sağlanır. | D45: Geçen haftaki marka örnekleri hatırlatılarak, bu hafta bir bölgeye özgü ürünlerin korunmasını sağlayan coğrafi işaretlerin işleneceği söylenir. | E45: Bir bölge ya da şehir adıyla tescillenmiş ürün örnekleri (ör. yöresel bir ürün) üzerinden coğrafi işaret, menşe adı ve mahreç işareti kavramları açıklanır. | F45: Öğrencilerden kendi bölgelerine ait tescilli/tescil edilebilecek bir ürün örneği vermeleri istenir. | G45: Soru-Cevap, Grup Çalışması, Tartışma, Proje Tabanlı Öğrenme, Bireyselleştirilmiş Öğretim | H45: Etkileşimli tahta/projeksiyon, mesleki gelişim dersi tasarım odaklı çalışma defteri, internet, kütüphane
A46: =TAKVİM!$B$48+(MATCH($G$5,{"Pazartesi","Salı","Çarşamba","Perşembe","Cuma"},0)-1) -> 46556 | B46: 9. Fikrî ve Sınai Mülkiyet Hakları İle İlgili Farklı Fikirleri Alma - 10. Fikrî ve Sınai Mülkiyet Hakları ile İlgili Grup Çalışmalarında İş Birliği - 11. Fikrî ve Sınai Mülkiyet Hakları ile İlgili Senaryo Çalışması - 12. Fikrî ve Sınai Mülkiyet Hakları ile İlgili Bireysel Öğrenme Sorumluluğunu Alma | C46: • Fikrî ve sınai mülkiyet hakları ile ilgili farklı fikir ve düşünceleri dikkate alır. • Fikrî ve sınai mülkiyet hakları ile ilgili grup çalışmaları sırasında arkadaşları ile iş birliği içinde çalışır. • Fikrî ve sınai mülkiyet hakları ile ilgili yapılan çalışmalar sırasında kendini yazılı ve sözlü ifade eder. • Bireysel olarak fikirlerini planlayarak kendi öğrenmesinin sorumluluğunu alır. | D46: Yıl sonuna yaklaşılırken, fikrî ve sınai mülkiyet haklarıyla ilgili şimdiye kadar işlenenlerin farklı bakış açılarıyla pekiştirileceği söylenir. | E46: Öğrenciler gruplar hâlinde kısa bir senaryo çalışması yapar; senaryo üzerinde farklı fikir ve düşünceler dikkate alınarak tartışılır, her öğrencinin kendini yazılı ve sözlü ifade etmesi sağlanır. | F46: Bireysel öğrenme sorumluluğu vurgulanarak öğrencilerden kısa bir öz değerlendirme yapmaları istenir. | G46: Soru-Cevap, Grup Çalışması, Tartışma, Proje Tabanlı Öğrenme, Bireyselleştirilmiş Öğretim | H46: Etkileşimli tahta/projeksiyon, mesleki gelişim dersi tasarım odaklı çalışma defteri, internet, kütüphane
A47: =TAKVİM!$B$49+(MATCH($G$5,{"Pazartesi","Salı","Çarşamba","Perşembe","Cuma"},0)-1) -> 46563 | B47: 13. Fikrî ve Sınai Mülkiyet Hakları İle İlgili Problem Çözme - 14. Anahtar Kelimeler ile Kaynak Tarama - 15. Fikri ve Sınai Mülkiyet Hakları ile Evrensel Etik Prensiplerini Değerlendirme | C47: • Fikrî ve sınai mülkiyet hakları ile ilgili verilen problemi çözer. • Anahtar kelimeler kullanarak kaynak taraması yapar. • Fikrî ve sınai mülkiyet hakları ile ilgili verilen metni evrensel etik prensipleri dikkate alarak değerlendirir. | D47: Yılın son haftası olduğu, bugüne kadar işlenen tüm ünitelerin (meslek etiği, İSG, endüstriyel dönüşüm, çevre koruma, girişimcilik, fikrî haklar) kısa bir özetiyle derse başlanacağı söylenir. | E47: Öğrencilere fikrî ve sınai mülkiyet haklarıyla ilgili küçük bir problem verilir; anahtar kelimeler kullanarak kaynak tarama tekniği gösterilir ve öğrenciler bu tekniği kullanarak probleme çözüm arar; çözüm sürecinde evrensel etik prensiplerin gözetilmesi vurgulanır. | F47: Yıl boyunca işlenen konular kısaca gözden geçirilerek öğrencilere yıl sonu dönütü verilir. | G47: Soru-Cevap, Grup Çalışması, Tartışma, Proje Tabanlı Öğrenme, Bireyselleştirilmiş Öğretim | H47: Etkileşimli tahta/projeksiyon, mesleki gelişim dersi tasarım odaklı çalışma defteri, internet, kütüphane
A51: Ali Osman KOÇ | F51: AHMET AÇAR
A52: Alan Şefi / Öğretmen | F52: Okul Müdürü
A54: …./…./20… | F54: UYGUNDUR

Sheet TEKNİK RESİM 9A
C1: GÜNLÜK DERS PLANI
A3: DERS | B3: TEKNİK RESİM | F3: ALAN/DAL | G3: Makine ve Tasarım Teknolojisi Alanı
A4: SINIF | B4: AMP 9A | F4: DERS SAATİ | G4: 3 SAAT
A5: ÖĞRETMEN | B5: Ali Osman KOÇ | F5: DERS GÜNÜ SEÇ | G5: Cuma
A7: TARİH | B7: KONU | C7: KAZANIM | D7: GİRİŞ | E7: GELİŞME | F7: SONUÇ | G7: YÖNTEM VE TEKNİKLER | H7: ARAÇ VE GEREÇLER | I7: ÖLÇME-DEĞERLENDİRME
A8: =TAKVİM!$B$10+(MATCH($G$5,{"Pazartesi","Salı","Çarşamba","Perşembe","Cuma"},0)-1) -> 46283 | B8: GEOMETRİK ÇİZİMLER - 1. Eğik ve Dik Standart Yazı | C8: 1. Teknik resim kurallarına (TS EN ISO standartlarına) uygun olarak eğik ve dik standart yazı yazar. • Teknik resmin endüstrideki önemi üzerinde durulur. • Teknik resim araç gereçleri ve çizim kâğıtları üzerinde durulur. | D8: Öğretim yılının ilk dersi olduğu için önceki bir konu tekrarı yapılmaz; bunun yerine bir mühendisin çizdiği resmi dünyanın herhangi bir yerinde başka bir teknisyenin nasıl aynı şekilde okuyabildiği sorusu ile teknik resmin evrensel dile ihtiyacı vurgulanır. | E8: Teknik resmin endüstrideki önemi kısaca anlatılır; T cetveli, gönye, pergel, kurşun kalem, silgi ve çizim kâğıdı gibi araç-gereçler tek tek tanıtılarak doğru kullanım şekilleri gösterilir. | F8: Öğrencilerden kendi çizim takımlarını tanımaları ve eksiklerini not etmeleri istenir. | G8: Gösteri, Soru-Cevap, Bireyselleştirilmiş Öğretim, Temrin Çalışmaları | H8: Teknik Resim Atölyesi, çizim masası, gönye, T cetveli, daire şablonu, akıllı tahta
A9: =TAKVİM!$B$11+(MATCH($G$5,{"Pazartesi","Salı","Çarşamba","Perşembe","Cuma"},0)-1) -> 46290 | B9: 1. Eğik ve Dik Standart Yazı | C9: 1. Teknik resim kurallarına (TS EN ISO standartlarına) uygun olarak eğik ve dik standart yazı yazar. • Standart yazı ve norm yazı örnekleri verilir. • Norm yazı temrinleri verilir. | D9: Geçen hafta tanınan çizim takımları kısaca hatırlatılır; bu hafta ilk çizim konusu olan standart yazıya geçileceği söylenir. | E9: TS EN ISO standardına uygun dik ve eğik harflerin çizim kuralları (harf yüksekliği, kalınlık oranı) örnek harflerle tahtada gösterilir; öğrenciler A-M harflerini içeren bir norm yazı temrini üzerinde çalışır. | F9: Yazılan harfler cetvelle ölçü ve oran açısından kontrol edilir. | G9: Gösteri, Soru-Cevap, Bireyselleştirilmiş Öğretim, Temrin Çalışmaları | H9: Teknik Resim Atölyesi, çizim masası, gönye, T cetveli, daire şablonu, akıllı tahta
A10: =TAKVİM!$B$12+(MATCH($G$5,{"Pazartesi","Salı","Çarşamba","Perşembe","Cuma"},0)-1) -> 46297 | B10: 1. Eğik ve Dik Standart Yazı | C10: 1. Teknik resim kurallarına (TS EN ISO standartlarına) uygun olarak eğik ve dik standart yazı yazar. • Standart yazı ve norm yazı örnekleri verilir. • Norm yazı temrinleri verilir. | D10: Geçen haftaki harf temrini hatırlatılır; bu hafta rakam ve tam bir cümle yazımına geçileceği söylenir. | E10: Rakamların norm yazı kurallarına göre çizimi gösterilir; öğrenciler N-Z harfleri ve rakamları içeren ikinci bir norm yazı temrinini tamamlar. | F10: Tamamlanan temrinler öğrenci çiftleri arasında değiştirilerek akran değerlendirmesi yapılır. | G10: Gösteri, Soru-Cevap, Bireyselleştirilmiş Öğretim, Temrin Çalışmaları | H10: Teknik Resim Atölyesi, çizim masası, gönye, T cetveli, daire şablonu, akıllı tahta
A11: =TAKVİM!$B$13+(MATCH($G$5,{"Pazartesi","Salı","Çarşamba","Perşembe","Cuma"},0)-1) -> 46304 | B11: 2. Çizgi Çalışmaları | C11: 2. Teknik resim kurallarına uygun olarak serbest elle ve çizim takımlarıyla çizgi çalışmaları yapar. • Çizgi çeşitleri ve çizgi kalınlıkları üzerinde durulur. • Çizgi çeşitlerinin kullanım alanları ile ilgili örnekler verilir. • Çizgi çalışması temrinleri verilir. | D11: Bir teknik resimde neden farklı kalınlıkta çizgiler kullanıldığı sorulur; kesik çizginin görünmeyen kenarı mı yoksa ekseni mi gösterdiği merak konusu yapılır. | E11: Kalın çizgi (görünen kenar), ince çizgi (ölçü/yardımcı çizgi), kesik çizgi (görünmeyen kenar) ve noktalı-kesik çizgi (eksen) örnekleri tahtada gösterilir; öğrenciler çizim takımlarıyla farklı çizgi türlerini içeren bir temrin çalışması yapar. | F11: Çizilen çizgi kalınlıkları cetvelle kontrol edilir. | G11: Gösteri, Soru-Cevap, Bireyselleştirilmiş Öğretim, Temrin Çalışmaları | H11: Teknik Resim Atölyesi, çizim masası, gönye, T cetveli, daire şablonu, akıllı tahta
A12: =TAKVİM!$B$14+(MATCH($G$5,{"Pazartesi","Salı","Çarşamba","Perşembe","Cuma"},0)-1) -> 46311 | B12: 2. Çizgi Çalışmaları | C12: 2. Teknik resim kurallarına uygun olarak serbest elle ve çizim takımlarıyla çizgi çalışmaları yapar. • Çizgi çeşitleri ve çizgi kalınlıkları üzerinde durulur. • Çizgi çeşitlerinin kullanım alanları ile ilgili örnekler verilir. • Çizgi çalışması temrinleri verilir. | D12: Geçen haftaki çizgi türleri hatırlatılır; bu hafta bu çizgilerin gerçek bir parça çiziminde birlikte kullanılacağı söylenir. | E12: Basit bir makine parçası taslağı üzerinde hangi kenara hangi çizgi türünün uygulanacağı öğrencilerle birlikte belirlenir; öğrenciler serbest elle ve çizim takımlarıyla bu taslağı tamamlar. | F12: Tamamlanan çizimler çizgi doğruluğu açısından kontrol edilir. | G12: Gösteri, Soru-Cevap, Bireyselleştirilmiş Öğretim, Temrin Çalışmaları | H12: Teknik Resim Atölyesi, çizim masası, gönye, T cetveli, daire şablonu, akıllı tahta
A13: =TAKVİM!$B$15+(MATCH($G$5,{"Pazartesi","Salı","Çarşamba","Perşembe","Cuma"},0)-1) -> 46318 | B13: 3. Geometrik Şekiller | C13: 3. Teknik resim kurallarına uygun olarak geometrik şekiller çizer. • Teknik resimde açı, paralellik ve diklik kavramları üzerinde durulur. • Çember ve teğet doğrular üzerinde durulur. • Teğet çizim örnekleri verilir. | D13: Bir dişli ya da cıvata çiziminde neden mükemmel çemberlere ve açılara ihtiyaç duyulduğu sorulur. | E13: Gönye ve pergel ile paralel/dik çizgi çizme, çember çizme ve çembere teğet doğru çizme teknikleri gösterilir; öğrenciler örnek bir teğet çizim temrini yapar. | F13: Teğet noktalarının doğruluğu pergelle kontrol edilir. | G13: Gösteri, Soru-Cevap, Bireyselleştirilmiş Öğretim, Temrin Çalışmaları | H13: Teknik Resim Atölyesi, çizim masası, gönye, T cetveli, daire şablonu, akıllı tahta
A14: =TAKVİM!$B$16+(MATCH($G$5,{"Pazartesi","Salı","Çarşamba","Perşembe","Cuma"},0)-1) -> 46325 | B14: 3. Geometrik Şekiller | C14: 3. Teknik resim kurallarına uygun olarak geometrik şekiller çizer. • Çokgen çizim yöntemleri üzerinde durulur. • Açılı çizimler, çember ve teğet çizimleri, çokgen çizim temrinleri verilir. 29 EKİM Cumhuriyet Bayramı | D14: 29 Ekim Cumhuriyet Bayramı nedeniyle kısa bir haftaya girildiği hatırlatılır; geçen haftaki teğet çizim tekniğinin bu hafta çokgen çiziminde de kullanılacağı söylenir. | E14: Düzgün çokgen (altıgen, sekizgen) çizim yöntemleri pergel ve gönye ile gösterilir; öğrenciler bir altıgen somun görünüşü temrini çizer. | F14: Çizilen çokgenin kenar uzunlukları cetvelle kontrol edilir. | G14: Gösteri, Soru-Cevap, Bireyselleştirilmiş Öğretim, Temrin Çalışmaları | H14: Teknik Resim Atölyesi, çizim masası, gönye, T cetveli, daire şablonu, akıllı tahta
A15: =TAKVİM!$B$17+(MATCH($G$5,{"Pazartesi","Salı","Çarşamba","Perşembe","Cuma"},0)-1) -> 46332 | B15: 3. Geometrik Şekiller | C15: 3. Teknik resim kurallarına uygun olarak geometrik şekiller çizer. • Çokgen çizim örnekleri verilir. • Açılı çizimler, çember ve teğet çizimleri, çokgen çizim temrinleri verilir. | D15: Geçen haftaki altıgen çizimi hatırlatılır; bu hafta farklı açılı çizimler ve çokgenlerle devam edileceği belirtilir. | E15: Beşgen ve sekizgen gibi farklı çokgen ve açılı çizim örnekleri gösterilir; öğrenciler ikinci bir çokgen ve teğet çember temrinini tamamlar. | F15: Temrinler sınıfta karşılıklı sergilenerek görsel kontrol yapılır. | G15: Gösteri, Soru-Cevap, Bireyselleştirilmiş Öğretim, Temrin Çalışmaları | H15: Teknik Resim Atölyesi, çizim masası, gönye, T cetveli, daire şablonu, akıllı tahta
A16: =TAKVİM!$B$18+(MATCH($G$5,{"Pazartesi","Salı","Çarşamba","Perşembe","Cuma"},0)-1) -> 46339 | B16: 3. Geometrik Şekiller | C16: 3. Teknik resim kurallarına uygun olarak geometrik şekiller çizer. • Çokgen çizim örnekleri verilir. • Açılı çizimler, çember ve teğet çizimleri, çokgen çizim temrinleri verilir. 10 KASIM Atatürk'ü Anma Günü ve Atatürk Haftası | D16: 10 Kasım Atatürk'ü Anma Günü anması sonrası, geçen haftaki çokgen çizimleri hatırlatılarak geometrik şekiller ünitesinin bu haftayla tamamlanacağı söylenir. | E16: Öğrencilere açılı çizim, çember ve çokgeni bir arada içeren karma bir temrin verilir; öğretmen sınıfta dolaşarak bireysel dönüt verir. | F16: Tamamlanan karma temrinler toplanıp genel bir değerlendirme yapılır, ünite kapatılır. | G16: Gösteri, Soru-Cevap, Bireyselleştirilmiş Öğretim, Temrin Çalışmaları | H16: Teknik Resim Atölyesi, çizim masası, gönye, T cetveli, daire şablonu, akıllı tahta
A17: =TAKVİM!$C$19 -> 16-20 Kasım | B17: 1.DÖNEM ARA TATİL
A18: =TAKVİM!$B$20+(MATCH($G$5,{"Pazartesi","Salı","Çarşamba","Perşembe","Cuma"},0)-1) -> 46353 | B18: GÖRÜNÜŞ ÇIKARMA - 1. Teknik Resim Görünüşler | C18: 1. Teknik resim kurallarına uygun olarak serbest elle ve çizim takımlarıyla çeşitli iş parçalarına ait görünüşleri çizer. • İzdüşüm ve görünüş çeşitleri üzerinde durulur. • Görünüş sayısı, yardımcı, detay ve özel görünüş belirleme üzerinde durulur. | D18: Ara tatil dönüşü kısa bir hatırlatmanın ardından, üç boyutlu bir cismin kâğıda nasıl iki boyutlu anlatılacağı sorularak yeni ünite olan Görünüş Çıkarma'ya geçilir; sınıfa basit bir küp/blok model getirilir. | E18: İzdüşüm kavramı ve görünüş çeşitleri (ön, üst, yan) getirilen model üzerinden gösterilir; kaç görünüşün yeterli olacağına nasıl karar verileceği örneklerle anlatılır. | F18: Öğrencilerden getirilen modelin kaç görünüşle tam anlatılabileceğini tahmin etmeleri istenir. | G18: Gösteri, Soru-Cevap, Bireyselleştirilmiş Öğretim, Temrin Çalışmaları | H18: Teknik Resim Atölyesi, çizim masası, gönye, T cetveli, daire şablonu, akıllı tahta
A19: =TAKVİM!$B$21+(MATCH($G$5,{"Pazartesi","Salı","Çarşamba","Perşembe","Cuma"},0)-1) -> 46360 | B19: 1. Teknik Resim Görünüşler | C19: 1. Teknik resim kurallarına uygun olarak serbest elle ve çizim takımlarıyla çeşitli iş parçalarına ait görünüşleri çizer. • Dik izdüşüm örnekleri ve temrinleri verilir. • Tek görünüşün yeterli olduğu temrinler verilir. | D19: Geçen haftaki model üzerinden dik izdüşüm kuralı kısaca hatırlatılır. | E19: Dik izdüşüm çizim tekniği gösterilir; tek görünüşün yeterli olduğu silindirik/düzlem parça örnekleri üzerinde temrin çalışması yapılır. | F19: Çizilen tek görünüşlerin ölçü orantısı kontrol edilir. | G19: Gösteri, Soru-Cevap, Bireyselleştirilmiş Öğretim, Temrin Çalışmaları | H19: Teknik Resim Atölyesi, çizim masası, gönye, T cetveli, daire şablonu, akıllı tahta
A20: =TAKVİM!$B$22+(MATCH($G$5,{"Pazartesi","Salı","Çarşamba","Perşembe","Cuma"},0)-1) -> 46367 | B20: 1. Teknik Resim Görünüşler | C20: 1. Teknik resim kurallarına uygun olarak serbest elle ve çizim takımlarıyla çeşitli iş parçalarına ait görünüşleri çizer. • İki veya daha fazla görünüş isteyen temrinler verilir. | D20: Geçen hafta tek görünüşle anlatılan parçaların aksine, bazı parçaların neden birden fazla görünüşe ihtiyaç duyduğu sorulur. | E20: İki ve üç görünüş gerektiren köşeli bir parça örneği üzerinde görünüş çıkarma adım adım gösterilir; öğrenciler benzer bir parçanın görünüşlerini çizer. | F20: Çizilen görünüşler arasındaki izdüşüm ilişkisi (ölçü taşıma) kontrol edilir. | G20: Gösteri, Soru-Cevap, Bireyselleştirilmiş Öğretim, Temrin Çalışmaları | H20: Teknik Resim Atölyesi, çizim masası, gönye, T cetveli, daire şablonu, akıllı tahta
A21: =TAKVİM!$B$23+(MATCH($G$5,{"Pazartesi","Salı","Çarşamba","Perşembe","Cuma"},0)-1) -> 46374 | B21: 1. Teknik Resim Görünüşler | C21: 1. Teknik resim kurallarına uygun olarak serbest elle ve çizim takımlarıyla çeşitli iş parçalarına ait görünüşleri çizer. • Yardımcı, detay ve özel görünüş temrinleri verilir. | D21: Geçen haftaki temel görünüşler hatırlatılır; bazı eğik yüzeylerin normal görünüşlerle tam anlatılamayacağı sorulur. | E21: Yardımcı görünüş, detay görünüş ve özel görünüş kavramları eğik yüzeyli bir parça üzerinden gösterilir; öğrenciler bu tür bir parçanın görünüşünü temrin eder. | F21: Yardımcı görünüşün doğru açıda alınıp alınmadığı kontrol edilir. | G21: Gösteri, Soru-Cevap, Bireyselleştirilmiş Öğretim, Temrin Çalışmaları | H21: Teknik Resim Atölyesi, çizim masası, gönye, T cetveli, daire şablonu, akıllı tahta
A22: =TAKVİM!$B$24+(MATCH($G$5,{"Pazartesi","Salı","Çarşamba","Perşembe","Cuma"},0)-1) -> 46381 | B22: 1. Teknik Resim Görünüşler | C22: 1. Teknik resim kurallarına uygun olarak serbest elle ve çizim takımlarıyla çeşitli iş parçalarına ait görünüşleri çizer. • Yardımcı, detay ve özel görünüş temrinleri verilir. | D22: Geçen haftaki yardımcı görünüş tekniği hatırlatılır; bu hafta daha karmaşık bir parça üzerinde pekiştirileceği söylenir. | E22: Birden fazla özel görünüş gerektiren karma bir parça üzerinde öğrenciler bağımsız çalışır, öğretmen bireysel dönüt verir. | F22: Tamamlanan çizimler toplanıp Görünüş Çıkarma ünitesi genel olarak değerlendirilir. | G22: Gösteri, Soru-Cevap, Bireyselleştirilmiş Öğretim, Temrin Çalışmaları | H22: Teknik Resim Atölyesi, çizim masası, gönye, T cetveli, daire şablonu, akıllı tahta
A23: =TAKVİM!$B$25+(MATCH($G$5,{"Pazartesi","Salı","Çarşamba","Perşembe","Cuma"},0)-1) -> 46388 | B23: 2. Kesit Görünüşler | C23: 2. Teknik resim kurallarına uygun olarak serbest elle ve çizim takımlarıyla çeşitli iş parçalarına ait kesit görünüşleri çizer. • Kesit alma ve kesit görünüş almanın gerekliliği üzerinde durulur. • Kesit görünüş çeşitleri ve kesit görünüş almada uyulacak çizim kuralları üzerinde durulur. | D23: İçi boş/delikli bir parçanın normal görünüşle içinin nasıl anlatılamayacağı sorulur. | E23: Kesit alma kavramı ve gerekliliği anlatılır; tam kesit, yarım kesit ve kısmi kesit gibi kesit çeşitleri ile kesit alma çizim kuralları (tarama açısı, kesit çizgisi) gösterilir. | F23: Öğrencilerden hangi parçanın hangi kesit türüne uygun olduğunu eşleştirmeleri istenir. | G23: Gösteri, Soru-Cevap, Bireyselleştirilmiş Öğretim, Temrin Çalışmaları | H23: Teknik Resim Atölyesi, çizim masası, gönye, T cetveli, daire şablonu, akıllı tahta
A24: =TAKVİM!$B$26+(MATCH($G$5,{"Pazartesi","Salı","Çarşamba","Perşembe","Cuma"},0)-1) -> 46395 | B24: 2. Kesit Görünüşler | C24: 2. Teknik resim kurallarına uygun olarak serbest elle ve çizim takımlarıyla çeşitli iş parçalarına ait kesit görünüşleri çizer. • Parçanın özelliğine uygun türde kesit alma örnekleri ve temrinleri verilir. | D24: Geçen haftaki kesit çeşitleri hatırlatılır; bu hafta gerçek bir parça üzerinde uygulanacağı söylenir. | E24: İçi delikli bir burç/bilye parçası örneği üzerinde tam kesit alma adım adım gösterilir; öğrenciler benzer bir parçanın kesit görünüşünü çizer. | F24: Tarama çizgilerinin açısı ve yönü kontrol edilir. | G24: Gösteri, Soru-Cevap, Bireyselleştirilmiş Öğretim, Temrin Çalışmaları | H24: Teknik Resim Atölyesi, çizim masası, gönye, T cetveli, daire şablonu, akıllı tahta
A25: =TAKVİM!$B$27+(MATCH($G$5,{"Pazartesi","Salı","Çarşamba","Perşembe","Cuma"},0)-1) -> 46402 | B25: 2. Kesit Görünüşler | C25: 2. Teknik resim kurallarına uygun olarak serbest elle ve çizim takımlarıyla çeşitli iş parçalarına ait kesit görünüşleri çizer. • Kesit elemanlarını çizim kurallarına göre görünüşler üzerinde gösterme örnekleri verilir. | D25: Geçen hafta alınan kesitin görünüş üzerinde nasıl gösterileceği sorulur. | E25: Kesit çizgisi, ok yönü ve harflendirme kuralları gösterilir; öğrenciler bir parça üzerinde kesit alma yerini işaretleyip görünüş üzerinde gösterme temrini yapar. | F25: İşaretlemelerin standarda uygunluğu kontrol edilir. | G25: Gösteri, Soru-Cevap, Bireyselleştirilmiş Öğretim, Temrin Çalışmaları | H25: Teknik Resim Atölyesi, çizim masası, gönye, T cetveli, daire şablonu, akıllı tahta
A26: =TAKVİM!$B$28+(MATCH($G$5,{"Pazartesi","Salı","Çarşamba","Perşembe","Cuma"},0)-1) -> 46409 | B26: 2. Kesit Görünüşler | C26: 2. Teknik resim kurallarına uygun olarak serbest elle ve çizim takımlarıyla çeşitli iş parçalarına ait kesit görünüşleri çizer. • Kesit elemanlarını çizim kurallarına göre görünüşler üzerinde gösterme örnekleri verilir. | D26: Geçen haftaki kesit gösterme kuralları hatırlatılır; bu hafta daha karmaşık bir parça ile pekiştirileceği söylenir. | E26: Birden fazla kesit gerektiren bir parça üzerinde öğrenciler bağımsız çalışır, öğretmen dolaşarak dönüt verir. | F26: 1. dönem sonu değerlendirmesi yapılır, Kesit Görünüşler ünitesi tamamlanır. | G26: Gösteri, Soru-Cevap, Bireyselleştirilmiş Öğretim, Temrin Çalışmaları | H26: Teknik Resim Atölyesi, çizim masası, gönye, T cetveli, daire şablonu, akıllı tahta
A27: =TAKVİM!$C$29 -> 25-29 Ocak | B27: YARI YIL TATİLİ
A28: =TAKVİM!$B$30+(MATCH($G$5,{"Pazartesi","Salı","Çarşamba","Perşembe","Cuma"},0)-1) -> 46430 | B28: ÖLÇÜLENDİRME VE YÜZEY İŞLEMLERİ - 1. Ölçülendirme | C28: 1. Teknik resim kurallarına uygun olarak resmini çizdiği iş parçalarının ölçülendirme işlemini yapar. • Ölçülendirme işlemi, doğru ölçülendirmenin önemi üzerinde durulur. • Ölçülendirme sistemleri, çeşitleri ve yöntemleri üzerinde durulur. | D28: Yarıyıl tatili dönüşü kısa bir hatırlatmayla derse başlanır; doğru çizilmiş ama ölçüsüz bir resmin işe yaramayacağı örneğiyle ölçülendirmenin önemine dikkat çekilir. | E28: Ölçü çizgisi, ölçü sınır çizgisi ve ölçü rakamı gibi ölçülendirme elemanları ile zincir, paralel ve koordinat ölçülendirme sistemleri örneklerle gösterilir. | F28: Öğrencilerden basit bir parçanın hangi ölçülendirme sistemine uygun olduğunu belirlemeleri istenir. | G28: Gösteri, Soru-Cevap, Bireyselleştirilmiş Öğretim, Temrin Çalışmaları | H28: Teknik Resim Atölyesi, çizim masası, gönye, T cetveli, daire şablonu, akıllı tahta
A29: =TAKVİM!$B$31+(MATCH($G$5,{"Pazartesi","Salı","Çarşamba","Perşembe","Cuma"},0)-1) -> 46437 | B29: 1. Ölçülendirme | C29: 1. Teknik resim kurallarına uygun olarak resmini çizdiği iş parçalarının ölçülendirme işlemini yapar. • Ölçek türleri ve ölçeklendirme oranlarına örnekler verilir. • Ölçülendirme ve ölçeklendirme temrinleri verilir. | D29: Büyük bir makinenin küçük bir kâğıda nasıl sığdırıldığı sorulur; ölçek kavramına giriş yapılır. | E29: Büyütme, küçültme ve gerçek ölçek türleri ve oranları (1:2, 2:1, 1:1 vb.) örneklerle gösterilir; öğrenciler bir parçayı farklı ölçeklerde çizme temrini yapar. | F29: Farklı ölçeklerdeki çizimlerin orantısı karşılaştırılarak kontrol edilir. | G29: Gösteri, Soru-Cevap, Bireyselleştirilmiş Öğretim, Temrin Çalışmaları | H29: Teknik Resim Atölyesi, çizim masası, gönye, T cetveli, daire şablonu, akıllı tahta
A30: =TAKVİM!$B$32+(MATCH($G$5,{"Pazartesi","Salı","Çarşamba","Perşembe","Cuma"},0)-1) -> 46444 | B30: 1. Ölçülendirme | C30: 1. Teknik resim kurallarına uygun olarak resmini çizdiği iş parçalarının ölçülendirme işlemini yapar. • Ölçülendirme ve ölçeklendirme temrinleri verilir. | D30: Geçen haftaki ölçek çalışması hatırlatılır; bu hafta karmaşık bir parçanın tam ölçülendirmesine odaklanılacağı söylenir. | E30: Birden fazla görünüşü olan bir parçanın tam ölçülendirmesi adım adım gösterilir; öğrenciler benzer bir parçayı ölçülendirir. | F30: Ölçülerin çakışma/tekrar olmadan doğru yerleştirilip yerleştirilmediği kontrol edilir. | G30: Gösteri, Soru-Cevap, Bireyselleştirilmiş Öğretim, Temrin Çalışmaları | H30: Teknik Resim Atölyesi, çizim masası, gönye, T cetveli, daire şablonu, akıllı tahta
A31: =TAKVİM!$B$33+(MATCH($G$5,{"Pazartesi","Salı","Çarşamba","Perşembe","Cuma"},0)-1) -> 46451 | B31: 1. Ölçülendirme | C31: 1. Teknik resim kurallarına uygun olarak resmini çizdiği iş parçalarının ölçülendirme işlemini yapar. • Ölçülendirme ve ölçeklendirme temrinleri verilir. | D31: Geçen haftaki ölçülendirme hatırlatılır; bu hafta ünitenin son pekiştirme çalışmasının yapılacağı söylenir. | E31: Öğrencilere bağımsız bir ölçülendirme temrini verilir, öğretmen bireysel dönüt verir. | F31: Tamamlanan temrinler toplanıp Ölçülendirme ünitesi değerlendirilir. | G31: Gösteri, Soru-Cevap, Bireyselleştirilmiş Öğretim, Temrin Çalışmaları | H31: Teknik Resim Atölyesi, çizim masası, gönye, T cetveli, daire şablonu, akıllı tahta
A32: =TAKVİM!$C$34 -> 08-12 Mart | B32: 2. DÖNEM ARA TATİL
A33: =TAKVİM!$B$35+(MATCH($G$5,{"Pazartesi","Salı","Çarşamba","Perşembe","Cuma"},0)-1) -> 46465 | B33: 2. Yüzey Pürüzlülük İşlemleri | C33: 2. Teknik resim kurallarına uygun olarak resmini çizdiği iş parçalarına ait yüzey pürüzlülük değerlerini uygun sembolleri kullanarak resim üzerinde gösterir. • İmalatta yüzey pürüzlülüğü, yüzey kalite çeşitleri ve yüzey pürüzlülük değerinin ölçülme yöntemleri üzerinde durulur. • Yüzey kalite sembolündeki değer ve işaretler ile ilgili temrinler verilir. | D33: Tatil dönüşü kısa bir hatırlatmayla başlanır; aynı ölçüdeki iki parçanın yüzeyinin neden pürüzlülük açısından farklı olabileceği sorulur. | E33: Yüzey pürüzlülüğü kavramı, yüzey kalite çeşitleri ve ölçüm yöntemleri (Ra değeri) anlatılır; yüzey kalite sembolleri gösterilir. | F33: Öğrencilerden verilen bir Ra değerinin hangi işleme (frezeleme, taşlama vb.) karşılık geldiğini eşleştirmeleri istenir. | G33: Gösteri, Soru-Cevap, Bireyselleştirilmiş Öğretim, Temrin Çalışmaları | H33: Teknik Resim Atölyesi, çizim masası, gönye, T cetveli, daire şablonu, akıllı tahta
A34: =TAKVİM!$B$36+(MATCH($G$5,{"Pazartesi","Salı","Çarşamba","Perşembe","Cuma"},0)-1) -> 46472 | B34: 2. Yüzey Pürüzlülük İşlemleri | C34: 2. Teknik resim kurallarına uygun olarak resmini çizdiği iş parçalarına ait yüzey pürüzlülük değerlerini uygun sembolleri kullanarak resim üzerinde gösterir. • Yüzey kalite sembolündeki değer ve işaretler ile ilgili temrinler verilir. | D34: Geçen haftaki semboller hatırlatılır; bu hafta bir parça resmine bu sembollerin yerleştirileceği söylenir. | E34: Yüzey kalite sembollerinin resim üzerine işlenen yüzeye ok ile doğru yerleştirilmesi gösterilir; öğrenciler bir parça üzerinde yüzey pürüzlülük temrini tamamlar. | F34: Sembol yerleşimleri standarda uygunluk açısından kontrol edilir. | G34: Gösteri, Soru-Cevap, Bireyselleştirilmiş Öğretim, Temrin Çalışmaları | H34: Teknik Resim Atölyesi, çizim masası, gönye, T cetveli, daire şablonu, akıllı tahta
A35: =TAKVİM!$B$37+(MATCH($G$5,{"Pazartesi","Salı","Çarşamba","Perşembe","Cuma"},0)-1) -> 46479 | B35: 3. Tolerans İşlemleri | C35: 3. Teknik resim kurallarına uygun olarak resmini çizdiği iş parçalarına ait tolerans değerlerini uygun sembolleri kullanarak resim üzerinde gösterir. • İmalatta tolerans kavramı, tolerans türleri, önemi üzerinde durulur. • Boyut toleranslarına örnekler verilir. | D35: Bir milin bir yatağa tam oturması için ölçüde ne kadar 'pay' bırakılabileceği sorulur; tolerans kavramına giriş yapılır. | E35: Tolerans kavramı, önemi ve boyut toleransları (üst/alt sapma) örneklerle gösterilir. | F35: Öğrencilerden verilen bir ölçüye tolerans değeri eklemeleri istenir. | G35: Gösteri, Soru-Cevap, Bireyselleştirilmiş Öğretim, Temrin Çalışmaları | H35: Teknik Resim Atölyesi, çizim masası, gönye, T cetveli, daire şablonu, akıllı tahta
A36: =TAKVİM!$B$38+(MATCH($G$5,{"Pazartesi","Salı","Çarşamba","Perşembe","Cuma"},0)-1) -> 46486 | B36: 3. Tolerans İşlemleri | C36: 3. Teknik resim kurallarına uygun olarak resmini çizdiği iş parçalarına ait tolerans değerlerini uygun sembolleri kullanarak resim üzerinde gösterir. • Şekil ve konum toleranslarına örnekler verilir. • Tolerans çizelgelerine örnekler verilir. • Tolerans temrinleri verilir. | D36: Geçen haftaki boyut toleransı hatırlatılır; bu hafta şeklin/konumun da tolerans gerektirebileceği söylenir. | E36: Şekil toleransları (düzlük, dairesellik) ve konum toleransları (paralellik, diklik) çizelge örnekleriyle gösterilir; öğrenciler tolerans temrini tamamlar. | F36: Tolerans çizelgesinden okuma pratiği yapılarak kontrol edilir. | G36: Gösteri, Soru-Cevap, Bireyselleştirilmiş Öğretim, Temrin Çalışmaları | H36: Teknik Resim Atölyesi, çizim masası, gönye, T cetveli, daire şablonu, akıllı tahta
A37: =TAKVİM!$B$39+(MATCH($G$5,{"Pazartesi","Salı","Çarşamba","Perşembe","Cuma"},0)-1) -> 46493 | B37: KROKİ, PERSPEKTİF VE YAPIM RESMİ - 1. Kroki Çizimi | C37: 1. Teknik resim kurallarına uygun olarak standart resim kâğıtlarına çeşitli iş parçalarının kroki resimlerini çizer. • İmalatta kroki resmi, kroki çizmenin önemi üzerinde durulur. • Kroki çiziminde işlem sırası üzerinde durulur. | D37: Elde çizim takımı olmadan bir parçanın nasıl hızlıca kâğıda aktarılacağı sorulur; kroki kavramına giriş yapılır. | E37: Kroki çiziminin önemi ve işlem sırası (gözlem, oran tahmini, serbest çizim, ölçü alma) anlatılır; sınıfa getirilen basit bir parça üzerinde kroki çizimi gösterilir. | F37: Öğrencilerden aynı parçanın krokisini serbest elle çizmeleri istenir. | G37: Gösteri, Soru-Cevap, Bireyselleştirilmiş Öğretim, Temrin Çalışmaları | H37: Teknik Resim Atölyesi, çizim masası, gönye, T cetveli, daire şablonu, akıllı tahta
A38: =TAKVİM!$B$40+(MATCH($G$5,{"Pazartesi","Salı","Çarşamba","Perşembe","Cuma"},0)-1) -> 46500 | B38: 1. Kroki Çizimi | C38: 1. Teknik resim kurallarına uygun olarak standart resim kâğıtlarına çeşitli iş parçalarının kroki resimlerini çizer. • Makine parçalarında kroki çizme temrinleri verilir. 23 NİSAN Ulusal Egemenlik ve Çocuk Bayramı | D38: 23 Nisan haftası olması nedeniyle kısa bir kutlamanın ardından, geçen haftaki kroki tekniğinin gerçek bir makine parçasında uygulanacağı söylenir. | E38: Sınıfa getirilen bir makine parçası (cıvata, flanş vb.) üzerinde kroki çizme temrini yaptırılır, kumpasla ölçü alma teknikleri gösterilir. | F38: Alınan ölçülerin krokiye doğru işlenip işlenmediği kontrol edilir. | G38: Gösteri, Soru-Cevap, Bireyselleştirilmiş Öğretim, Temrin Çalışmaları | H38: Teknik Resim Atölyesi, çizim masası, gönye, T cetveli, daire şablonu, akıllı tahta
A39: =TAKVİM!$B$41+(MATCH($G$5,{"Pazartesi","Salı","Çarşamba","Perşembe","Cuma"},0)-1) -> 46507 | B39: 1. Kroki Çizimi | C39: 1. Teknik resim kurallarına uygun olarak standart resim kâğıtlarına çeşitli iş parçalarının kroki resimlerini çizer. • Makine parçalarında kroki çizme temrinleri verilir. | D39: Geçen haftaki kroki ve ölçü alma çalışması hatırlatılır; bu hafta farklı bir parça ile pekiştirileceği söylenir. | E39: Farklı bir makine parçası üzerinde bağımsız kroki çizme temrini yaptırılır, öğretmen dolaşarak dönüt verir. | F39: Tamamlanan krokiler toplanıp değerlendirilir, Kroki ünitesi kapatılır. | G39: Gösteri, Soru-Cevap, Bireyselleştirilmiş Öğretim, Temrin Çalışmaları | H39: Teknik Resim Atölyesi, çizim masası, gönye, T cetveli, daire şablonu, akıllı tahta
A40: =TAKVİM!$B$42+(MATCH($G$5,{"Pazartesi","Salı","Çarşamba","Perşembe","Cuma"},0)-1) -> 46514 | B40: 2. Perspektif Çizimi | C40: 2. Teknik resim kurallarına uygun olarak standart resim kâğıtlarına çeşitli iş parçalarının perspektif resimlerini çizer. • Perspektif kavramı, perspektif çizmenin önemi üzerinde durulur. • Perspektif resim türleri ve perspektif resim özellikleri üzerinde durulur. | D40: Bir parçanın üç görünüşünü ayrı ayrı okumanın zor olabileceği, tek bir üç boyutlu görüntünün daha kolay anlaşılabileceği örneğiyle perspektife giriş yapılır. | E40: Perspektif çizmenin önemi ve perspektif resim türleri (izometrik, eğik, merkezi) genel hatlarıyla tanıtılır, örnek görseller gösterilir. | F40: Öğrencilerden gördükleri örneklerden hangi perspektif türüne ait olduğunu ayırt etmeleri istenir. | G40: Gösteri, Soru-Cevap, Bireyselleştirilmiş Öğretim, Temrin Çalışmaları | H40: Teknik Resim Atölyesi, çizim masası, gönye, T cetveli, daire şablonu, akıllı tahta
A41: =TAKVİM!$B$43+(MATCH($G$5,{"Pazartesi","Salı","Çarşamba","Perşembe","Cuma"},0)-1) -> 46521 | B41: 2. Perspektif Çizimi | C41: 2. Teknik resim kurallarına uygun olarak standart resim kâğıtlarına çeşitli iş parçalarının perspektif resimlerini çizer. • İzometrik, eğik ve merkezi perspektif üzerinde durulur. • İmalatta kullanılan perspektif temrinleri verilir. 19 MAYIS Atatürk'ü Anma Gençlik ve Spor Bayramı | D41: 19 Mayıs kutlamasının ardından, geçen haftaki perspektif türlerinden izometrik perspektifin bu hafta uygulamalı işleneceği söylenir. | E41: İzometrik eksen açıları (120°) ve çizim tekniği gösterilir; basit bir küp/blok parçanın izometrik perspektifi adım adım çizdirilir. | F41: Çizilen izometrik perspektifin açı ve oranları kontrol edilir. | G41: Gösteri, Soru-Cevap, Bireyselleştirilmiş Öğretim, Temrin Çalışmaları | H41: Teknik Resim Atölyesi, çizim masası, gönye, T cetveli, daire şablonu, akıllı tahta
A42: =TAKVİM!$B$44+(MATCH($G$5,{"Pazartesi","Salı","Çarşamba","Perşembe","Cuma"},0)-1) -> 46528 | B42: 2. Perspektif Çizimi | C42: 2. Teknik resim kurallarına uygun olarak standart resim kâğıtlarına çeşitli iş parçalarının perspektif resimlerini çizer. • İmalatta kullanılan perspektif temrinleri verilir. | D42: Geçen haftaki izometrik çizim hatırlatılır; bu hafta daha karmaşık bir parça ile pekiştirileceği söylenir. | E42: Kademeli/delikli bir parçanın izometrik perspektifi bağımsız olarak çizdirilir, öğretmen dönüt verir. | F42: Tamamlanan perspektif çizimleri toplanıp Perspektif ünitesi değerlendirilir. | G42: Gösteri, Soru-Cevap, Bireyselleştirilmiş Öğretim, Temrin Çalışmaları | H42: Teknik Resim Atölyesi, çizim masası, gönye, T cetveli, daire şablonu, akıllı tahta
A43: =TAKVİM!$B$45+(MATCH($G$5,{"Pazartesi","Salı","Çarşamba","Perşembe","Cuma"},0)-1) -> 46535 | B43: 3. İmalat Resmi Çizimi | C43: 3. Teknik resim kurallarına uygun olarak standart resim kâğıtlarına çeşitli iş parçalarının imalat resimlerini çizer. • İmalat resmi, imalat resminin özellikleri üzerinde durulur. • İmalat resim ölçeği, görünüş sayısı, kesit ve detaylarla ilgili örnekler verilir. | D43: Şimdiye kadar öğrenilen görünüş, kesit, ölçülendirme, tolerans ve yüzey kalitesinin bir araya geleceği son ünitenin İmalat Resmi olduğu söylenir. | E43: İmalat resminin özellikleri (ölçek, görünüş sayısı, kesit, detay, antet) örnek bir tam imalat resmi üzerinden gösterilir. | F43: Öğrencilerden örnek resimdeki antet bilgilerini okumaları istenir. | G43: Gösteri, Soru-Cevap, Bireyselleştirilmiş Öğretim, Temrin Çalışmaları | H43: Teknik Resim Atölyesi, çizim masası, gönye, T cetveli, daire şablonu, akıllı tahta
A44: =TAKVİM!$B$46+(MATCH($G$5,{"Pazartesi","Salı","Çarşamba","Perşembe","Cuma"},0)-1) -> 46542 | B44: 3. İmalat Resmi Çizimi | C44: 3. Teknik resim kurallarına uygun olarak standart resim kâğıtlarına çeşitli iş parçalarının imalat resimlerini çizer. • İmalat resim temrinleri verilir. | D44: Geçen haftaki örnek imalat resmi hatırlatılır; bu hafta öğrencilerin kendi imalat resmi temrinine başlayacağı söylenir. | E44: Basit bir makine parçasının (destek plakası gibi) imalat resmi çizimine görünüş seçimi ve yerleşim aşamasıyla başlanır. | F44: Yerleşim planı öğretmen tarafından kontrol edilip onaylanır. | G44: Gösteri, Soru-Cevap, Bireyselleştirilmiş Öğretim, Temrin Çalışmaları | H44: Teknik Resim Atölyesi, çizim masası, gönye, T cetveli, daire şablonu, akıllı tahta
A45: =TAKVİM!$B$47+(MATCH($G$5,{"Pazartesi","Salı","Çarşamba","Perşembe","Cuma"},0)-1) -> 46549 | B45: 3. İmalat Resmi Çizimi | C45: 3. Teknik resim kurallarına uygun olarak standart resim kâğıtlarına çeşitli iş parçalarının imalat resimlerini çizer. • İmalat resim temrinleri verilir. | D45: Geçen haftaki yerleşim planı hatırlatılır; bu hafta ölçülendirme ve kesit ekleme aşamasına geçileceği söylenir. | E45: Öğrenciler kendi imalat resimlerine ölçülendirme ve gerekiyorsa kesit görünüş ekler, öğretmen bireysel dönüt verir. | F45: Ölçülendirilen resimler kontrol edilir. | G45: Gösteri, Soru-Cevap, Bireyselleştirilmiş Öğretim, Temrin Çalışmaları | H45: Teknik Resim Atölyesi, çizim masası, gönye, T cetveli, daire şablonu, akıllı tahta
A46: =TAKVİM!$B$48+(MATCH($G$5,{"Pazartesi","Salı","Çarşamba","Perşembe","Cuma"},0)-1) -> 46556 | B46: 3. İmalat Resmi Çizimi | C46: 3. Teknik resim kurallarına uygun olarak standart resim kâğıtlarına çeşitli iş parçalarının imalat resimlerini çizer. • İmalat resim temrinleri verilir. | D46: Geçen hafta ölçülendirilen resmin bu hafta yüzey kalitesi ve tolerans bilgileriyle tamamlanacağı söylenir. | E46: Öğrenciler kendi resimlerine yüzey pürüzlülük sembollerini ve gerekli toleransları ekler. | F46: Eklenen sembollerin doğruluğu kontrol edilir. | G46: Gösteri, Soru-Cevap, Bireyselleştirilmiş Öğretim, Temrin Çalışmaları | H46: Teknik Resim Atölyesi, çizim masası, gönye, T cetveli, daire şablonu, akıllı tahta
A47: =TAKVİM!$B$49+(MATCH($G$5,{"Pazartesi","Salı","Çarşamba","Perşembe","Cuma"},0)-1) -> 46563 | B47: 3. İmalat Resmi Çizimi | C47: 3. Teknik resim kurallarına uygun olarak standart resim kâğıtlarına çeşitli iş parçalarının imalat resimlerini çizer. • İmalat resim temrinleri verilir. | D47: Yılın son haftası olduğu, bugüne kadar çizilen tüm resimlerin bir antetle tamamlanacağı söylenir. | E47: Antet doldurma kuralları (ölçek, malzeme, tarih, isim) gösterilir; öğrenciler imalat resmi temrinlerini antet ile tamamlayıp teslim eder. | F47: Tamamlanan imalat resimleri toplanıp yıl boyunca gelişim genel olarak değerlendirilir, öğrencilere yıl sonu dönütü verilir. | G47: Gösteri, Soru-Cevap, Bireyselleştirilmiş Öğretim, Temrin Çalışmaları | H47: Teknik Resim Atölyesi, çizim masası, gönye, T cetveli, daire şablonu, akıllı tahta
A51: Ali Osman KOÇ | F51: AHMET AÇAR
A52: Alan Şefi / Öğretmen | F52: Okul Müdürü
A54: …./…./20… | F54: UYGUNDUR

Sheet BAKIM ONARIM MESLE 10-A
C1: GÜNLÜK DERS PLANI
A3: DERS | B3: BAKIM ONARIM MESLEK RESMİ | F3: ALAN/DAL | G3: Makine ve Tasarım Teknolojisi Alanı / Makine Bakım Onarım
A4: SINIF | B4: AMP 10-A | F4: DERS SAATİ | G4: 3 SAAT
A5: ÖĞRETMEN | B5: Ali Osman KOÇ | F5: DERS GÜNÜ SEÇ | G5: Cuma
A7: TARİH | B7: KONU | C7: KAZANIM | D7: GİRİŞ | E7: GELİŞME | F7: SONUÇ | G7: YÖNTEM VE TEKNİKLER | H7: ARAÇ VE GEREÇLER | I7: ÖLÇME-DEĞERLENDİRME
A8: =TAKVİM!$B$10+(MATCH($G$5,{"Pazartesi","Salı","Çarşamba","Perşembe","Cuma"},0)-1) -> 46283 | B8: VİDA, CIVATA VE SOMUN RESMİ ÇİZİMİ - 1. Vida Dişleri Çizimleri | C8: 1. Standart çizelgelerden yararlanarak vida ölçülerini bulur ve vida dişi resmi çizer. • Vidalarla ilgili araştırma yapması istenir. • Öğrenciye vida ile cıvata arasındaki fark açıklanır. • Diş dibi ve diş üstü çapı kavramları üzerinde durulur. • Standart tablolardan ölçü alma işlemi açıklanır. | D8: Öğretim yılının ilk dersi olduğu için önceki bir konu tekrarı yapılmaz; bunun yerine bir cıvatanın üzerindeki dişin nasıl standart bir ölçüye göre üretildiği sorularak derse başlanır. Sınıfa örnek vida/cıvata numuneleri ve standart vida ölçü çizelgesi getirilir. | E8: Vida ile cıvata arasındaki fark, diş dibi ve diş üstü çapı kavramları örnek parça üzerinde gösterilir; standart tablodan ölçü okuma tekniği adım adım anlatılır. Öğrenciler seçtikleri bir vida ölçüsü için tablodan değer bularak vida dişi resmini çizer. | F8: Çizilen vida dişi resimleri tablo değerleriyle karşılaştırılarak kontrol edilir. | G8: Gösteri, Soru-Cevap, Bireyselleştirilmiş Öğretim, Temrin Çalışmaları | H8: Meslek Resim Salonu, resim masası, çizim araç gereçleri, çizim kâğıtları, örnek model parçalar, standart tablolar ve çizelgeler, akıllı tahta
A9: =TAKVİM!$B$11+(MATCH($G$5,{"Pazartesi","Salı","Çarşamba","Perşembe","Cuma"},0)-1) -> 46290 | B9: 1. Vida Dişleri Çizimleri | C9: 1. Standart çizelgelerden yararlanarak vida ölçülerini bulur ve vida dişi resmi çizer. • Çizgi kalınlıklarına dikkat etmeleri sağlanır. • Öğrencinin çizdiği her örnek bir port folyo dosyasına kaydedilir. | D9: Geçen hafta başlanan vida dişi çizimi hatırlatılır; bu hafta çizgi kalınlıklarına özellikle dikkat edileceği ve tüm çizimlerin bir portfolyo dosyasında saklanacağı söylenir. | E9: Vida dişi çiziminde kalın/ince çizgi kullanım kuralları tekrar gösterilir; öğrenciler farklı bir vida ölçüsü için ikinci bir vida dişi resmi çizer ve tamamlanan çalışmasını portfolyo dosyasına ekler. | F9: Portfolyo dosyaları kontrol edilerek çizim düzeni ve dosyalama alışkanlığı değerlendirilir. | G9: Gösteri, Soru-Cevap, Bireyselleştirilmiş Öğretim, Temrin Çalışmaları | H9: Meslek Resim Salonu, resim masası, çizim araç gereçleri, çizim kâğıtları, örnek model parçalar, standart tablolar ve çizelgeler, akıllı tahta
A10: =TAKVİM!$B$12+(MATCH($G$5,{"Pazartesi","Salı","Çarşamba","Perşembe","Cuma"},0)-1) -> 46297 | B10: 2. Cıvata Resmi Çizimleri | C10: 2. Standart çizelgelerden yararlanarak cıvata ölçülerini bularak resimlerini çizer. • Cıvata başı ve cıvata boyu kavramları açıklanır. • Tablolardan standart cıvata ölçülerini tespit etmesi sağlanır. • Anahtar ağzı kavramı açıklanır. | D10: Geçen haftaki vida dişi bilgisinin bu hafta tam bir cıvata çiziminde kullanılacağı söylenir; farklı baş tipindeki cıvata örnekleri (altı köşe, inbus) gösterilir. | E10: Cıvata başı ve cıvata boyu kavramları, standart tablodan cıvata ölçüsü tespiti ve anahtar ağzı ölçüsü hesaplama gösterilir; öğrenciler seçtikleri bir cıvatanın resmini tablo değerlerine göre çizer. | F10: Çizilen cıvata resmi anahtar ağzı ölçüsü açısından kontrol edilir. | G10: Gösteri, Soru-Cevap, Bireyselleştirilmiş Öğretim, Temrin Çalışmaları | H10: Meslek Resim Salonu, resim masası, çizim araç gereçleri, çizim kâğıtları, örnek model parçalar, standart tablolar ve çizelgeler, akıllı tahta
A11: =TAKVİM!$B$13+(MATCH($G$5,{"Pazartesi","Salı","Çarşamba","Perşembe","Cuma"},0)-1) -> 46304 | B11: 3. Somun Resmi Çizimleri | C11: 3. Standart çizelgelerden yararlanarak somun ölçülerini bularak resimlerini çizer. • Tablolardan standart somun ölçülerini doğru tespit etmesi sağlanır. • Somunun altıgenini çizerken daire içine çokgen çizme yöntemi kullanılır. | D11: Geçen haftaki cıvatanın sıkılacağı somun bu hafta işleneceği söylenir; örnek somun numunesi gösterilir. | E11: Standart tablodan somun ölçüsü tespiti gösterilir; somunun altıgen görünüşünü çizmek için daire içine altıgen çizme yöntemi (pergel ve gönye ile) adım adım gösterilir. Öğrenciler kendi somun resimlerini çizer. | F11: Çizilen altıgenin köşe noktaları ve ölçüsü kontrol edilir. | G11: Gösteri, Soru-Cevap, Bireyselleştirilmiş Öğretim, Temrin Çalışmaları | H11: Meslek Resim Salonu, resim masası, çizim araç gereçleri, çizim kâğıtları, örnek model parçalar, standart tablolar ve çizelgeler, akıllı tahta
A12: =TAKVİM!$B$14+(MATCH($G$5,{"Pazartesi","Salı","Çarşamba","Perşembe","Cuma"},0)-1) -> 46311 | B12: 4. Vidalı Birleştirme Çizimleri | C12: 4. Vidalı birleştirme resimleri çizer. • Vidalı birleştirmelerle ilgili araştırma yapması istenir. • Cıvatalı birleştirme çizimlerinde birleştirme örnekleri görsel olarak anlatılır. • Tablolardan standart cıvata ölçülerini doğru tespit etmesi sağlanır. | D12: Geçen haftalarda ayrı ayrı çizilen vida, cıvata ve somunun birlikte nasıl bir birleştirme oluşturduğu sorulur; örnek vidalı birleştirme resmi/parçası gösterilir. | E12: Vidalı birleştirmelerle ilgili kısa bir araştırma ödevi hatırlatılarak bulgular paylaşılır; cıvatalı birleştirme örnekleri görsellerle anlatılır ve tablodan cıvata ölçüsü seçerek birleştirme resmi çizme çalışması başlatılır. | F12: Başlanan birleştirme resmi öğretmen tarafından kontrol edilip gelecek hafta tamamlanacağı belirtilir. | G12: Gösteri, Soru-Cevap, Bireyselleştirilmiş Öğretim, Temrin Çalışmaları | H12: Meslek Resim Salonu, resim masası, çizim araç gereçleri, çizim kâğıtları, örnek model parçalar, standart tablolar ve çizelgeler, akıllı tahta
A13: =TAKVİM!$B$15+(MATCH($G$5,{"Pazartesi","Salı","Çarşamba","Perşembe","Cuma"},0)-1) -> 46318 | B13: 4. Vidalı Birleştirme Çizimleri | C13: 4. Vidalı birleştirme resimleri çizer. • Vidalı birleştirmelerin ön ve yan görünüşlerinin kesit olarak çizilmesi sağlanır. | D13: Geçen hafta başlanan vidalı birleştirme resmi hatırlatılır; bu hafta ön ve yan görünüşlerin kesit olarak çizileceği söylenir. | E13: Vidalı birleştirmenin ön ve yan görünüşünün kesit alınarak çizilmesi gösterilir; öğrenciler kendi birleştirme resimlerini kesit görünüşle tamamlar. | F13: Kesit tarama çizgilerinin doğruluğu kontrol edilir. | G13: Gösteri, Soru-Cevap, Bireyselleştirilmiş Öğretim, Temrin Çalışmaları | H13: Meslek Resim Salonu, resim masası, çizim araç gereçleri, çizim kâğıtları, örnek model parçalar, standart tablolar ve çizelgeler, akıllı tahta
A14: =TAKVİM!$B$16+(MATCH($G$5,{"Pazartesi","Salı","Çarşamba","Perşembe","Cuma"},0)-1) -> 46325 | B14: 4. Vidalı Birleştirme Çizimleri | C14: 4. Vidalı birleştirme resimleri çizer. • Öğrencilerin kendi seçtikleri bir birleştirme tipini kullanarak uygulama yapmasına fırsat verilir. 29 EKİM Cumhuriyet Bayramı | D14: 29 Ekim Cumhuriyet Bayramı nedeniyle kısa bir haftaya girildiği hatırlatılır; bu hafta öğrencilerin kendi seçtikleri bir birleştirme tipiyle serbest uygulama yapacağı söylenir. | E14: Öğrenciler daha önce öğrendikleri vida-cıvata-somun bilgisiyle kendi seçtikleri bir birleştirme tipini (örn. flanş bağlantısı) resmeder; öğretmen bireysel dönüt verir. | F14: Tamamlanan serbest uygulamalar portfolyoya eklenir, vidalı birleştirmeler ünitesi değerlendirilir. | G14: Gösteri, Soru-Cevap, Bireyselleştirilmiş Öğretim, Temrin Çalışmaları | H14: Meslek Resim Salonu, resim masası, çizim araç gereçleri, çizim kâğıtları, örnek model parçalar, standart tablolar ve çizelgeler, akıllı tahta
A15: =TAKVİM!$B$17+(MATCH($G$5,{"Pazartesi","Salı","Çarşamba","Perşembe","Cuma"},0)-1) -> 46332 | B15: EMNİYETLİ BAĞLAMA ELEMANLARI ÇİZİMİ - 1. Rondela Çizimi | C15: 1. Standart çizelgelerden rondela ölçülerini belirleyerek rondela resmi çizer. • Tablolardan standart rondela ölçülerini doğru tespit etmesi sağlanır. • Rondelaların ön görünüşünün kesit olarak çizilmesi sağlanır. | D15: Sıkılan bir cıvatanın somunla temas yüzeyini korumak için neye ihtiyaç duyulduğu sorulur; rondela örnekleri gösterilir. | E15: Standart tablodan rondela ölçüsü tespiti gösterilir; rondelanın ön görünüşünün kesit olarak çizilmesi anlatılır. Öğrenciler kendi rondela resimlerini çizer. | F15: Çizilen rondela kesitleri tablo ölçüleriyle karşılaştırılır. | G15: Gösteri, Soru-Cevap, Bireyselleştirilmiş Öğretim, Temrin Çalışmaları | H15: Meslek Resim Salonu, resim masası, çizim araç gereçleri, çizim kâğıtları, örnek model parçalar, standart tablolar ve çizelgeler, akıllı tahta
A16: =TAKVİM!$B$18+(MATCH($G$5,{"Pazartesi","Salı","Çarşamba","Perşembe","Cuma"},0)-1) -> 46339 | B16: 1. Rondela Çizimi | C16: 1. Standart çizelgelerden rondela ölçülerini belirleyerek rondela resmi çizer. • Öğrencinin çizdiği her örnek bir port folyo dosyasına kaydedilir. 10 KASIM Atatürk'ü Anma Günü ve Atatürk Haftası | D16: 10 Kasım Atatürk'ü Anma Günü anması sonrası, geçen haftaki rondela çizimi hatırlatılarak bu haftanın pekiştirme çalışması olacağı söylenir. | E16: Farklı bir rondela ölçüsü için ikinci bir çizim temrini yaptırılır; tamamlanan çalışma portfolyo dosyasına eklenir. | F16: Portfolyo dosyaları kontrol edilip Emniyetli Bağlama Elemanları ünitesinin ilk konusu tamamlanır. | G16: Gösteri, Soru-Cevap, Bireyselleştirilmiş Öğretim, Temrin Çalışmaları | H16: Meslek Resim Salonu, resim masası, çizim araç gereçleri, çizim kâğıtları, örnek model parçalar, standart tablolar ve çizelgeler, akıllı tahta
A17: =TAKVİM!$C$19 -> 16-20 Kasım | B17: 1.DÖNEM ARA TATİL
A18: =TAKVİM!$B$20+(MATCH($G$5,{"Pazartesi","Salı","Çarşamba","Perşembe","Cuma"},0)-1) -> 46353 | B18: 2. Emniyet Sacı Resmi Çizimi | C18: 2. Standart ölçülerini dikkate alarak emniyet sacı resmi çizer. • Emniyet sacının birleştirmede önemi ile ilgili araştırma yapması istenir. • Emniyet sacı birleştirme çizimlerinde birleştirme örnekleri görsel olarak anlatılır. | D18: Ara tatil dönüşü kısa bir hatırlatmanın ardından, bir somunun titreşimle gevşemesini önlemek için hangi elemanın kullanıldığı sorulur; emniyet sacı örneği gösterilir. | E18: Emniyet sacının birleştirmedeki önemiyle ilgili kısa araştırma ödevi paylaşılır; emniyet sacı birleştirme örnekleri görsellerle anlatılır ve öğrenciler emniyet sacı resmini çizer. | F18: Çizilen emniyet sacı resmi standart ölçülerle karşılaştırılır. | G18: Gösteri, Soru-Cevap, Bireyselleştirilmiş Öğretim, Temrin Çalışmaları | H18: Meslek Resim Salonu, resim masası, çizim araç gereçleri, çizim kâğıtları, örnek model parçalar, standart tablolar ve çizelgeler, akıllı tahta
A19: =TAKVİM!$B$21+(MATCH($G$5,{"Pazartesi","Salı","Çarşamba","Perşembe","Cuma"},0)-1) -> 46360 | B19: 2. Emniyet Sacı Resmi Çizimi - 3. Ayar Bileziği Resmi Çizimi | C19: 2. Standart ölçülerini dikkate alarak emniyet sacı resmi çizer. • Öğrencinin çizdiği her örnek bir port folyo dosyasına kaydedilir. 3. Ayar bileziği resmi çizer. • Ayar bileziğinin birleştirmede önemi ile ilgili araştırma yapması istenir. | D19: Geçen haftaki emniyet sacı hatırlatılır; bu hafta benzer amaçla kullanılan ayar bileziğine geçileceği söylenir. | E19: Emniyet sacı çizimleri portfolyoya eklenir; ardından ayar bileziğinin birleştirmedeki önemiyle ilgili kısa bir araştırma paylaşımı yapılır ve ayar bileziği resmi çizim çalışmasına başlanır. | F19: Başlanan ayar bileziği resmi kontrol edilip gelecek hafta tamamlanacağı belirtilir. | G19: Gösteri, Soru-Cevap, Bireyselleştirilmiş Öğretim, Temrin Çalışmaları | H19: Meslek Resim Salonu, resim masası, çizim araç gereçleri, çizim kâğıtları, örnek model parçalar, standart tablolar ve çizelgeler, akıllı tahta
A20: =TAKVİM!$B$22+(MATCH($G$5,{"Pazartesi","Salı","Çarşamba","Perşembe","Cuma"},0)-1) -> 46367 | B20: 3. Ayar Bileziği Resmi Çizimi - 4. Gupilya Resmi Çizimi | C20: 3. Ayar bileziği resmi çizer. 4. Gupilya resmi çizer. • Tablolardan gupilya ölçülerini doğru tespit etmesi sağlanır. • Gupilya çapı, kullanılacağı perno veya cıvatanın delik çapına göre seçilmesi üzerinde durulur. | D20: Geçen hafta başlanan ayar bileziği resmi hatırlatılır; bu hafta tamamlanacağı ve ardından gupilyaya geçileceği söylenir. Örnek gupilya numunesi gösterilir. | E20: Ayar bileziği resmi tamamlattırılır; gupilya çapının, kullanılacağı perno/cıvatanın delik çapına göre nasıl seçildiği tablo üzerinden gösterilir, öğrenciler gupilya resmi çizer. | F20: Gupilya çapı ile delik çapı uyumu kontrol edilir. | G20: Gösteri, Soru-Cevap, Bireyselleştirilmiş Öğretim, Temrin Çalışmaları | H20: Meslek Resim Salonu, resim masası, çizim araç gereçleri, çizim kâğıtları, örnek model parçalar, standart tablolar ve çizelgeler, akıllı tahta
A21: =TAKVİM!$B$23+(MATCH($G$5,{"Pazartesi","Salı","Çarşamba","Perşembe","Cuma"},0)-1) -> 46374 | B21: 4. Gupilya Resmi Çizimi - 5. Emniyet Segmanı Resmi Çizimi | C21: 4. Gupilya resmi çizer. • Öğrencinin çizdiği her örnek bir port folyo dosyasına kaydedilir. 5. Emniyet segmanı resmi çizer. • Emniyet segmanı ile ilgili araştırma yapması istenir. | D21: Geçen haftaki gupilya resmi hatırlatılır; bu hafta tamamlanacağı ve emniyet segmanına geçileceği söylenir. | E21: Gupilya resmi tamamlanıp portfolyoya eklenir; emniyet segmanıyla ilgili kısa araştırma paylaşımı yapılır, öğrenciler emniyet segmanı resmi çizimine başlar. | F21: Başlanan segman resmi kontrol edilir. | G21: Gösteri, Soru-Cevap, Bireyselleştirilmiş Öğretim, Temrin Çalışmaları | H21: Meslek Resim Salonu, resim masası, çizim araç gereçleri, çizim kâğıtları, örnek model parçalar, standart tablolar ve çizelgeler, akıllı tahta
A22: =TAKVİM!$B$24+(MATCH($G$5,{"Pazartesi","Salı","Çarşamba","Perşembe","Cuma"},0)-1) -> 46381 | B22: 5. Emniyet Segmanı Resmi Çizimi - 6. Mil Tespit Plakası Resmi Çizimi | C22: 5. Emniyet segmanı resmi çizer. 6. Mil tespit plakası resmi çizer. • Mil tespit plakası ile ilgili araştırma yapması istenir. | D22: Geçen hafta başlanan emniyet segmanı resmi hatırlatılır; bu hafta tamamlanacağı ve mil tespit plakasına geçileceği söylenir. | E22: Emniyet segmanı resmi tamamlattırılır; mil tespit plakasıyla ilgili kısa araştırma paylaşımı yapılır, öğrenciler mil tespit plakası resmi çizimine başlar. | F22: Başlanan mil tespit plakası resmi kontrol edilir. | G22: Gösteri, Soru-Cevap, Bireyselleştirilmiş Öğretim, Temrin Çalışmaları | H22: Meslek Resim Salonu, resim masası, çizim araç gereçleri, çizim kâğıtları, örnek model parçalar, standart tablolar ve çizelgeler, akıllı tahta
A23: =TAKVİM!$B$25+(MATCH($G$5,{"Pazartesi","Salı","Çarşamba","Perşembe","Cuma"},0)-1) -> 46388 | B23: 6. Mil Tespit Plakası Resmi Çizimi | C23: 6. Mil tespit plakası resmi çizer. • Mil tespit plakası çizimlerinde birleştirme örnekleri görsel olarak anlatılır. | D23: Yılın son haftası öncesinde, geçen hafta başlanan mil tespit plakası resminin bu hafta tamamlanacağı söylenir. | E23: Mil tespit plakası çizimlerinde birleştirme örnekleri görsellerle anlatılır; öğrenciler resimlerini tamamlar. | F23: Tamamlanan resimler portfolyoya eklenir, Emniyetli Bağlama Elemanları ünitesi genel olarak değerlendirilir. | G23: Gösteri, Soru-Cevap, Bireyselleştirilmiş Öğretim, Temrin Çalışmaları | H23: Meslek Resim Salonu, resim masası, çizim araç gereçleri, çizim kâğıtları, örnek model parçalar, standart tablolar ve çizelgeler, akıllı tahta
A24: =TAKVİM!$B$26+(MATCH($G$5,{"Pazartesi","Salı","Çarşamba","Perşembe","Cuma"},0)-1) -> 46395 | B24: BİRLEŞTİRME RESİMLERİ ÇİZİMİ - 1. Perno Resmi Çizimi | C24: 1. Standart çizelgelerden yararlanarak perno resmi çizer. • Tablolardan standart perno ölçülerini doğru tespit etmesi sağlanır. | D24: 2. dönem başlamadan önce 1. dönemde çizilen emniyetli bağlama elemanlarının kısa bir özeti yapılır; bu hafta yeni ünite olan Birleştirme Resimleri'ne, pernoyla başlanacağı söylenir. Örnek perno gösterilir. | E24: Standart tablodan perno ölçüsü tespiti gösterilir; öğrenciler perno resmini çizer. | F24: Çizilen perno resmi tablo ölçüleriyle kontrol edilir. | G24: Gösteri, Soru-Cevap, Bireyselleştirilmiş Öğretim, Temrin Çalışmaları | H24: Meslek Resim Salonu, resim masası, çizim araç gereçleri, çizim kâğıtları, örnek model parçalar, standart tablolar ve çizelgeler, akıllı tahta
A25: =TAKVİM!$B$27+(MATCH($G$5,{"Pazartesi","Salı","Çarşamba","Perşembe","Cuma"},0)-1) -> 46402 | B25: 1. Perno Resmi Çizimi - 2. Pim Resmi Çizimi | C25: 1. Standart çizelgelerden yararlanarak perno resmi çizer. • Öğrencinin çizdiği her örnek bir port folyo dosyasına kaydedilir. 2. Standart çizelgelerden pim resmi çizer. • Tablolardan standart pim ölçülerini doğru tespit etmesi sağlanır. | D25: Geçen haftaki perno resmi hatırlatılır; bu hafta pime geçileceği söylenir, örnek pim numuneleri gösterilir. | E25: Perno resmi portfolyoya eklenir; standart tablodan pim ölçüsü tespiti gösterilir ve öğrenciler pim resmi çizimine başlar. | F25: Başlanan pim resmi kontrol edilir. | G25: Gösteri, Soru-Cevap, Bireyselleştirilmiş Öğretim, Temrin Çalışmaları | H25: Meslek Resim Salonu, resim masası, çizim araç gereçleri, çizim kâğıtları, örnek model parçalar, standart tablolar ve çizelgeler, akıllı tahta
A26: =TAKVİM!$B$28+(MATCH($G$5,{"Pazartesi","Salı","Çarşamba","Perşembe","Cuma"},0)-1) -> 46409 | B26: 2. Pim Resmi Çizimi | C26: 2. Standart çizelgelerden pim resmi çizer. • Öğrencinin çizdiği her örnek bir port folyo dosyasına kaydedilir. | D26: Geçen hafta başlanan pim resmi hatırlatılır; bu hafta tamamlanacağı söylenir. | E26: Pim resmi tamamlattırılır ve portfolyoya eklenir. | F26: 1. dönem sonu genel bir değerlendirme yapılır. | G26: Gösteri, Soru-Cevap, Bireyselleştirilmiş Öğretim, Temrin Çalışmaları | H26: Meslek Resim Salonu, resim masası, çizim araç gereçleri, çizim kâğıtları, örnek model parçalar, standart tablolar ve çizelgeler, akıllı tahta
A27: =TAKVİM!$C$29 -> 25-29 Ocak | B27: YARI YIL TATİLİ
A28: =TAKVİM!$B$30+(MATCH($G$5,{"Pazartesi","Salı","Çarşamba","Perşembe","Cuma"},0)-1) -> 46430 | B28: 3. Kama Resmi Çizimi | C28: 3. Standart çizelgelerden yararlanarak kama resmi çizer. • Tablolardan standart kama ölçülerini doğru tespit etmesi sağlanır. • Kamalı birleştirme resimlerinde bırakılacak boşluğa dikkat etmesi istenir. | D28: Yarıyıl tatili dönüşü kısa bir hatırlatmayla derse başlanır; bir mile dişli/kasnak gibi bir parçanın dönmeden nasıl sabitlendiği sorulur; kama örneği gösterilir. | E28: Standart tablodan kama ölçüsü tespiti gösterilir; kamalı birleştirmede bırakılması gereken boşluğa dikkat çekilir. Öğrenciler kama resmi çizimine başlar. | F28: Başlanan kama resmi kontrol edilir. | G28: Gösteri, Soru-Cevap, Bireyselleştirilmiş Öğretim, Temrin Çalışmaları | H28: Meslek Resim Salonu, resim masası, çizim araç gereçleri, çizim kâğıtları, örnek model parçalar, standart tablolar ve çizelgeler, akıllı tahta
A29: =TAKVİM!$B$31+(MATCH($G$5,{"Pazartesi","Salı","Çarşamba","Perşembe","Cuma"},0)-1) -> 46437 | B29: 3. Kama Resmi Çizimi | C29: 3. Standart çizelgelerden yararlanarak kama resmi çizer. • Kamalı birleştirmenin ön görünüşünün kesit olarak çizilmesi sağlanır. • Öğrencinin çizdiği her örnek bir port folyo dosyasına kaydedilir. | D29: Geçen hafta başlanan kama resmi hatırlatılır; bu hafta ön görünüşün kesit olarak çizileceği söylenir. | E29: Kamalı birleştirmenin ön görünüşünün kesit alınarak çizilmesi gösterilir; öğrenciler resimlerini bu şekilde tamamlayıp portfolyoya ekler. | F29: Kesit görünüşün doğruluğu kontrol edilir. | G29: Gösteri, Soru-Cevap, Bireyselleştirilmiş Öğretim, Temrin Çalışmaları | H29: Meslek Resim Salonu, resim masası, çizim araç gereçleri, çizim kâğıtları, örnek model parçalar, standart tablolar ve çizelgeler, akıllı tahta
A30: =TAKVİM!$B$32+(MATCH($G$5,{"Pazartesi","Salı","Çarşamba","Perşembe","Cuma"},0)-1) -> 46444 | B30: 3. Kama Resmi Çizimi | C30: 3. Standart çizelgelerden yararlanarak kama resmi çizer. • Kamalı birleştirmenin ön görünüşünün kesit olarak çizilmesi sağlanır. | D30: Geçen haftaki kesitli kama çizimi hatırlatılır; bu hafta farklı bir kama tipiyle pekiştirme yapılacağı söylenir. | E30: Farklı bir kama ölçüsü/tipi için ikinci bir kesitli kama resmi çizim temrini yaptırılır. | F30: Tamamlanan ikinci temrin ile ilki karşılaştırılarak değerlendirilir. | G30: Gösteri, Soru-Cevap, Bireyselleştirilmiş Öğretim, Temrin Çalışmaları | H30: Meslek Resim Salonu, resim masası, çizim araç gereçleri, çizim kâğıtları, örnek model parçalar, standart tablolar ve çizelgeler, akıllı tahta
A31: =TAKVİM!$B$33+(MATCH($G$5,{"Pazartesi","Salı","Çarşamba","Perşembe","Cuma"},0)-1) -> 46451 | B31: 4. Yay Resmi Çizimi | C31: 4. Yay boyunu hesaplayarak yay resmi çizer. • Tablolardan yay ölçülerini doğru tespit etmesi sağlanır. • Birleştirme resimlerinde yaylar kesit görünüş olarak çizilir. | D31: Kamanın aksine esnek bir bağlantı elemanına ihtiyaç duyulduğunda ne kullanıldığı sorulur; yay örneği gösterilir. | E31: Yay boyu hesaplama yöntemi ve standart tablodan yay ölçüsü tespiti gösterilir; yayların birleştirme resimlerinde kesit görünüş olarak çizildiği anlatılır. Öğrenciler yay resmi çizer. | F31: Hesaplanan yay boyu ile çizilen resim karşılaştırılarak kontrol edilir. | G31: Gösteri, Soru-Cevap, Bireyselleştirilmiş Öğretim, Temrin Çalışmaları | H31: Meslek Resim Salonu, resim masası, çizim araç gereçleri, çizim kâğıtları, örnek model parçalar, standart tablolar ve çizelgeler, akıllı tahta
A32: =TAKVİM!$C$34 -> 08-12 Mart | B32: 2. DÖNEM ARA TATİL
A33: =TAKVİM!$B$35+(MATCH($G$5,{"Pazartesi","Salı","Çarşamba","Perşembe","Cuma"},0)-1) -> 46465 | B33: 5. Perçin Resmi Çizimleri | C33: 5. Perçin ölçülerini belirleyerek perçinli birleştirme resimleri çizer. • Perçinli birleştirmelerde ön görünüşlerin kesit olarak çizilmesi sağlanır. | D33: Tatil dönüşü kısa bir hatırlatmayla başlanır; sökülemeyen bir birleştirme türü olan perçine geçileceği söylenir, örnek perçinli parça gösterilir. | E33: Perçinli birleştirmelerde ön görünüşün kesit olarak çizilmesi gösterilir; öğrenciler perçin ölçülerini belirleyerek perçinli birleştirme resmi çizer. | F33: Çizilen perçin resmi kesit kurallarına uygunluk açısından kontrol edilir. | G33: Gösteri, Soru-Cevap, Bireyselleştirilmiş Öğretim, Temrin Çalışmaları | H33: Meslek Resim Salonu, resim masası, çizim araç gereçleri, çizim kâğıtları, örnek model parçalar, standart tablolar ve çizelgeler, akıllı tahta
A34: =TAKVİM!$B$36+(MATCH($G$5,{"Pazartesi","Salı","Çarşamba","Perşembe","Cuma"},0)-1) -> 46472 | B34: 5. Perçin Resmi Çizimleri - 6. Kaynaklı Birleştirme Resmi Çizimleri | C34: 5. Perçin ölçülerini belirleyerek perçinli birleştirme resimleri çizer. • Öğrencinin çizdiği her örnek bir port folyo dosyasına kaydedilir. 6. Kaynaklı birleştirme çeşitlerini belirleyerek kaynaklı birleştirme resimleri çizer. • Kaynaklı birleştirmeler ile ilgili araştırma yapması istenir. | D34: Geçen haftaki perçinli birleştirme hatırlatılır; bu hafta diğer bir sökülemeyen birleştirme türü olan kaynağa geçileceği söylenir. | E34: Perçin resmi tamamlanıp portfolyoya eklenir; kaynaklı birleştirmelerle ilgili kısa araştırma paylaşımı yapılır, kaynaklı birleştirme çeşitleri tanıtılır ve çizim çalışmasına başlanır. | F34: Başlanan kaynaklı birleştirme resmi kontrol edilir. | G34: Gösteri, Soru-Cevap, Bireyselleştirilmiş Öğretim, Temrin Çalışmaları | H34: Meslek Resim Salonu, resim masası, çizim araç gereçleri, çizim kâğıtları, örnek model parçalar, standart tablolar ve çizelgeler, akıllı tahta
A35: =TAKVİM!$B$37+(MATCH($G$5,{"Pazartesi","Salı","Çarşamba","Perşembe","Cuma"},0)-1) -> 46479 | B35: 6. Kaynaklı Birleştirme Resmi Çizimleri | C35: 6. Kaynaklı birleştirme çeşitlerini belirleyerek kaynaklı birleştirme resimleri çizer. • Kaynak sembolleri gösterilirken sembollerle beraber kılavuz çizgi ve referans çizgilerin kullanılması sağlanır. | D35: Geçen hafta başlanan kaynaklı birleştirme resmi hatırlatılır; bu hafta kaynak sembollerinin doğru gösterimine odaklanılacağı söylenir. | E35: Kaynak sembolleri, kılavuz çizgi ve referans çizgilerinin birlikte kullanımı gösterilir; öğrenciler kaynaklı birleştirme resmini sembollerle tamamlar. | F35: Kaynak sembollerinin doğru yerleştirilip yerleştirilmediği kontrol edilir; Birleştirme Resimleri ünitesi tamamlanır. | G35: Gösteri, Soru-Cevap, Bireyselleştirilmiş Öğretim, Temrin Çalışmaları | H35: Meslek Resim Salonu, resim masası, çizim araç gereçleri, çizim kâğıtları, örnek model parçalar, standart tablolar ve çizelgeler, akıllı tahta
A36: =TAKVİM!$B$38+(MATCH($G$5,{"Pazartesi","Salı","Çarşamba","Perşembe","Cuma"},0)-1) -> 46486 | B36: MAKİNE ELEMANLARI RESMİ ÇİZİMİ - 1. Kasnak Çizimi | C36: 1. Ölçülerini dikkate alarak kasnak resimleri çizer. • Kasnakların hesaplar yardımıyla çizilmesi sağlanır. • Kasnağın kol durumunu ifade etmek için kollar döndürülmüş kesit olarak çizilir. | D36: Şimdiye kadar bağlantı elemanları çizildiği, bu hafta yeni ünite olan Makine Elemanları Resmi'ne kasnakla başlanacağı söylenir; örnek kasnak gösterilir. | E36: Kasnak resminin hesaplarla nasıl çizildiği anlatılır; kasnağın kol durumunu göstermek için kolların döndürülmüş kesit olarak çizilme tekniği gösterilir. Öğrenciler kasnak resmi çizimine başlar. | F36: Başlanan kasnak resmi kontrol edilir. | G36: Gösteri, Soru-Cevap, Bireyselleştirilmiş Öğretim, Temrin Çalışmaları | H36: Meslek Resim Salonu, resim masası, çizim araç gereçleri, çizim kâğıtları, örnek model parçalar, standart tablolar ve çizelgeler, akıllı tahta
A37: =TAKVİM!$B$39+(MATCH($G$5,{"Pazartesi","Salı","Çarşamba","Perşembe","Cuma"},0)-1) -> 46493 | B37: 1. Kasnak Çizimi | C37: 1. Ölçülerini dikkate alarak kasnak resimleri çizer. • Kasnağın ön görünüşü kesit olarak çizilmesi gerektiği açıklanır. • Öğrencinin çizdiği her örnek bir port folyo dosyasına kaydedilir. 23 NİSAN Ulusal Egemenlik ve Çocuk Bayramı | D37: 23 Nisan haftasına denk gelen bu haftada, geçen hafta başlanan kasnak resminin bu hafta ön görünüşünün kesit olarak tamamlanacağı söylenir. | E37: Kasnağın ön görünüşünün kesit olarak çizilmesi gösterilir; öğrenciler resimlerini tamamlayıp portfolyoya ekler. | F37: Tamamlanan kasnak resimleri kesit kurallarına uygunluk açısından kontrol edilir. | G37: Gösteri, Soru-Cevap, Bireyselleştirilmiş Öğretim, Temrin Çalışmaları | H37: Meslek Resim Salonu, resim masası, çizim araç gereçleri, çizim kâğıtları, örnek model parçalar, standart tablolar ve çizelgeler, akıllı tahta
A38: =TAKVİM!$B$40+(MATCH($G$5,{"Pazartesi","Salı","Çarşamba","Perşembe","Cuma"},0)-1) -> 46500 | B38: 1. Kasnak Çizimi | C38: 1. Ölçülerini dikkate alarak kasnak resimleri çizer. • Öğrencinin çizdiği her örnek bir port folyo dosyasına kaydedilir. | D38: Geçen haftaki kasnak resmi hatırlatılır; bu hafta farklı bir kasnak ölçüsüyle pekiştirme yapılacağı söylenir. | E38: Farklı ölçüde bir kasnak için ikinci bir temrin çizdirilir; öğretmen bireysel dönüt verir. | F38: Tamamlanan çalışma portfolyoya eklenir, Kasnak Çizimi konusu değerlendirilir. | G38: Gösteri, Soru-Cevap, Bireyselleştirilmiş Öğretim, Temrin Çalışmaları | H38: Meslek Resim Salonu, resim masası, çizim araç gereçleri, çizim kâğıtları, örnek model parçalar, standart tablolar ve çizelgeler, akıllı tahta
A39: =TAKVİM!$B$41+(MATCH($G$5,{"Pazartesi","Salı","Çarşamba","Perşembe","Cuma"},0)-1) -> 46507 | B39: 2. Kayma Dirençli Yatak Çizimi | C39: 2. Ölçülerini dikkate alarak kayma dirençli yatak yapım resimleri çizer. • Tablolardan kayma dirençli yatak ölçülerini doğru tespit etmesi sağlanır. • Kayma dirençli yataklar resimlerde tek görünüşle ifade edilmesi gerektiği anlatılır. | D39: Bir milin bir yuvada sürtünmeyle dönmesini sağlayan elemanın ne olduğu sorulur; kayma dirençli yatak (burç) örneği gösterilir. | E39: Standart tablodan kayma dirençli yatak ölçüsü tespiti gösterilir; bu tür yatakların resimde tek görünüşle ifade edilebileceği anlatılır. Öğrenciler yatak resmi çizer. | F39: Çizilen yatak resmi tablo ölçüleriyle kontrol edilir. | G39: Gösteri, Soru-Cevap, Bireyselleştirilmiş Öğretim, Temrin Çalışmaları | H39: Meslek Resim Salonu, resim masası, çizim araç gereçleri, çizim kâğıtları, örnek model parçalar, standart tablolar ve çizelgeler, akıllı tahta
A40: =TAKVİM!$B$42+(MATCH($G$5,{"Pazartesi","Salı","Çarşamba","Perşembe","Cuma"},0)-1) -> 46514 | B40: 3. Yuvarlanma Dirençli Yatak Resmi Çizimi | C40: 3. Standart ölçülerini dikkate alarak yuvarlanma dirençli yatak yapım resimleri çizer. • Tablolardan yuvarlanma dirençli yatak ölçülerini doğru tespit etmesi sağlanır. • Yuvarlanmalı dirençli yatak resimleri montaj resimlerinde kesit görünüş olarak çizilmesi sağlanır. | D40: Geçen haftaki kayma dirençli yataktan farklı olarak, bilyalı/masuralı bir yatağın (rulman) nasıl çizileceği sorulur. | E40: Standart tablodan yuvarlanma dirençli yatak ölçüsü tespiti gösterilir; bu tür yatakların montaj resimlerinde kesit görünüş olarak çizildiği anlatılır. Öğrenciler yuvarlanma dirençli yatak resmi çizer. | F40: Kesit görünüşün doğruluğu kontrol edilir; Makine Elemanları Resmi ünitesi tamamlanır. | G40: Gösteri, Soru-Cevap, Bireyselleştirilmiş Öğretim, Temrin Çalışmaları | H40: Meslek Resim Salonu, resim masası, çizim araç gereçleri, çizim kâğıtları, örnek model parçalar, standart tablolar ve çizelgeler, akıllı tahta
A41: =TAKVİM!$B$43+(MATCH($G$5,{"Pazartesi","Salı","Çarşamba","Perşembe","Cuma"},0)-1) -> 46521 | B41: KOMPLE RESİMLER - 1. Parçaların Birleştirme Resmi Çizimi | C41: 1. İşlem sırasına göre komple montaj resimler çizer. • Komple resimlere ölçü verilmediği gibi toleranslarında verilmediği açıklanır. • Montaj resimleri önce çizilerek gösterilir sonra öğrencilerin çizmesi sağlanır. 19 MAYIS Atatürk'ü Anma Gençlik ve Spor Bayramı | D41: 19 Mayıs kutlamasının ardından, şimdiye kadar tek tek çizilen tüm makine elemanlarının bir araya getirileceği yeni ünite olan Komple Resimler'e geçileceği söylenir; hazır bir komple montaj resmi örneği gösterilir. | E41: Komple resimlere ölçü ve tolerans verilmediği açıklanır; öğretmen bir komple montaj resmini önce kendisi çizerek gösterir, ardından öğrenciler basit bir birleştirmenin komple resmini çizmeye başlar. | F41: Başlanan komple resim kontrol edilir. | G41: Gösteri, Soru-Cevap, Bireyselleştirilmiş Öğretim, Temrin Çalışmaları | H41: Meslek Resim Salonu, resim masası, çizim araç gereçleri, çizim kâğıtları, örnek model parçalar, standart tablolar ve çizelgeler, akıllı tahta
A42: =TAKVİM!$B$44+(MATCH($G$5,{"Pazartesi","Salı","Çarşamba","Perşembe","Cuma"},0)-1) -> 46528 | B42: 1. Parçaların Birleştirme Resmi Çizimi | C42: 1. İşlem sırasına göre komple montaj resimler çizer. • Montaj resimleri önce çizilerek gösterilir sonra öğrencilerin çizmesi sağlanır. | D42: Geçen hafta başlanan komple montaj resmi hatırlatılır; bu hafta tamamlanacağı söylenir. | E42: Öğretmen bir örnek daha göstererek farklı bir montaj resmini çizer; öğrenciler kendi komple resimlerini tamamlar. | F42: Tamamlanan komple resimler portfolyoya eklenir. | G42: Gösteri, Soru-Cevap, Bireyselleştirilmiş Öğretim, Temrin Çalışmaları | H42: Meslek Resim Salonu, resim masası, çizim araç gereçleri, çizim kâğıtları, örnek model parçalar, standart tablolar ve çizelgeler, akıllı tahta
A43: =TAKVİM!$B$45+(MATCH($G$5,{"Pazartesi","Salı","Çarşamba","Perşembe","Cuma"},0)-1) -> 46535 | B43: 2. Grup Montaj Resimleri Çizimi | C43: 2. Komple montaj resimlerinden grup montaj resimlerini çizer. • Grup montajlarının tek başına çalışan bölümler olduğu açıklanır. • Komple resim incelenerek grup montaj resmi çizilmesi sağlanır. | D43: Bir komple resmin aslında tek başına çalışabilen küçük gruplardan oluştuğu sorulur; grup montaj kavramına geçilir. | E43: Grup montajların komple resim içindeki tek başına çalışan bölümler olduğu açıklanır; bir komple resim incelenerek içindeki bir grup montaj resmi öğretmen tarafından çizilip gösterilir, öğrenciler benzer bir grup montaj resmi çizer. | F43: Çizilen grup montaj resmi komple resimle karşılaştırılarak kontrol edilir. | G43: Gösteri, Soru-Cevap, Bireyselleştirilmiş Öğretim, Temrin Çalışmaları | H43: Meslek Resim Salonu, resim masası, çizim araç gereçleri, çizim kâğıtları, örnek model parçalar, standart tablolar ve çizelgeler, akıllı tahta
A44: =TAKVİM!$B$46+(MATCH($G$5,{"Pazartesi","Salı","Çarşamba","Perşembe","Cuma"},0)-1) -> 46542 | B44: 2. Grup Montaj Resimleri Çizimi | C44: 2. Komple montaj resimlerinden grup montaj resimlerini çizer. • Montaj resimlerinden grup resimlerinin çizilmesi önce gösterilir sonra öğrencilerin çizmesi sağlanır. | D44: Geçen hafta başlanan grup montaj resmi hatırlatılır; bu hafta tamamlanacağı söylenir. | E44: Öğretmen farklı bir grup montaj örneği daha gösterir; öğrenciler kendi grup montaj resimlerini tamamlar. | F44: Tamamlanan grup montaj resimleri portfolyoya eklenir. | G44: Gösteri, Soru-Cevap, Bireyselleştirilmiş Öğretim, Temrin Çalışmaları | H44: Meslek Resim Salonu, resim masası, çizim araç gereçleri, çizim kâğıtları, örnek model parçalar, standart tablolar ve çizelgeler, akıllı tahta
A45: =TAKVİM!$B$47+(MATCH($G$5,{"Pazartesi","Salı","Çarşamba","Perşembe","Cuma"},0)-1) -> 46549 | B45: 3. Komple Resimler Çizimi | C45: 3. Grup montaj resimlerinden organ montaj resimlerini çizer. • Organ montaj resimleri grup montaj resimlerinin ayrı ayrı çizilmiş parçaları olduğu açıklanır. • Grup montaj resmi incelenerek organ resmi çizilmesi sağlanır. • Organ montaj resimleri önce çizilerek gösterilir sonra öğrencilerin çizmesi sağlanır. | D45: Bir grup montajın da kendi içinde ayrı ayrı parçalara (organlara) ayrıldığı sorulur; organ montaj resmi kavramına geçilir. | E45: Organ montaj resimlerinin grup montaj resimlerinin tek tek çizilmiş parçaları olduğu açıklanır; bir grup montaj resmi incelenerek içindeki bir organ resmi öğretmen tarafından önce çizilip gösterilir, ardından öğrenciler benzer bir organ resmi çizer. | F45: Çizilen organ resmi grup montaj resmiyle karşılaştırılarak kontrol edilir. | G45: Gösteri, Soru-Cevap, Bireyselleştirilmiş Öğretim, Temrin Çalışmaları | H45: Meslek Resim Salonu, resim masası, çizim araç gereçleri, çizim kâğıtları, örnek model parçalar, standart tablolar ve çizelgeler, akıllı tahta
A46: =TAKVİM!$B$48+(MATCH($G$5,{"Pazartesi","Salı","Çarşamba","Perşembe","Cuma"},0)-1) -> 46556 | B46: 3. Komple Resimler Çizimi | C46: 3. Grup montaj resimlerinden organ montaj resimlerini çizer. • Organ montaj resimleri önce çizilerek gösterilir sonra öğrencilerin çizmesi sağlanır. | D46: Geçen hafta başlanan organ montaj resmi hatırlatılır; bu hafta farklı bir organ parçasıyla pekiştirileceği söylenir. | E46: Öğretmen farklı bir organ resmi örneği daha gösterir; öğrenciler kendi organ resimlerini çizer. | F46: Tamamlanan organ resimleri portfolyoya eklenir. | G46: Gösteri, Soru-Cevap, Bireyselleştirilmiş Öğretim, Temrin Çalışmaları | H46: Meslek Resim Salonu, resim masası, çizim araç gereçleri, çizim kâğıtları, örnek model parçalar, standart tablolar ve çizelgeler, akıllı tahta
A47: =TAKVİM!$B$49+(MATCH($G$5,{"Pazartesi","Salı","Çarşamba","Perşembe","Cuma"},0)-1) -> 46563 | B47: 3. Komple Resimler Çizimi | C47: 3. Grup montaj resimlerinden organ montaj resimlerini çizer. • Organ montaj resimleri önce çizilerek gösterilir sonra öğrencilerin çizmesi sağlanır. | D47: Yılın son haftası olduğu, komple-grup-organ resim ilişkisinin kısa bir özetiyle derse başlanacağı söylenir. | E47: Öğrencilerden yıl boyunca çizdikleri komple, grup ve organ resimlerinden oluşan portfolyo dosyalarını tamamlayıp son kontrole hazırlamaları istenir; öğretmen dosyaları tek tek gözden geçirip dönüt verir. | F47: Portfolyo dosyaları teslim alınır, yıl boyunca gelişim genel olarak değerlendirilir. | G47: Gösteri, Soru-Cevap, Bireyselleştirilmiş Öğretim, Temrin Çalışmaları | H47: Meslek Resim Salonu, resim masası, çizim araç gereçleri, çizim kâğıtları, örnek model parçalar, standart tablolar ve çizelgeler, akıllı tahta
A51: Ali Osman KOÇ | F51: AHMET AÇAR
A52: Alan Şefi / Öğretmen | F52: Okul Müdürü
A54: …./…./20… | F54: UYGUNDUR

Sheet MALZEME BİLGİSİ 10-A
C1: GÜNLÜK DERS PLANI
A3: DERS | B3: MALZEME BİLGİSİ | F3: ALAN/DAL | G3: Makine ve Tasarım Teknolojisi Alanı / Makine Bakım Onarım
A4: SINIF | B4: AMP 10-A | F4: DERS SAATİ | G4: 2 SAAT
A5: ÖĞRETMEN | B5: Ali Osman KOÇ | F5: DERS GÜNÜ SEÇ | G5: Cuma
A7: TARİH | B7: KONU | C7: KAZANIM | D7: GİRİŞ | E7: GELİŞME | F7: SONUÇ | G7: YÖNTEM VE TEKNİKLER | H7: ARAÇ VE GEREÇLER | I7: ÖLÇME-DEĞERLENDİRME
A8: =TAKVİM!$B$10+(MATCH($G$5,{"Pazartesi","Salı","Çarşamba","Perşembe","Cuma"},0)-1) -> 46283 | B8: MALZEME BİLİMİ - 1. Malzemenin Tanımı ve Sınıflandırılması | C8: 1. Malzemenin tanımı ve sınıflandırmasını yapar. • Malzemenin tanımı ve önemi açıklanır. • Malzemelerin genel özellikleri açıklanır. • Malzemeler sınıflandırılır. • Metaller hakkında bilgi verilir. | D8: Öğretim yılının ilk dersi olduğu için önceki bir konu tekrarı yapılmaz; bunun yerine sınıfa farklı malzemelerden (metal, plastik, ahşap, seramik) yapılmış küçük nesneler getirilerek 'bu nesne neden bu malzemeden yapılmış olabilir' sorusu ile derse başlanır. | E8: Malzemenin tanımı, önemi ve genel özellikleri (mekanik, fiziksel, kimyasal) anlatılır; getirilen nesneler üzerinden malzemeler metal/metal olmayan olarak sınıflandırılır, metaller hakkında genel bilgi verilir. | F8: Öğrencilerden getirilen nesnelerden birini seçip malzeme sınıfını gerekçesiyle söylemeleri istenir. | G8: Anlatım, Soru-Cevap, Tartışma, Gösterip Yaptırma, Bireyselleştirilmiş Öğretim | H8: Etkileşimli tahta/projeksiyon, ders kitabı, malzeme numuneleri, sertlik ölçme cihazları, deney seti
A9: =TAKVİM!$B$11+(MATCH($G$5,{"Pazartesi","Salı","Çarşamba","Perşembe","Cuma"},0)-1) -> 46290 | B9: 1. Malzemenin Tanımı ve Sınıflandırılması - 2. Malzemeleri Seçme | C9: • Metal olmayan malzemeler hakkında bilgi verilir. • İletken ve yarı iletken malzemeler açıklanır. • Modern malzemelerden bahsedilir. 2. İşe uygun malzeme seçimi yapar. • Atomun yapısı açıklanır. | D9: Geçen haftaki metal örnekleri hatırlatılarak, bu hafta metal olmayan ve iletken/yarı iletken malzemelerin işleneceği söylenir; bir kablo örneği (iletken bakır iç kısım, yalıtkan plastik dış kısım) gösterilir. | E9: Metal olmayan malzemeler, iletken ve yarı iletken malzemeler ile modern malzemelerden (kompozit, akıllı malzemeler) kısaca bahsedilir; ardından malzeme seçiminde atomun yapısının neden önemli olduğu basit bir atom modeli çizimiyle anlatılır. | F9: Öğrencilerden bir elektrik kablosundaki iletken ve yalıtkan kısımları malzeme türüyle eşleştirmeleri istenir. | G9: Anlatım, Soru-Cevap, Tartışma, Gösterip Yaptırma, Bireyselleştirilmiş Öğretim | H9: Etkileşimli tahta/projeksiyon, ders kitabı, malzeme numuneleri, sertlik ölçme cihazları, deney seti
A10: =TAKVİM!$B$12+(MATCH($G$5,{"Pazartesi","Salı","Çarşamba","Perşembe","Cuma"},0)-1) -> 46297 | B10: 2. Malzemeleri Seçme - 3. Alaşımlar | C10: • Atomlar arası bağ açıklanır. • Malzemelerin moleküler yapısı ve kristal yapısı açıklanır. 3. Alaşımları ve alaşım yapmayı açıklar. • Çeliği tanımlanır. • Alaşımı tanımlanır. | D10: Geçen haftaki atom yapısı hatırlatılarak, atomların bir araya gelme şeklinin malzemenin özelliğini nasıl belirlediği sorulur. | E10: Atomlar arası bağ türleri, malzemelerin moleküler ve kristal yapısı basit şemalarla anlatılır; ardından alaşım kavramına geçilerek çelik ve alaşım tanımları örneklerle açıklanır. | F10: Öğrencilerden çelik ile saf demir arasındaki farkı kendi cümleleriyle özetlemeleri istenir. | G10: Anlatım, Soru-Cevap, Tartışma, Gösterip Yaptırma, Bireyselleştirilmiş Öğretim | H10: Etkileşimli tahta/projeksiyon, ders kitabı, malzeme numuneleri, sertlik ölçme cihazları, deney seti
A11: =TAKVİM!$B$13+(MATCH($G$5,{"Pazartesi","Salı","Çarşamba","Perşembe","Cuma"},0)-1) -> 46304 | B11: 3. Alaşımlar | C11: • Demir alaşımları sınıflandırılır. • Demir dışı metaller ve alaşımlarını açıklanır. | D11: Geçen haftaki alaşım tanımı hatırlatılarak, çelik dışında hangi metallerin alaşımlandığı sorulur. | E11: Demir alaşımları (çelik, dökme demir) sınıflandırılır; demir dışı metaller ve alaşımları (bakır, alüminyum alaşımları) örnek kullanım alanlarıyla anlatılır. | F11: Öğrencilerden bildikleri bir demir dışı alaşım ürünü örneği vermeleri istenir. | G11: Anlatım, Soru-Cevap, Tartışma, Gösterip Yaptırma, Bireyselleştirilmiş Öğretim | H11: Etkileşimli tahta/projeksiyon, ders kitabı, malzeme numuneleri, sertlik ölçme cihazları, deney seti
A12: =TAKVİM!$B$14+(MATCH($G$5,{"Pazartesi","Salı","Çarşamba","Perşembe","Cuma"},0)-1) -> 46311 | B12: 4. Faz Dönüşümleri | C12: 4. Allatropi-faz dönüşümlerini açıklayarak denge diyagramlarını çizer. • Allotropi tanımlanır. • Allotropik alaşımların özellikleri açıklanır. • Demirin allotropisi açıklanır. | D12: Suyun 0°C'de buza dönüşmesi gibi metallerin de yapısının sıcaklıkla değişebileceği sorulur; allotropi kavramına giriş yapılır. | E12: Allotropi tanımı ve allotropik alaşımların özellikleri anlatılır; demirin farklı sıcaklıklarda farklı kristal yapılara (alfa, gama demir) sahip olması örneklerle gösterilir. | F12: Öğrencilerden demirin oda sıcaklığındaki ve yüksek sıcaklıktaki yapısını karşılaştırmaları istenir. | G12: Anlatım, Soru-Cevap, Tartışma, Gösterip Yaptırma, Bireyselleştirilmiş Öğretim | H12: Etkileşimli tahta/projeksiyon, ders kitabı, malzeme numuneleri, sertlik ölçme cihazları, deney seti
A13: =TAKVİM!$B$15+(MATCH($G$5,{"Pazartesi","Salı","Çarşamba","Perşembe","Cuma"},0)-1) -> 46318 | B13: 4. Faz Dönüşümleri | C13: 4. Allatropi-faz dönüşümlerini açıklayarak denge diyagramlarını çizer. • Demirin allotropisi açıklanır. • Denge diyagramları çizilir. | D13: Geçen haftaki demirin allotropisi hatırlatılarak, bu bilginin bir diyagramla nasıl gösterileceği sorulur. | E13: Demir-karbon denge diyagramının temel mantığı (sıcaklık-karbon oranına göre faz değişimi) basitleştirilerek tahtada adım adım çizilir; öğrenciler kendi defterlerine diyagramı çizer. | F13: Çizilen diyagram üzerinde belirli bir sıcaklık-karbon noktasının hangi faza karşılık geldiği birlikte kontrol edilir. | G13: Anlatım, Soru-Cevap, Tartışma, Gösterip Yaptırma, Bireyselleştirilmiş Öğretim | H13: Etkileşimli tahta/projeksiyon, ders kitabı, malzeme numuneleri, sertlik ölçme cihazları, deney seti
A14: =TAKVİM!$B$16+(MATCH($G$5,{"Pazartesi","Salı","Çarşamba","Perşembe","Cuma"},0)-1) -> 46325 | B14: DEMİR ÜRETİMİ - 1. Ham Demirler | C14: 1. Ham demir üretimini açıklar. • Demirin tanımı yapılır. • Demir filizleri açıklanır. • Demirin elde edilmesi açıklanır. 29 EKİM Cumhuriyet Bayramı | D14: 29 Ekim Cumhuriyet Bayramı nedeniyle kısa bir haftaya girildiği hatırlatılır; çeliğin nereden geldiği, hangi hammaddeden üretildiği sorulur. | E14: Demirin tanımı, doğada bulunan demir filizleri (hematit, manyetit) ve yüksek fırında ham demirin nasıl elde edildiği görsellerle anlatılır. | F14: Ham demir üretim aşamaları öğrencilerle birlikte sıralanarak tekrar edilir. | G14: Anlatım, Soru-Cevap, Tartışma, Gösterip Yaptırma, Bireyselleştirilmiş Öğretim | H14: Etkileşimli tahta/projeksiyon, ders kitabı, malzeme numuneleri, sertlik ölçme cihazları, deney seti
A15: =TAKVİM!$B$17+(MATCH($G$5,{"Pazartesi","Salı","Çarşamba","Perşembe","Cuma"},0)-1) -> 46332 | B15: 2. Dökme Demirler | C15: 2. Dökme demir üretimini açıklar. • Dökme demir tanımlanır. • Dökme demir çeşitleri sınıflandırılır. | D15: Geçen haftaki ham demir hatırlatılarak, bu hafta ham demirden üretilen bir ürün olan dökme demire geçileceği söylenir; sınıfa dökme demir bir parça (varsa) gösterilir. | E15: Dökme demir tanımı ve gri, beyaz, küresel grafitli gibi dökme demir çeşitleri sınıflandırılarak özellikleri karşılaştırılır. | F15: Öğrencilerden dökme demirin hangi çeşidinin daha kırılgan/daha dayanıklı olduğunu tahmin etmeleri istenir. | G15: Anlatım, Soru-Cevap, Tartışma, Gösterip Yaptırma, Bireyselleştirilmiş Öğretim | H15: Etkileşimli tahta/projeksiyon, ders kitabı, malzeme numuneleri, sertlik ölçme cihazları, deney seti
A16: =TAKVİM!$B$18+(MATCH($G$5,{"Pazartesi","Salı","Çarşamba","Perşembe","Cuma"},0)-1) -> 46339 | B16: 2. Dökme Demirler | C16: 2. Dökme demir üretimini açıklar. • Dökme demir üretim işlemleri açıklanır. 10 KASIM Atatürk'ü Anma Günü ve Atatürk Haftası | D16: 10 Kasım Atatürk'ü Anma Günü anması sonrası, geçen haftaki dökme demir çeşitleri hatırlatılarak üretim işlemlerine odaklanılacağı söylenir. | E16: Dökme demir üretim işlemleri (ergitme, kalıba dökme, soğutma) sırasıyla anlatılır; kısa bir döküm videosu izletilerek sürecin gerçek üretimdeki hâli gösterilir. | F16: İzlenen videodan çıkan üretim aşamaları öğrencilerle birlikte tahtaya sıralanır. | G16: Anlatım, Soru-Cevap, Tartışma, Gösterip Yaptırma, Bireyselleştirilmiş Öğretim | H16: Etkileşimli tahta/projeksiyon, ders kitabı, malzeme numuneleri, sertlik ölçme cihazları, deney seti
A17: =TAKVİM!$C$19 -> 16-20 Kasım | B17: 1.DÖNEM ARA TATİL
A18: =TAKVİM!$B$20+(MATCH($G$5,{"Pazartesi","Salı","Çarşamba","Perşembe","Cuma"},0)-1) -> 46353 | B18: ÇELİK ÜRETİMİ - 1. Çelik Üretim Yöntemleri | C18: 1. Çelik üretim yöntemlerini açıklar. • Çeliğin tanımı yapılır. • Çelik üretim yöntemleri sınıflandırılır. • Çeliklerin haddelenmesi açıklanır. | D18: Ara tatil dönüşü kısa bir hatırlatmanın ardından, dökme demirden farklı olarak daha az karbonlu ve daha dayanıklı olan çeliğin nasıl üretildiği sorulur. | E18: Çeliğin tanımı ve çelik üretim yöntemleri (konvertör, elektrik ark ocağı) sınıflandırılır; üretilen çeliğin haddeleme yoluyla nasıl şekillendirildiği anlatılır. | F18: Öğrencilerden çelik üretiminde haddelemenin amacını özetlemeleri istenir. | G18: Anlatım, Soru-Cevap, Tartışma, Gösterip Yaptırma, Bireyselleştirilmiş Öğretim | H18: Etkileşimli tahta/projeksiyon, ders kitabı, malzeme numuneleri, sertlik ölçme cihazları, deney seti
A19: =TAKVİM!$B$21+(MATCH($G$5,{"Pazartesi","Salı","Çarşamba","Perşembe","Cuma"},0)-1) -> 46360 | B19: 1. Çelik Üretim Yöntemleri - 2. Çeliklerin Sınıflandırılması | C19: 1. Çelik üretim yöntemlerini açıklar. 2. Çeliklerin sınıflandırmasını yapar. • Çeliklerin sınıflandırılması yapılır. | D19: Geçen haftaki çelik üretim yöntemleri hatırlatılır; farklı çelik türlerinin nasıl sınıflandırıldığı sorulur. | E19: Çelik üretim yöntemleri konusu tamamlanır; ardından çelikler karbon oranına ve kullanım alanına göre (yapı çeliği, takım çeliği vb.) sınıflandırılır. | F19: Öğrencilerden bir makine parçası için hangi çelik türünün uygun olabileceğini tahmin etmeleri istenir. | G19: Anlatım, Soru-Cevap, Tartışma, Gösterip Yaptırma, Bireyselleştirilmiş Öğretim | H19: Etkileşimli tahta/projeksiyon, ders kitabı, malzeme numuneleri, sertlik ölçme cihazları, deney seti
A20: =TAKVİM!$B$22+(MATCH($G$5,{"Pazartesi","Salı","Çarşamba","Perşembe","Cuma"},0)-1) -> 46367 | B20: 3. Çelik Katkı Elemanları ve Çelik Standartları | C20: 3. Çelikte katkı elemanlarının etkilerini ve çelik standartlarını açıklar. • Katkı elemanlarının çeliklere sağladığı faydalar açıklanır. • TSE standartları sınıflandırılır. | D20: Saf çeliğe başka elementler eklenmesinin neden gerekli olduğu sorulur; katkı elementi kavramına giriş yapılır. | E20: Krom, nikel, mangan gibi katkı elemanlarının çeliğe kazandırdığı özellikler (sertlik, paslanmazlık) örneklerle anlatılır; TSE standartlarının çelik sınıflandırmasındaki rolü tanıtılır. | F20: Öğrencilerden bir TSE çelik kodundaki harflerin ne anlama gelebileceğini tahmin etmeleri istenir. | G20: Anlatım, Soru-Cevap, Tartışma, Gösterip Yaptırma, Bireyselleştirilmiş Öğretim | H20: Etkileşimli tahta/projeksiyon, ders kitabı, malzeme numuneleri, sertlik ölçme cihazları, deney seti
A21: =TAKVİM!$B$23+(MATCH($G$5,{"Pazartesi","Salı","Çarşamba","Perşembe","Cuma"},0)-1) -> 46374 | B21: 3. Çelik Katkı Elemanları ve Çelik Standartları | C21: 3. Çelikte katkı elemanlarının etkilerini ve çelik standartlarını açıklar. • ISO standartları sınıflandırılır. | D21: Geçen haftaki TSE standartları hatırlatılarak, uluslararası alanda kullanılan ISO standartlarının da bulunduğu söylenir. | E21: ISO çelik standartlarının sınıflandırma mantığı TSE ile karşılaştırmalı olarak anlatılır; örnek bir ISO çelik kodu birlikte çözülür. | F21: Çelik Üretimi ünitesi kısaca özetlenerek değerlendirilir. | G21: Anlatım, Soru-Cevap, Tartışma, Gösterip Yaptırma, Bireyselleştirilmiş Öğretim | H21: Etkileşimli tahta/projeksiyon, ders kitabı, malzeme numuneleri, sertlik ölçme cihazları, deney seti
A22: =TAKVİM!$B$24+(MATCH($G$5,{"Pazartesi","Salı","Çarşamba","Perşembe","Cuma"},0)-1) -> 46381 | B22: ÇELİKLERİN ISIL İŞLEMLERİ - 1. Isıl İşlem | C22: 1. Isıl işlemin amaçlarını açıklar. • Isıl işlem tanımlanır. • Çeliğe uygulanan ısıl işlemin amacı açıklanır. • Çeliklere uygulanan ısıl işlemler açıklanır. | D22: Aynı çelikten yapılmış iki parçanın neden farklı sertlikte olabileceği sorulur; ısıl işlem kavramına giriş yapılır. | E22: Isıl işlemin tanımı ve çeliğe uygulanma amacı (sertlik/tokluk kazandırma) anlatılır; çeliklere uygulanan temel ısıl işlemler (tavlama, sertleştirme, menevişleme) genel hatlarıyla tanıtılır. | F22: Öğrencilerden ısıl işlemin hangi amaçla uygulanabileceğine dair örnekler vermeleri istenir. | G22: Anlatım, Soru-Cevap, Tartışma, Gösterip Yaptırma, Bireyselleştirilmiş Öğretim | H22: Etkileşimli tahta/projeksiyon, ders kitabı, malzeme numuneleri, sertlik ölçme cihazları, deney seti
A23: =TAKVİM!$B$25+(MATCH($G$5,{"Pazartesi","Salı","Çarşamba","Perşembe","Cuma"},0)-1) -> 46388 | B23: 1. Isıl İşlem | C23: 1. Isıl işlemin amaçlarını açıklar. • Çeliklerin tavlanması açıklanır. • Tavlama çeşitleri açıklanır. • Çeliğin sertleştirilmesi açıklanır. • Çeliğin sertleştirilmesinin nedeni açıklanır. | D23: Yılın son haftası öncesinde, geçen haftaki ısıl işlem çeşitleri hatırlatılarak tavlama ve sertleştirmenin ayrıntısına geçileceği söylenir. | E23: Çeliklerin tavlanması ve tavlama çeşitleri (yumuşatma, gerilim giderme) anlatılır; çeliğin sertleştirilmesi işlemi ve sertleştirmenin nedeni (aşınma direncini artırma) örneklerle açıklanır. | F23: 1. dönem sonu genel bir değerlendirme yapılır, Isıl İşlemler ünitesinin ilk kısmı tamamlanır. | G23: Anlatım, Soru-Cevap, Tartışma, Gösterip Yaptırma, Bireyselleştirilmiş Öğretim | H23: Etkileşimli tahta/projeksiyon, ders kitabı, malzeme numuneleri, sertlik ölçme cihazları, deney seti
A24: =TAKVİM!$B$26+(MATCH($G$5,{"Pazartesi","Salı","Çarşamba","Perşembe","Cuma"},0)-1) -> 46395 | B24: 2. Yüzey Sertleştirme | C24: 2. Yüzey sertleştirme yöntemlerini açıklar. • Yüzey sertleştirme işleminin amacı açıklanır. • Yüzey sertleştirme yöntemleri açıklanır. • Sementasyon yöntemi açıklanır. • Alevle yüzey sertleştirme yöntemi açıklanır. | D24: 2. dönemin ilk haftası olması nedeniyle 1. dönemde işlenen ısıl işlem temelinin kısa bir özeti yapılır; bazen sadece parçanın yüzeyinin sertleştirilmek istendiği sorulur. | E24: Yüzey sertleştirme işleminin amacı ve yöntemleri (sementasyon, alevle sertleştirme) anlatılır; sementasyon yönteminin karbon zenginleştirme mantığı örneklerle gösterilir. | F24: Öğrencilerden sementasyonun hangi tür parçalarda tercih edilebileceğini tahmin etmeleri istenir. | G24: Anlatım, Soru-Cevap, Tartışma, Gösterip Yaptırma, Bireyselleştirilmiş Öğretim | H24: Etkileşimli tahta/projeksiyon, ders kitabı, malzeme numuneleri, sertlik ölçme cihazları, deney seti
A25: =TAKVİM!$B$27+(MATCH($G$5,{"Pazartesi","Salı","Çarşamba","Perşembe","Cuma"},0)-1) -> 46402 | B25: 2. Yüzey Sertleştirme | C25: 2. Yüzey sertleştirme yöntemlerini açıklar. • Nitrürasyon yöntemi açıklanır. • Daldırma yöntemi ile yüzey sertleştirme yöntemi açıklanır. • Elektron bombardımanı ile yüzey sertleştirme yöntemi açıklanır. | D25: Geçen haftaki sementasyon ve alevle sertleştirme hatırlatılarak, diğer yüzey sertleştirme yöntemlerinin işleneceği söylenir. | E25: Nitrürasyon, daldırma yöntemiyle yüzey sertleştirme ve elektron bombardımanı yöntemleri karşılaştırmalı olarak anlatılır. | F25: Öğrenilen yüzey sertleştirme yöntemleri bir tabloda karşılaştırılarak Yüzey Sertleştirme konusu tamamlanır. | G25: Anlatım, Soru-Cevap, Tartışma, Gösterip Yaptırma, Bireyselleştirilmiş Öğretim | H25: Etkileşimli tahta/projeksiyon, ders kitabı, malzeme numuneleri, sertlik ölçme cihazları, deney seti
A26: =TAKVİM!$B$28+(MATCH($G$5,{"Pazartesi","Salı","Çarşamba","Perşembe","Cuma"},0)-1) -> 46409 | B26: 3. Sertlik Ölçme Yöntemleri | C26: 3. Sertlik ölçme yöntemlerini açıklar. • Dinamik sertlik ölçme yöntemleri açıklanır. • Rockwell, Brinell, Vickers ve Mikro sertlik ölçme yöntemleri açıklanır. | D26: Sertleştirilen bir parçanın sertlik derecesinin nasıl ölçüleceği sorulur; sertlik ölçüm cihazları/örnekleri gösterilir. | E26: Dinamik sertlik ölçme yöntemleri anlatılır; Rockwell, Brinell, Vickers ve mikro sertlik ölçme yöntemleri karşılaştırmalı örneklerle gösterilir. | F26: Öğrencilerden bu yöntemlerden hangisinin ince/hassas parçalar için uygun olabileceğini tahmin etmeleri istenir. | G26: Anlatım, Soru-Cevap, Tartışma, Gösterip Yaptırma, Bireyselleştirilmiş Öğretim | H26: Etkileşimli tahta/projeksiyon, ders kitabı, malzeme numuneleri, sertlik ölçme cihazları, deney seti
A27: =TAKVİM!$C$29 -> 25-29 Ocak | B27: YARI YIL TATİLİ
