Workbook

Sheet TAKVİM
A1: ÇALIŞMA TAKVİMİ — Bu sayfadaki tarihleri her yıl güncelleyin; diğer tüm ders sayfaları otomatik güncellenir
A3: OKUL | B3: Soma Mesleki ve Teknik Anadolu Lisesi | D3: ÖĞRETİM YILI SEÇ | E3: 2026-2027
A4: EĞİTİM-ÖĞRETİM YILI | B4: 2026-2027 Eğitim-Öğretim Yılı | D4: 1.Yarıyıl Başlangıcı (elle değiştirilebilir) | E4: =DATE(VALUE(LEFT($E$3,4)),9,14)-(WEEKDAY(DATE(VALUE(LEFT($E$3,4)),9,14),2)-1) -> 46279
D5: Not: Ramazan/Kurban Bayramı otomatik hesaplanamaz, elle güncellenmeli.
A6: SINAV TARİHLERİ
A7: 1.Dönem 1.Sınav Tarihi | B7: 13.11.2026
A8: 1.Dönem 2.Sınav Tarihi | B8: 08.01.2027
A9: 2.Dönem 1.Sınav Tarihi | B9: 19.03.2027
A10: 2.Dönem 2.Sınav Tarihi | B10: 14.05.2027
A12: ÖNEMLİ GÜN VE HAFTALAR
A13: 1.Yarıyıl Başlangıcı | B13: 2026-09-14 00:00:00
A14: 2.Yarıyıl Başlangıcı | B14: 2027-02-08 00:00:00
A15: Cumhuriyet Bayramı | B15: 29.10.2026
A16: 1. Dönem Ara Tatil | B16: 16-20 Kasım
A17: Atatürk'ü Anma Günü ve Atatürk Haftası | B17: 10.11.2026
A18: 23 Nisan Ulusal Egemenlik ve Çocuk Bayramı | B18: 23.04.2027
A19: 2. Dönem Ara Tatil | B19: 08-12 Mart
A20: 19 Mayıs Atatürk'ü Anma Gençlik ve Spor Bayramı | B20: 19.05.2027
A21: Yılbaşı Tatili | B21: 01.01.2027
A22: Ramazan Bayramı | B22: 20.03.2027
A23: Yarıyıl Tatili | B23: 25 OCAK - 05 ŞUBAT 2027
A24: Eğitim-Öğretim Yılının Sonu | B24: 25.06.2027
A27: 37 HAFTALIK DERS TAKVİMİ (tüm ders sayfaları bu tabloyu kullanır)
A28: Hafta No | B28: Tarih Aralığı | C28: Tatil mi? | D28: Tatil/Not Adı
A29: 1 | B29: 14-18 Eylül | C29: HAYIR
A30: 2 | B30: 21-25 Eylül | C30: HAYIR
A31: 3 | B31: 28 Eylül - 02 Ekim | C31: HAYIR
A32: 4 | B32: 05-09 Ekim | C32: HAYIR
A33: 5 | B33: 12-16 Ekim | C33: HAYIR
A34: 6 | B34: 19-23 Ekim | C34: HAYIR
A35: 7 | B35: 26-30 Ekim | C35: HAYIR
A36: 8 | B36: 02-06 Kasım | C36: HAYIR
A37: 9 | B37: 09-13 Kasım | C37: HAYIR
A38: 10 | B38: 16-20 Kasım | C38: EVET | D38: 1.DÖNEM ARA TATİL
A39: 11 | B39: 23-27 Kasım | C39: HAYIR
A40: 12 | B40: 30 Kasım - 04 Aralık | C40: HAYIR
A41: 13 | B41: 07-11 Aralık | C41: HAYIR
A42: 14 | B42: 14-18 Aralık | C42: HAYIR
A43: 15 | B43: 21-25 Aralık | C43: HAYIR
A44: 16 | B44: 28 Aralık - 01 Ocak | C44: HAYIR
A45: 17 | B45: 04-08 Ocak | C45: HAYIR
A46: 18 | B46: 11-15 Ocak | C46: HAYIR
A47: 19 | B47: 18-22 Ocak | C47: HAYIR
A48: 20 | B48: 25-29 Ocak | C48: EVET | D48: YARI YIL TATİLİ
A49: 21 | B49: 08-12 Şubat | C49: HAYIR
A50: 22 | B50: 15-19 Şubat | C50: HAYIR
A51: 23 | B51: 22-26 Şubat | C51: HAYIR
A52: 24 | B52: 01-05 Mart | C52: HAYIR
A53: 25 | B53: 08-12 Mart | C53: EVET | D53: 2. DÖNEM ARA TATİL
A54: 26 | B54: 15-19 Mart | C54: HAYIR
A55: 27 | B55: 22-26 Mart | C55: HAYIR
A56: 28 | B56: 29 Mart - 02 Nisan | C56: HAYIR
A57: 29 | B57: 05-09 Nisan | C57: HAYIR
A58: 30 | B58: 12-16 Nisan | C58: HAYIR
A59: 31 | B59: 19-23 Nisan | C59: HAYIR
A60: 32 | B60: 26-30 Nisan | C60: HAYIR
A61: 33 | B61: 03-07 Mayıs | C61: HAYIR
A62: 34 | B62: 10-14 Mayıs | C62: HAYIR
A63: 35 | B63: 17-21 Mayıs | C63: HAYIR
A64: 36 | B64: 24-28 Mayıs | C64: HAYIR
A65: 37 | B65: 31 Mayıs - 04 Haziran | C65: HAYIR
... A68: 40 | B68: 21-25 Haziran | C68: HAYIR
AH71: =EDATE(DATE(YEAR($E$4),9,1),0) -> 46266 | AI71: =EDATE(DATE(YEAR($E$4),9,1),1) -> 46296 | AJ71: =EDATE(DATE(YEAR($E$4),9,1),2) -> 46327 | AK71: =EDATE(DATE(YEAR($E$4),9,1),3) -> 46357 | AL71: =EDATE(DATE(YEAR($E$4),9,1),4) -> 46388 | AM71: =EDATE(DATE(YEAR($E$4),9,1),5) -> 46419 | AN71: =EDATE(DATE(YEAR($E$4),9,1),6) -> 46447 | AO71: =EDATE(DATE(YEAR($E$4),9,1),7) -> 46478 | AP71: =EDATE(DATE(YEAR($E$4),9,1),8) -> 46508 | AQ71: =EDATE(DATE(YEAR($E$4),9,1),9) -> 46539
A72: =$E$3&" EĞİTİM-ÖĞRETİM YILI İŞGÜNÜ TAKVİMİ" -> 2026-2027 EĞİTİM-ÖĞRETİM YILI İŞGÜNÜ TAKVİMİ
A73: Günler | B73: =CHOOSE(MONTH(AH$71),"Ocak","Şubat","Mart","Nisan","Mayıs","Haziran","Temmuz","Ağustos","Eylül","Ekim","Kasım","Aralık")&" "&YEAR(AH$71) -> Eylül 2026 | H73: =CHOOSE(MONTH(AI$71),"Ocak","Şubat","Mart","Nisan","Mayıs","Haziran","Temmuz","Ağustos","Eylül","Ekim","Kasım","Aralık")&" "&YEAR(AI$71) -> Ekim 2026 | N73: =CHOOSE(MONTH(AJ$71),"Ocak","Şubat","Mart","Nisan","Mayıs","Haziran","Temmuz","Ağustos","Eylül","Ekim","Kasım","Aralık")&" "&YEAR(AJ$71) -> Kasım 2026 | T73: =CHOOSE(MONTH(AK$71),"Ocak","Şubat","Mart","Nisan","Mayıs","Haziran","Temmuz","Ağustos","Eylül","Ekim","Kasım","Aralık")&" "&YEAR(AK$71) -> Aralık 2026 | Z73: =CHOOSE(MONTH(AL$71),"Ocak","Şubat","Mart","Nisan","Mayıs","Haziran","Temmuz","Ağustos","Eylül","Ekim","Kasım","Aralık")&" "&YEAR(AL$71) -> Ocak 2027
A74: Pazartesi | B74: =IF(MONTH(((AH$71-(WEEKDAY(AH$71,2)-1))+0*7+0))=MONTH(AH$71),DAY(((AH$71-(WEEKDAY(AH$71,2)-1))+0*7+0)),"") | C74: =IF(MONTH(((AH$71-(WEEKDAY(AH$71,2)-1))+1*7+0))=MONTH(AH$71),DAY(((AH$71-(WEEKDAY(AH$71,2)-1))+1*7+0)),"") -> 7 | D74: =IF(MONTH(((AH$71-(WEEKDAY(AH$71,2)-1))+2*7+0))=MONTH(AH$71),DAY(((AH$71-(WEEKDAY(AH$71,2)-1))+2*7+0)),"") -> 14 | E74: =IF(MONTH(((AH$71-(WEEKDAY(AH$71,2)-1))+3*7+0))=MONTH(AH$71),DAY(((AH$71-(WEEKDAY(AH$71,2)-1))+3*7+0)),"") -> 21 | F74: =IF(MONTH(((AH$71-(WEEKDAY(AH$71,2)-1))+4*7+0))=MONTH(AH$71),DAY(((AH$71-(WEEKDAY(AH$71,2)-1))+4*7+0)),"") -> 28 | G74: =IF(MONTH(((AH$71-(WEEKDAY(AH$71,2)-1))+5*7+0))=MONTH(AH$71),DAY(((AH$71-(WEEKDAY(AH$71,2)-1))+5*7+0)),"") | H74: =IF(MONTH(((AI$71-(WEEKDAY(AI$71,2)-1))+0*7+0))=MONTH(AI$71),DAY(((AI$71-(WEEKDAY(AI$71,2)-1))+0*7+0)),"") | I74: =IF(MONTH(((AI$71-(WEEKDAY(AI$71,2)-1))+1*7+0))=MONTH(AI$71),DAY(((AI$71-(WEEKDAY(AI$71,2)-1))+1*7+0)),"") -> 5 | J74: =IF(MONTH(((AI$71-(WEEKDAY(AI$71,2)-1))+2*7+0))=MONTH(AI$71),DAY(((AI$71-(WEEKDAY(AI$71,2)-1))+2*7+0)),"") -> 12 | K74: =IF(MONTH(((AI$71-(WEEKDAY(AI$71,2)-1))+3*7+0))=MONTH(AI$71),DAY(((AI$71-(WEEKDAY(AI$71,2)-1))+3*7+0)),"") -> 19 | L74: =IF(MONTH(((AI$71-(WEEKDAY(AI$71,2)-1))+4*7+0))=MONTH(AI$71),DAY(((AI$71-(WEEKDAY(AI$71,2)-1))+4*7+0)),"") -> 26 | M74: =IF(MONTH(((AI$71-(WEEKDAY(AI$71,2)-1))+5*7+0))=MONTH(AI$71),DAY(((AI$71-(WEEKDAY(AI$71,2)-1))+5*7+0)),"") | N74: =IF(MONTH(((AJ$71-(WEEKDAY(AJ$71,2)-1))+0*7+0))=MONTH(AJ$71),DAY(((AJ$71-(WEEKDAY(AJ$71,2)-1))+0*7+0)),"") | O74: =IF(MONTH(((AJ$71-(WEEKDAY(AJ$71,2)-1))+1*7+0))=MONTH(AJ$71),DAY(((AJ$71-(WEEKDAY(AJ$71,2)-1))+1*7+0)),"") -> 2 | P74: =IF(MONTH(((AJ$71-(WEEKDAY(AJ$71,2)-1))+2*7+0))=MONTH(AJ$71),DAY(((AJ$71-(WEEKDAY(AJ$71,2)-1))+2*7+0)),"") -> 9 | Q74: =IF(MONTH(((AJ$71-(WEEKDAY(AJ$71,2)-1))+3*7+0))=MONTH(AJ$71),DAY(((AJ$71-(WEEKDAY(AJ$71,2)-1))+3*7+0)),"") -> 16 | R74: =IF(MONTH(((AJ$71-(WEEKDAY(AJ$71,2)-1))+4*7+0))=MONTH(AJ$71),DAY(((AJ$71-(WEEKDAY(AJ$71,2)-1))+4*7+0)),"") -> 23 | S74: =IF(MONTH(((AJ$71-(WEEKDAY(AJ$71,2)-1))+5*7+0))=MONTH(AJ$71),DAY(((AJ$71-(WEEKDAY(AJ$71,2)-1))+5*7+0)),"") -> 30 | T74: =IF(MONTH(((AK$71-(WEEKDAY(AK$71,2)-1))+0*7+0))=MONTH(AK$71),DAY(((AK$71-(WEEKDAY(AK$71,2)-1))+0*7+0)),"") | U74: =IF(MONTH(((AK$71-(WEEKDAY(AK$71,2)-1))+1*7+0))=MONTH(AK$71),DAY(((AK$71-(WEEKDAY(AK$71,2)-1))+1*7+0)),"") -> 7 | V74: =IF(MONTH(((AK$71-(WEEKDAY(AK$71,2)-1))+2*7+0))=MONTH(AK$71),DAY(((AK$71-(WEEKDAY(AK$71,2)-1))+2*7+0)),"") -> 14 | W74: =IF(MONTH(((AK$71-(WEEKDAY(AK$71,2)-1))+3*7+0))=MONTH(AK$71),DAY(((AK$71-(WEEKDAY(AK$71,2)-1))+3*7+0)),"") -> 21 | X74: =IF(MONTH(((AK$71-(WEEKDAY(AK$71,2)-1))+4*7+0))=MONTH(AK$71),DAY(((AK$71-(WEEKDAY(AK$71,2)-1))+4*7+0)),"") -> 28 | Y74: =IF(MONTH(((AK$71-(WEEKDAY(AK$71,2)-1))+5*7+0))=MONTH(AK$71),DAY(((AK$71-(WEEKDAY(AK$71,2)-1))+5*7+0)),"") | Z74: =IF(MONTH(((AL$71-(WEEKDAY(AL$71,2)-1))+0*7+0))=MONTH(AL$71),DAY(((AL$71-(WEEKDAY(AL$71,2)-1))+0*7+0)),"") | AA74: =IF(MONTH(((AL$71-(WEEKDAY(AL$71,2)-1))+1*7+0))=MONTH(AL$71),DAY(((AL$71-(WEEKDAY(AL$71,2)-1))+1*7+0)),"") -> 4 | AB74: =IF(MONTH(((AL$71-(WEEKDAY(AL$71,2)-1))+2*7+0))=MONTH(AL$71),DAY(((AL$71-(WEEKDAY(AL$71,2)-1))+2*7+0)),"") -> 11 | AC74: =IF(MONTH(((AL$71-(WEEKDAY(AL$71,2)-1))+3*7+0))=MONTH(AL$71),DAY(((AL$71-(WEEKDAY(AL$71,2)-1))+3*7+0)),"") -> 18 | AD74: =IF(MONTH(((AL$71-(WEEKDAY(AL$71,2)-1))+4*7+0))=MONTH(AL$71),DAY(((AL$71-(WEEKDAY(AL$71,2)-1))+4*7+0)),"") -> 25 | AE74: =IF(MONTH(((AL$71-(WEEKDAY(AL$71,2)-1))+5*7+0))=MONTH(AL$71),DAY(((AL$71-(WEEKDAY(AL$71,2)-1))+5*7+0)),"")
A75: Salı | B75: =IF(MONTH(((AH$71-(WEEKDAY(AH$71,2)-1))+0*7+1))=MONTH(AH$71),DAY(((AH$71-(WEEKDAY(AH$71,2)-1))+0*7+1)),"") -> 1 | C75: =IF(MONTH(((AH$71-(WEEKDAY(AH$71,2)-1))+1*7+1))=MONTH(AH$71),DAY(((AH$71-(WEEKDAY(AH$71,2)-1))+1*7+1)),"") -> 8 | D75: =IF(MONTH(((AH$71-(WEEKDAY(AH$71,2)-1))+2*7+1))=MONTH(AH$71),DAY(((AH$71-(WEEKDAY(AH$71,2)-1))+2*7+1)),"") -> 15 | E75: =IF(MONTH(((AH$71-(WEEKDAY(AH$71,2)-1))+3*7+1))=MONTH(AH$71),DAY(((AH$71-(WEEKDAY(AH$71,2)-1))+3*7+1)),"") -> 22 | F75: =IF(MONTH(((AH$71-(WEEKDAY(AH$71,2)-1))+4*7+1))=MONTH(AH$71),DAY(((AH$71-(WEEKDAY(AH$71,2)-1))+4*7+1)),"") -> 29 | G75: =IF(MONTH(((AH$71-(WEEKDAY(AH$71,2)-1))+5*7+1))=MONTH(AH$71),DAY(((AH$71-(WEEKDAY(AH$71,2)-1))+5*7+1)),"") | H75: =IF(MONTH(((AI$71-(WEEKDAY(AI$71,2)-1))+0*7+1))=MONTH(AI$71),DAY(((AI$71-(WEEKDAY(AI$71,2)-1))+0*7+1)),"") | I75: =IF(MONTH(((AI$71-(WEEKDAY(AI$71,2)-1))+1*7+1))=MONTH(AI$71),DAY(((AI$71-(WEEKDAY(AI$71,2)-1))+1*7+1)),"") -> 6 | J75: =IF(MONTH(((AI$71-(WEEKDAY(AI$71,2)-1))+2*7+1))=MONTH(AI$71),DAY(((AI$71-(WEEKDAY(AI$71,2)-1))+2*7+1)),"") -> 13 | K75: =IF(MONTH(((AI$71-(WEEKDAY(AI$71,2)-1))+3*7+1))=MONTH(AI$71),DAY(((AI$71-(WEEKDAY(AI$71,2)-1))+3*7+1)),"") -> 20 | L75: =IF(MONTH(((AI$71-(WEEKDAY(AI$71,2)-1))+4*7+1))=MONTH(AI$71),DAY(((AI$71-(WEEKDAY(AI$71,2)-1))+4*7+1)),"") -> 27 | M75: =IF(MONTH(((AI$71-(WEEKDAY(AI$71,2)-1))+5*7+1))=MONTH(AI$71),DAY(((AI$71-(WEEKDAY(AI$71,2)-1))+5*7+1)),"") | N75: =IF(MONTH(((AJ$71-(WEEKDAY(AJ$71,2)-1))+0*7+1))=MONTH(AJ$71),DAY(((AJ$71-(WEEKDAY(AJ$71,2)-1))+0*7+1)),"") | O75: =IF(MONTH(((AJ$71-(WEEKDAY(AJ$71,2)-1))+1*7+1))=MONTH(AJ$71),DAY(((AJ$71-(WEEKDAY(AJ$71,2)-1))+1*7+1)),"") -> 3 | P75: =IF(MONTH(((AJ$71-(WEEKDAY(AJ$71,2)-1))+2*7+1))=MONTH(AJ$71),DAY(((AJ$71-(WEEKDAY(AJ$71,2)-1))+2*7+1)),"") -> 10 | Q75: =IF(MONTH(((AJ$71-(WEEKDAY(AJ$71,2)-1))+3*7+1))=MONTH(AJ$71),DAY(((AJ$71-(WEEKDAY(AJ$71,2)-1))+3*7+1)),"") -> 17 | R75: =IF(MONTH(((AJ$71-(WEEKDAY(AJ$71,2)-1))+4*7+1))=MONTH(AJ$71),DAY(((AJ$71-(WEEKDAY(AJ$71,2)-1))+4*7+1)),"") -> 24 | S75: =IF(MONTH(((AJ$71-(WEEKDAY(AJ$71,2)-1))+5*7+1))=MONTH(AJ$71),DAY(((AJ$71-(WEEKDAY(AJ$71,2)-1))+5*7+1)),"") | T75: =IF(MONTH(((AK$71-(WEEKDAY(AK$71,2)-1))+0*7+1))=MONTH(AK$71),DAY(((AK$71-(WEEKDAY(AK$71,2)-1))+0*7+1)),"") -> 1 | U75: =IF(MONTH(((AK$71-(WEEKDAY(AK$71,2)-1))+1*7+1))=MONTH(AK$71),DAY(((AK$71-(WEEKDAY(AK$71,2)-1))+1*7+1)),"") -> 8 | V75: =IF(MONTH(((AK$71-(WEEKDAY(AK$71,2)-1))+2*7+1))=MONTH(AK$71),DAY(((AK$71-(WEEKDAY(AK$71,2)-1))+2*7+1)),"") -> 15 | W75: =IF(MONTH(((AK$71-(WEEKDAY(AK$71,2)-1))+3*7+1))=MONTH(AK$71),DAY(((AK$71-(WEEKDAY(AK$71,2)-1))+3*7+1)),"") -> 22 | X75: =IF(MONTH(((AK$71-(WEEKDAY(AK$71,2)-1))+4*7+1))=MONTH(AK$71),DAY(((AK$71-(WEEKDAY(AK$71,2)-1))+4*7+1)),"") -> 29 | Y75: =IF(MONTH(((AK$71-(WEEKDAY(AK$71,2)-1))+5*7+1))=MONTH(AK$71),DAY(((AK$71-(WEEKDAY(AK$71,2)-1))+5*7+1)),"") | Z75: =IF(MONTH(((AL$71-(WEEKDAY(AL$71,2)-1))+0*7+1))=MONTH(AL$71),DAY(((AL$71-(WEEKDAY(AL$71,2)-1))+0*7+1)),"") | AA75: =IF(MONTH(((AL$71-(WEEKDAY(AL$71,2)-1))+1*7+1))=MONTH(AL$71),DAY(((AL$71-(WEEKDAY(AL$71,2)-1))+1*7+1)),"") -> 5 | AB75: =IF(MONTH(((AL$71-(WEEKDAY(AL$71,2)-1))+2*7+1))=MONTH(AL$71),DAY(((AL$71-(WEEKDAY(AL$71,2)-1))+2*7+1)),"") -> 12 | AC75: =IF(MONTH(((AL$71-(WEEKDAY(AL$71,2)-1))+3*7+1))=MONTH(AL$71),DAY(((AL$71-(WEEKDAY(AL$71,2)-1))+3*7+1)),"") -> 19 | AD75: =IF(MONTH(((AL$71-(WEEKDAY(AL$71,2)-1))+4*7+1))=MONTH(AL$71),DAY(((AL$71-(WEEKDAY(AL$71,2)-1))+4*7+1)),"") -> 26 | AE75: =IF(MONTH(((AL$71-(WEEKDAY(AL$71,2)-1))+5*7+1))=MONTH(AL$71),DAY(((AL$71-(WEEKDAY(AL$71,2)-1))+5*7+1)),"")
A76: Çarşamba | B76: =IF(MONTH(((AH$71-(WEEKDAY(AH$71,2)-1))+0*7+2))=MONTH(AH$71),DAY(((AH$71-(WEEKDAY(AH$71,2)-1))+0*7+2)),"") -> 2 | C76: =IF(MONTH(((AH$71-(WEEKDAY(AH$71,2)-1))+1*7+2))=MONTH(AH$71),DAY(((AH$71-(WEEKDAY(AH$71,2)-1))+1*7+2)),"") -> 9 | D76: =IF(MONTH(((AH$71-(WEEKDAY(AH$71,2)-1))+2*7+2))=MONTH(AH$71),DAY(((AH$71-(WEEKDAY(AH$71,2)-1))+2*7+2)),"") -> 16 | E76: =IF(MONTH(((AH$71-(WEEKDAY(AH$71,2)-1))+3*7+2))=MONTH(AH$71),DAY(((AH$71-(WEEKDAY(AH$71,2)-1))+3*7+2)),"") -> 23 | F76: =IF(MONTH(((AH$71-(WEEKDAY(AH$71,2)-1))+4*7+2))=MONTH(AH$71),DAY(((AH$71-(WEEKDAY(AH$71,2)-1))+4*7+2)),"") -> 30 | G76: =IF(MONTH(((AH$71-(WEEKDAY(AH$71,2)-1))+5*7+2))=MONTH(AH$71),DAY(((AH$71-(WEEKDAY(AH$71,2)-1))+5*7+2)),"") | H76: =IF(MONTH(((AI$71-(WEEKDAY(AI$71,2)-1))+0*7+2))=MONTH(AI$71),DAY(((AI$71-(WEEKDAY(AI$71,2)-1))+0*7+2)),"") | I76: =IF(MONTH(((AI$71-(WEEKDAY(AI$71,2)-1))+1*7+2))=MONTH(AI$71),DAY(((AI$71-(WEEKDAY(AI$71,2)-1))+1*7+2)),"") -> 7 | J76: =IF(MONTH(((AI$71-(WEEKDAY(AI$71,2)-1))+2*7+2))=MONTH(AI$71),DAY(((AI$71-(WEEKDAY(AI$71,2)-1))+2*7+2)),"") -> 14 | K76: =IF(MONTH(((AI$71-(WEEKDAY(AI$71,2)-1))+3*7+2))=MONTH(AI$71),DAY(((AI$71-(WEEKDAY(AI$71,2)-1))+3*7+2)),"") -> 21 | L76: =IF(MONTH(((AI$71-(WEEKDAY(AI$71,2)-1))+4*7+2))=MONTH(AI$71),DAY(((AI$71-(WEEKDAY(AI$71,2)-1))+4*7+2)),"") -> 28 | M76: =IF(MONTH(((AI$71-(WEEKDAY(AI$71,2)-1))+5*7+2))=MONTH(AI$71),DAY(((AI$71-(WEEKDAY(AI$71,2)-1))+5*7+2)),"") | N76: =IF(MONTH(((AJ$71-(WEEKDAY(AJ$71,2)-1))+0*7+2))=MONTH(AJ$71),DAY(((AJ$71-(WEEKDAY(AJ$71,2)-1))+0*7+2)),"") | O76: =IF(MONTH(((AJ$71-(WEEKDAY(AJ$71,2)-1))+1*7+2))=MONTH(AJ$71),DAY(((AJ$71-(WEEKDAY(AJ$71,2)-1))+1*7+2)),"") -> 4 | P76: =IF(MONTH(((AJ$71-(WEEKDAY(AJ$71,2)-1))+2*7+2))=MONTH(AJ$71),DAY(((AJ$71-(WEEKDAY(AJ$71,2)-1))+2*7+2)),"") -> 11 | Q76: =IF(MONTH(((AJ$71-(WEEKDAY(AJ$71,2)-1))+3*7+2))=MONTH(AJ$71),DAY(((AJ$71-(WEEKDAY(AJ$71,2)-1))+3*7+2)),"") -> 18 | R76: =IF(MONTH(((AJ$71-(WEEKDAY(AJ$71,2)-1))+4*7+2))=MONTH(AJ$71),DAY(((AJ$71-(WEEKDAY(AJ$71,2)-1))+4*7+2)),"") -> 25 | S76: =IF(MONTH(((AJ$71-(WEEKDAY(AJ$71,2)-1))+5*7+2))=MONTH(AJ$71),DAY(((AJ$71-(WEEKDAY(AJ$71,2)-1))+5*7+2)),"") | T76: =IF(MONTH(((AK$71-(WEEKDAY(AK$71,2)-1))+0*7+2))=MONTH(AK$71),DAY(((AK$71-(WEEKDAY(AK$71,2)-1))+0*7+2)),"") -> 2 | U76: =IF(MONTH(((AK$71-(WEEKDAY(AK$71,2)-1))+1*7+2))=MONTH(AK$71),DAY(((AK$71-(WEEKDAY(AK$71,2)-1))+1*7+2)),"") -> 9 | V76: =IF(MONTH(((AK$71-(WEEKDAY(AK$71,2)-1))+2*7+2))=MONTH(AK$71),DAY(((AK$71-(WEEKDAY(AK$71,2)-1))+2*7+2)),"") -> 16 | W76: =IF(MONTH(((AK$71-(WEEKDAY(AK$71,2)-1))+3*7+2))=MONTH(AK$71),DAY(((AK$71-(WEEKDAY(AK$71,2)-1))+3*7+2)),"") -> 23 | X76: =IF(MONTH(((AK$71-(WEEKDAY(AK$71,2)-1))+4*7+2))=MONTH(AK$71),DAY(((AK$71-(WEEKDAY(AK$71,2)-1))+4*7+2)),"") -> 30 | Y76: =IF(MONTH(((AK$71-(WEEKDAY(AK$71,2)-1))+5*7+2))=MONTH(AK$71),DAY(((AK$71-(WEEKDAY(AK$71,2)-1))+5*7+2)),"") | Z76: =IF(MONTH(((AL$71-(WEEKDAY(AL$71,2)-1))+0*7+2))=MONTH(AL$71),DAY(((AL$71-(WEEKDAY(AL$71,2)-1))+0*7+2)),"") | AA76: =IF(MONTH(((AL$71-(WEEKDAY(AL$71,2)-1))+1*7+2))=MONTH(AL$71),DAY(((AL$71-(WEEKDAY(AL$71,2)-1))+1*7+2)),"") -> 6 | AB76: =IF(MONTH(((AL$71-(WEEKDAY(AL$71,2)-1))+2*7+2))=MONTH(AL$71),DAY(((AL$71-(WEEKDAY(AL$71,2)-1))+2*7+2)),"") -> 13 | AC76: =IF(MONTH(((AL$71-(WEEKDAY(AL$71,2)-1))+3*7+2))=MONTH(AL$71),DAY(((AL$71-(WEEKDAY(AL$71,2)-1))+3*7+2)),"") -> 20 | AD76: =IF(MONTH(((AL$71-(WEEKDAY(AL$71,2)-1))+4*7+2))=MONTH(AL$71),DAY(((AL$71-(WEEKDAY(AL$71,2)-1))+4*7+2)),"") -> 27 | AE76: =IF(MONTH(((AL$71-(WEEKDAY(AL$71,2)-1))+5*7+2))=MONTH(AL$71),DAY(((AL$71-(WEEKDAY(AL$71,2)-1))+5*7+2)),"")
A77: Perşembe | B77: =IF(MONTH(((AH$71-(WEEKDAY(AH$71,2)-1))+0*7+3))=MONTH(AH$71),DAY(((AH$71-(WEEKDAY(AH$71,2)-1))+0*7+3)),"") -> 3 | C77: =IF(MONTH(((AH$71-(WEEKDAY(AH$71,2)-1))+1*7+3))=MONTH(AH$71),DAY(((AH$71-(WEEKDAY(AH$71,2)-1))+1*7+3)),"") -> 10 | D77: =IF(MONTH(((AH$71-(WEEKDAY(AH$71,2)-1))+2*7+3))=MONTH(AH$71),DAY(((AH$71-(WEEKDAY(AH$71,2)-1))+2*7+3)),"") -> 17 | E77: =IF(MONTH(((AH$71-(WEEKDAY(AH$71,2)-1))+3*7+3))=MONTH(AH$71),DAY(((AH$71-(WEEKDAY(AH$71,2)-1))+3*7+3)),"") -> 24 | F77: =IF(MONTH(((AH$71-(WEEKDAY(AH$71,2)-1))+4*7+3))=MONTH(AH$71),DAY(((AH$71-(WEEKDAY(AH$71,2)-1))+4*7+3)),"") | G77: =IF(MONTH(((AH$71-(WEEKDAY(AH$71,2)-1))+5*7+3))=MONTH(AH$71),DAY(((AH$71-(WEEKDAY(AH$71,2)-1))+5*7+3)),"") | H77: =IF(MONTH(((AI$71-(WEEKDAY(AI$71,2)-1))+0*7+3))=MONTH(AI$71),DAY(((AI$71-(WEEKDAY(AI$71,2)-1))+0*7+3)),"") -> 1 | I77: =IF(MONTH(((AI$71-(WEEKDAY(AI$71,2)-1))+1*7+3))=MONTH(AI$71),DAY(((AI$71-(WEEKDAY(AI$71,2)-1))+1*7+3)),"") -> 8 | J77: =IF(MONTH(((AI$71-(WEEKDAY(AI$71,2)-1))+2*7+3))=MONTH(AI$71),DAY(((AI$71-(WEEKDAY(AI$71,2)-1))+2*7+3)),"") -> 15 | K77: =IF(MONTH(((AI$71-(WEEKDAY(AI$71,2)-1))+3*7+3))=MONTH(AI$71),DAY(((AI$71-(WEEKDAY(AI$71,2)-1))+3*7+3)),"") -> 22 | L77: =IF(MONTH(((AI$71-(WEEKDAY(AI$71,2)-1))+4*7+3))=MONTH(AI$71),DAY(((AI$71-(WEEKDAY(AI$71,2)-1))+4*7+3)),"") -> 29 | M77: =IF(MONTH(((AI$71-(WEEKDAY(AI$71,2)-1))+5*7+3))=MONTH(AI$71),DAY(((AI$71-(WEEKDAY(AI$71,2)-1))+5*7+3)),"") | N77: =IF(MONTH(((AJ$71-(WEEKDAY(AJ$71,2)-1))+0*7+3))=MONTH(AJ$71),DAY(((AJ$71-(WEEKDAY(AJ$71,2)-1))+0*7+3)),"") | O77: =IF(MONTH(((AJ$71-(WEEKDAY(AJ$71,2)-1))+1*7+3))=MONTH(AJ$71),DAY(((AJ$71-(WEEKDAY(AJ$71,2)-1))+1*7+3)),"") -> 5 | P77: =IF(MONTH(((AJ$71-(WEEKDAY(AJ$71,2)-1))+2*7+3))=MONTH(AJ$71),DAY(((AJ$71-(WEEKDAY(AJ$71,2)-1))+2*7+3)),"") -> 12 | Q77: =IF(MONTH(((AJ$71-(WEEKDAY(AJ$71,2)-1))+3*7+3))=MONTH(AJ$71),DAY(((AJ$71-(WEEKDAY(AJ$71,2)-1))+3*7+3)),"") -> 19 | R77: =IF(MONTH(((AJ$71-(WEEKDAY(AJ$71,2)-1))+4*7+3))=MONTH(AJ$71),DAY(((AJ$71-(WEEKDAY(AJ$71,2)-1))+4*7+3)),"") -> 26 | S77: =IF(MONTH(((AJ$71-(WEEKDAY(AJ$71,2)-1))+5*7+3))=MONTH(AJ$71),DAY(((AJ$71-(WEEKDAY(AJ$71,2)-1))+5*7+3)),"") | T77: =IF(MONTH(((AK$71-(WEEKDAY(AK$71,2)-1))+0*7+3))=MONTH(AK$71),DAY(((AK$71-(WEEKDAY(AK$71,2)-1))+0*7+3)),"") -> 3 | U77: =IF(MONTH(((AK$71-(WEEKDAY(AK$71,2)-1))+1*7+3))=MONTH(AK$71),DAY(((AK$71-(WEEKDAY(AK$71,2)-1))+1*7+3)),"") -> 10 | V77: =IF(MONTH(((AK$71-(WEEKDAY(AK$71,2)-1))+2*7+3))=MONTH(AK$71),DAY(((AK$71-(WEEKDAY(AK$71,2)-1))+2*7+3)),"") -> 17 | W77: =IF(MONTH(((AK$71-(WEEKDAY(AK$71,2)-1))+3*7+3))=MONTH(AK$71),DAY(((AK$71-(WEEKDAY(AK$71,2)-1))+3*7+3)),"") -> 24 | X77: =IF(MONTH(((AK$71-(WEEKDAY(AK$71,2)-1))+4*7+3))=MONTH(AK$71),DAY(((AK$71-(WEEKDAY(AK$71,2)-1))+4*7+3)),"") -> 31 | Y77: =IF(MONTH(((AK$71-(WEEKDAY(AK$71,2)-1))+5*7+3))=MONTH(AK$71),DAY(((AK$71-(WEEKDAY(AK$71,2)-1))+5*7+3)),"") | Z77: =IF(MONTH(((AL$71-(WEEKDAY(AL$71,2)-1))+0*7+3))=MONTH(AL$71),DAY(((AL$71-(WEEKDAY(AL$71,2)-1))+0*7+3)),"") | AA77: =IF(MONTH(((AL$71-(WEEKDAY(AL$71,2)-1))+1*7+3))=MONTH(AL$71),DAY(((AL$71-(WEEKDAY(AL$71,2)-1))+1*7+3)),"") -> 7 | AB77: =IF(MONTH(((AL$71-(WEEKDAY(AL$71,2)-1))+2*7+3))=MONTH(AL$71),DAY(((AL$71-(WEEKDAY(AL$71,2)-1))+2*7+3)),"") -> 14 | AC77: =IF(MONTH(((AL$71-(WEEKDAY(AL$71,2)-1))+3*7+3))=MONTH(AL$71),DAY(((AL$71-(WEEKDAY(AL$71,2)-1))+3*7+3)),"") -> 21 | AD77: =IF(MONTH(((AL$71-(WEEKDAY(AL$71,2)-1))+4*7+3))=MONTH(AL$71),DAY(((AL$71-(WEEKDAY(AL$71,2)-1))+4*7+3)),"") -> 28 | AE77: =IF(MONTH(((AL$71-(WEEKDAY(AL$71,2)-1))+5*7+3))=MONTH(AL$71),DAY(((AL$71-(WEEKDAY(AL$71,2)-1))+5*7+3)),"")
A78: Cuma | B78: =IF(MONTH(((AH$71-(WEEKDAY(AH$71,2)-1))+0*7+4))=MONTH(AH$71),DAY(((AH$71-(WEEKDAY(AH$71,2)-1))+0*7+4)),"") -> 4 | C78: =IF(MONTH(((AH$71-(WEEKDAY(AH$71,2)-1))+1*7+4))=MONTH(AH$71),DAY(((AH$71-(WEEKDAY(AH$71,2)-1))+1*7+4)),"") -> 11 | D78: =IF(MONTH(((AH$71-(WEEKDAY(AH$71,2)-1))+2*7+4))=MONTH(AH$71),DAY(((AH$71-(WEEKDAY(AH$71,2)-1))+2*7+4)),"") -> 18 | E78: =IF(MONTH(((AH$71-(WEEKDAY(AH$71,2)-1))+3*7+4))=MONTH(AH$71),DAY(((AH$71-(WEEKDAY(AH$71,2)-1))+3*7+4)),"") -> 25 | F78: =IF(MONTH(((AH$71-(WEEKDAY(AH$71,2)-1))+4*7+4))=MONTH(AH$71),DAY(((AH$71-(WEEKDAY(AH$71,2)-1))+4*7+4)),"") | G78: =IF(MONTH(((AH$71-(WEEKDAY(AH$71,2)-1))+5*7+4))=MONTH(AH$71),DAY(((AH$71-(WEEKDAY(AH$71,2)-1))+5*7+4)),"") | H78: =IF(MONTH(((AI$71-(WEEKDAY(AI$71,2)-1))+0*7+4))=MONTH(AI$71),DAY(((AI$71-(WEEKDAY(AI$71,2)-1))+0*7+4)),"") -> 2 | I78: =IF(MONTH(((AI$71-(WEEKDAY(AI$71,2)-1))+1*7+4))=MONTH(AI$71),DAY(((AI$71-(WEEKDAY(AI$71,2)-1))+1*7+4)),"") -> 9 | J78: =IF(MONTH(((AI$71-(WEEKDAY(AI$71,2)-1))+2*7+4))=MONTH(AI$71),DAY(((AI$71-(WEEKDAY(AI$71,2)-1))+2*7+4)),"") -> 16 | K78: =IF(MONTH(((AI$71-(WEEKDAY(AI$71,2)-1))+3*7+4))=MONTH(AI$71),DAY(((AI$71-(WEEKDAY(AI$71,2)-1))+3*7+4)),"") -> 23 | L78: =IF(MONTH(((AI$71-(WEEKDAY(AI$71,2)-1))+4*7+4))=MONTH(AI$71),DAY(((AI$71-(WEEKDAY(AI$71,2)-1))+4*7+4)),"") -> 30 | M78: =IF(MONTH(((AI$71-(WEEKDAY(AI$71,2)-1))+5*7+4))=MONTH(AI$71),DAY(((AI$71-(WEEKDAY(AI$71,2)-1))+5*7+4)),"") | N78: =IF(MONTH(((AJ$71-(WEEKDAY(AJ$71,2)-1))+0*7+4))=MONTH(AJ$71),DAY(((AJ$71-(WEEKDAY(AJ$71,2)-1))+0*7+4)),"") | O78: =IF(MONTH(((AJ$71-(WEEKDAY(AJ$71,2)-1))+1*7+4))=MONTH(AJ$71),DAY(((AJ$71-(WEEKDAY(AJ$71,2)-1))+1*7+4)),"") -> 6 | P78: =IF(MONTH(((AJ$71-(WEEKDAY(AJ$71,2)-1))+2*7+4))=MONTH(AJ$71),DAY(((AJ$71-(WEEKDAY(AJ$71,2)-1))+2*7+4)),"") -> 13 | Q78: =IF(MONTH(((AJ$71-(WEEKDAY(AJ$71,2)-1))+3*7+4))=MONTH(AJ$71),DAY(((AJ$71-(WEEKDAY(AJ$71,2)-1))+3*7+4)),"") -> 20 | R78: =IF(MONTH(((AJ$71-(WEEKDAY(AJ$71,2)-1))+4*7+4))=MONTH(AJ$71),DAY(((AJ$71-(WEEKDAY(AJ$71,2)-1))+4*7+4)),"") -> 27 | S78: =IF(MONTH(((AJ$71-(WEEKDAY(AJ$71,2)-1))+5*7+4))=MONTH(AJ$71),DAY(((AJ$71-(WEEKDAY(AJ$71,2)-1))+5*7+4)),"") | T78: =IF(MONTH(((AK$71-(WEEKDAY(AK$71,2)-1))+0*7+4))=MONTH(AK$71),DAY(((AK$71-(WEEKDAY(AK$71,2)-1))+0*7+4)),"") -> 4 | U78: =IF(MONTH(((AK$71-(WEEKDAY(AK$71,2)-1))+1*7+4))=MONTH(AK$71),DAY(((AK$71-(WEEKDAY(AK$71,2)-1))+1*7+4)),"") -> 11 | V78: =IF(MONTH(((AK$71-(WEEKDAY(AK$71,2)-1))+2*7+4))=MONTH(AK$71),DAY(((AK$71-(WEEKDAY(AK$71,2)-1))+2*7+4)),"") -> 18 | W78: =IF(MONTH(((AK$71-(WEEKDAY(AK$71,2)-1))+3*7+4))=MONTH(AK$71),DAY(((AK$71-(WEEKDAY(AK$71,2)-1))+3*7+4)),"") -> 25 | X78: =IF(MONTH(((AK$71-(WEEKDAY(AK$71,2)-1))+4*7+4))=MONTH(AK$71),DAY(((AK$71-(WEEKDAY(AK$71,2)-1))+4*7+4)),"") | Y78: =IF(MONTH(((AK$71-(WEEKDAY(AK$71,2)-1))+5*7+4))=MONTH(AK$71),DAY(((AK$71-(WEEKDAY(AK$71,2)-1))+5*7+4)),"") | Z78: =IF(MONTH(((AL$71-(WEEKDAY(AL$71,2)-1))+0*7+4))=MONTH(AL$71),DAY(((AL$71-(WEEKDAY(AL$71,2)-1))+0*7+4)),"") -> 1 | AA78: =IF(MONTH(((AL$71-(WEEKDAY(AL$71,2)-1))+1*7+4))=MONTH(AL$71),DAY(((AL$71-(WEEKDAY(AL$71,2)-1))+1*7+4)),"") -> 8 | AB78: =IF(MONTH(((AL$71-(WEEKDAY(AL$71,2)-1))+2*7+4))=MONTH(AL$71),DAY(((AL$71-(WEEKDAY(AL$71,2)-1))+2*7+4)),"") -> 15 | AC78: =IF(MONTH(((AL$71-(WEEKDAY(AL$71,2)-1))+3*7+4))=MONTH(AL$71),DAY(((AL$71-(WEEKDAY(AL$71,2)-1))+3*7+4)),"") -> 22 | AD78: =IF(MONTH(((AL$71-(WEEKDAY(AL$71,2)-1))+4*7+4))=MONTH(AL$71),DAY(((AL$71-(WEEKDAY(AL$71,2)-1))+4*7+4)),"") -> 29 | AE78: =IF(MONTH(((AL$71-(WEEKDAY(AL$71,2)-1))+5*7+4))=MONTH(AL$71),DAY(((AL$71-(WEEKDAY(AL$71,2)-1))+5*7+4)),"")
A79: Cumartesi | B79: =IF(MONTH(((AH$71-(WEEKDAY(AH$71,2)-1))+0*7+5))=MONTH(AH$71),DAY(((AH$71-(WEEKDAY(AH$71,2)-1))+0*7+5)),"") -> 5 | C79: =IF(MONTH(((AH$71-(WEEKDAY(AH$71,2)-1))+1*7+5))=MONTH(AH$71),DAY(((AH$71-(WEEKDAY(AH$71,2)-1))+1*7+5)),"") -> 12 | D79: =IF(MONTH(((AH$71-(WEEKDAY(AH$71,2)-1))+2*7+5))=MONTH(AH$71),DAY(((AH$71-(WEEKDAY(AH$71,2)-1))+2*7+5)),"") -> 19 | E79: =IF(MONTH(((AH$71-(WEEKDAY(AH$71,2)-1))+3*7+5))=MONTH(AH$71),DAY(((AH$71-(WEEKDAY(AH$71,2)-1))+3*7+5)),"") -> 26 | F79: =IF(MONTH(((AH$71-(WEEKDAY(AH$71,2)-1))+4*7+5))=MONTH(AH$71),DAY(((AH$71-(WEEKDAY(AH$71,2)-1))+4*7+5)),"") | G79: =IF(MONTH(((AH$71-(WEEKDAY(AH$71,2)-1))+5*7+5))=MONTH(AH$71),DAY(((AH$71-(WEEKDAY(AH$71,2)-1))+5*7+5)),"") | H79: =IF(MONTH(((AI$71-(WEEKDAY(AI$71,2)-1))+0*7+5))=MONTH(AI$71),DAY(((AI$71-(WEEKDAY(AI$71,2)-1))+0*7+5)),"") -> 3 | I79: =IF(MONTH(((AI$71-(WEEKDAY(AI$71,2)-1))+1*7+5))=MONTH(AI$71),DAY(((AI$71-(WEEKDAY(AI$71,2)-1))+1*7+5)),"") -> 10 | J79: =IF(MONTH(((AI$71-(WEEKDAY(AI$71,2)-1))+2*7+5))=MONTH(AI$71),DAY(((AI$71-(WEEKDAY(AI$71,2)-1))+2*7+5)),"") -> 17 | K79: =IF(MONTH(((AI$71-(WEEKDAY(AI$71,2)-1))+3*7+5))=MONTH(AI$71),DAY(((AI$71-(WEEKDAY(AI$71,2)-1))+3*7+5)),"") -> 24 | L79: =IF(MONTH(((AI$71-(WEEKDAY(AI$71,2)-1))+4*7+5))=MONTH(AI$71),DAY(((AI$71-(WEEKDAY(AI$71,2)-1))+4*7+5)),"") -> 31 | M79: =IF(MONTH(((AI$71-(WEEKDAY(AI$71,2)-1))+5*7+5))=MONTH(AI$71),DAY(((AI$71-(WEEKDAY(AI$71,2)-1))+5*7+5)),"") | N79: =IF(MONTH(((AJ$71-(WEEKDAY(AJ$71,2)-1))+0*7+5))=MONTH(AJ$71),DAY(((AJ$71-(WEEKDAY(AJ$71,2)-1))+0*7+5)),"") | O79: =IF(MONTH(((AJ$71-(WEEKDAY(AJ$71,2)-1))+1*7+5))=MONTH(AJ$71),DAY(((AJ$71-(WEEKDAY(AJ$71,2)-1))+1*7+5)),"") -> 7 | P79: =IF(MONTH(((AJ$71-(WEEKDAY(AJ$71,2)-1))+2*7+5))=MONTH(AJ$71),DAY(((AJ$71-(WEEKDAY(AJ$71,2)-1))+2*7+5)),"") -> 14 | Q79: =IF(MONTH(((AJ$71-(WEEKDAY(AJ$71,2)-1))+3*7+5))=MONTH(AJ$71),DAY(((AJ$71-(WEEKDAY(AJ$71,2)-1))+3*7+5)),"") -> 21 | R79: =IF(MONTH(((AJ$71-(WEEKDAY(AJ$71,2)-1))+4*7+5))=MONTH(AJ$71),DAY(((AJ$71-(WEEKDAY(AJ$71,2)-1))+4*7+5)),"") -> 28 | S79: =IF(MONTH(((AJ$71-(WEEKDAY(AJ$71,2)-1))+5*7+5))=MONTH(AJ$71),DAY(((AJ$71-(WEEKDAY(AJ$71,2)-1))+5*7+5)),"") | T79: =IF(MONTH(((AK$71-(WEEKDAY(AK$71,2)-1))+0*7+5))=MONTH(AK$71),DAY(((AK$71-(WEEKDAY(AK$71,2)-1))+0*7+5)),"") -> 5 | U79: =IF(MONTH(((AK$71-(WEEKDAY(AK$71,2)-1))+1*7+5))=MONTH(AK$71),DAY(((AK$71-(WEEKDAY(AK$71,2)-1))+1*7+5)),"") -> 12 | V79: =IF(MONTH(((AK$71-(WEEKDAY(AK$71,2)-1))+2*7+5))=MONTH(AK$71),DAY(((AK$71-(WEEKDAY(AK$71,2)-1))+2*7+5)),"") -> 19 | W79: =IF(MONTH(((AK$71-(WEEKDAY(AK$71,2)-1))+3*7+5))=MONTH(AK$71),DAY(((AK$71-(WEEKDAY(AK$71,2)-1))+3*7+5)),"") -> 26 | X79: =IF(MONTH(((AK$71-(WEEKDAY(AK$71,2)-1))+4*7+5))=MONTH(AK$71),DAY(((AK$71-(WEEKDAY(AK$71,2)-1))+4*7+5)),"") | Y79: =IF(MONTH(((AK$71-(WEEKDAY(AK$71,2)-1))+5*7+5))=MONTH(AK$71),DAY(((AK$71-(WEEKDAY(AK$71,2)-1))+5*7+5)),"") | Z79: =IF(MONTH(((AL$71-(WEEKDAY(AL$71,2)-1))+0*7+5))=MONTH(AL$71),DAY(((AL$71-(WEEKDAY(AL$71,2)-1))+0*7+5)),"") -> 2 | AA79: =IF(MONTH(((AL$71-(WEEKDAY(AL$71,2)-1))+1*7+5))=MONTH(AL$71),DAY(((AL$71-(WEEKDAY(AL$71,2)-1))+1*7+5)),"") -> 9 | AB79: =IF(MONTH(((AL$71-(WEEKDAY(AL$71,2)-1))+2*7+5))=MONTH(AL$71),DAY(((AL$71-(WEEKDAY(AL$71,2)-1))+2*7+5)),"") -> 16 | AC79: =IF(MONTH(((AL$71-(WEEKDAY(AL$71,2)-1))+3*7+5))=MONTH(AL$71),DAY(((AL$71-(WEEKDAY(AL$71,2)-1))+3*7+5)),"") -> 23 | AD79: =IF(MONTH(((AL$71-(WEEKDAY(AL$71,2)-1))+4*7+5))=MONTH(AL$71),DAY(((AL$71-(WEEKDAY(AL$71,2)-1))+4*7+5)),"") -> 30 | AE79: =IF(MONTH(((AL$71-(WEEKDAY(AL$71,2)-1))+5*7+5))=MONTH(AL$71),DAY(((AL$71-(WEEKDAY(AL$71,2)-1))+5*7+5)),"")
A80: Pazar | B80: =IF(MONTH(((AH$71-(WEEKDAY(AH$71,2)-1))+0*7+6))=MONTH(AH$71),DAY(((AH$71-(WEEKDAY(AH$71,2)-1))+0*7+6)),"") -> 6 | C80: =IF(MONTH(((AH$71-(WEEKDAY(AH$71,2)-1))+1*7+6))=MONTH(AH$71),DAY(((AH$71-(WEEKDAY(AH$71,2)-1))+1*7+6)),"") -> 13 | D80: =IF(MONTH(((AH$71-(WEEKDAY(AH$71,2)-1))+2*7+6))=MONTH(AH$71),DAY(((AH$71-(WEEKDAY(AH$71,2)-1))+2*7+6)),"") -> 20 | E80: =IF(MONTH(((AH$71-(WEEKDAY(AH$71,2)-1))+3*7+6))=MONTH(AH$71),DAY(((AH$71-(WEEKDAY(AH$71,2)-1))+3*7+6)),"") -> 27 | F80: =IF(MONTH(((AH$71-(WEEKDAY(AH$71,2)-1))+4*7+6))=MONTH(AH$71),DAY(((AH$71-(WEEKDAY(AH$71,2)-1))+4*7+6)),"") | G80: =IF(MONTH(((AH$71-(WEEKDAY(AH$71,2)-1))+5*7+6))=MONTH(AH$71),DAY(((AH$71-(WEEKDAY(AH$71,2)-1))+5*7+6)),"") | H80: =IF(MONTH(((AI$71-(WEEKDAY(AI$71,2)-1))+0*7+6))=MONTH(AI$71),DAY(((AI$71-(WEEKDAY(AI$71,2)-1))+0*7+6)),"") -> 4 | I80: =IF(MONTH(((AI$71-(WEEKDAY(AI$71,2)-1))+1*7+6))=MONTH(AI$71),DAY(((AI$71-(WEEKDAY(AI$71,2)-1))+1*7+6)),"") -> 11 | J80: =IF(MONTH(((AI$71-(WEEKDAY(AI$71,2)-1))+2*7+6))=MONTH(AI$71),DAY(((AI$71-(WEEKDAY(AI$71,2)-1))+2*7+6)),"") -> 18 | K80: =IF(MONTH(((AI$71-(WEEKDAY(AI$71,2)-1))+3*7+6))=MONTH(AI$71),DAY(((AI$71-(WEEKDAY(AI$71,2)-1))+3*7+6)),"") -> 25 | L80: =IF(MONTH(((AI$71-(WEEKDAY(AI$71,2)-1))+4*7+6))=MONTH(AI$71),DAY(((AI$71-(WEEKDAY(AI$71,2)-1))+4*7+6)),"") | M80: =IF(MONTH(((AI$71-(WEEKDAY(AI$71,2)-1))+5*7+6))=MONTH(AI$71),DAY(((AI$71-(WEEKDAY(AI$71,2)-1))+5*7+6)),"") | N80: =IF(MONTH(((AJ$71-(WEEKDAY(AJ$71,2)-1))+0*7+6))=MONTH(AJ$71),DAY(((AJ$71-(WEEKDAY(AJ$71,2)-1))+0*7+6)),"") -> 1 | O80: =IF(MONTH(((AJ$71-(WEEKDAY(AJ$71,2)-1))+1*7+6))=MONTH(AJ$71),DAY(((AJ$71-(WEEKDAY(AJ$71,2)-1))+1*7+6)),"") -> 8 | P80: =IF(MONTH(((AJ$71-(WEEKDAY(AJ$71,2)-1))+2*7+6))=MONTH(AJ$71),DAY(((AJ$71-(WEEKDAY(AJ$71,2)-1))+2*7+6)),"") -> 15 | Q80: =IF(MONTH(((AJ$71-(WEEKDAY(AJ$71,2)-1))+3*7+6))=MONTH(AJ$71),DAY(((AJ$71-(WEEKDAY(AJ$71,2)-1))+3*7+6)),"") -> 22 | R80: =IF(MONTH(((AJ$71-(WEEKDAY(AJ$71,2)-1))+4*7+6))=MONTH(AJ$71),DAY(((AJ$71-(WEEKDAY(AJ$71,2)-1))+4*7+6)),"") -> 29 | S80: =IF(MONTH(((AJ$71-(WEEKDAY(AJ$71,2)-1))+5*7+6))=MONTH(AJ$71),DAY(((AJ$71-(WEEKDAY(AJ$71,2)-1))+5*7+6)),"") | T80: =IF(MONTH(((AK$71-(WEEKDAY(AK$71,2)-1))+0*7+6))=MONTH(AK$71),DAY(((AK$71-(WEEKDAY(AK$71,2)-1))+0*7+6)),"") -> 6 | U80: =IF(MONTH(((AK$71-(WEEKDAY(AK$71,2)-1))+1*7+6))=MONTH(AK$71),DAY(((AK$71-(WEEKDAY(AK$71,2)-1))+1*7+6)),"") -> 13 | V80: =IF(MONTH(((AK$71-(WEEKDAY(AK$71,2)-1))+2*7+6))=MONTH(AK$71),DAY(((AK$71-(WEEKDAY(AK$71,2)-1))+2*7+6)),"") -> 20 | W80: =IF(MONTH(((AK$71-(WEEKDAY(AK$71,2)-1))+3*7+6))=MONTH(AK$71),DAY(((AK$71-(WEEKDAY(AK$71,2)-1))+3*7+6)),"") -> 27 | X80: =IF(MONTH(((AK$71-(WEEKDAY(AK$71,2)-1))+4*7+6))=MONTH(AK$71),DAY(((AK$71-(WEEKDAY(AK$71,2)-1))+4*7+6)),"") | Y80: =IF(MONTH(((AK$71-(WEEKDAY(AK$71,2)-1))+5*7+6))=MONTH(AK$71),DAY(((AK$71-(WEEKDAY(AK$71,2)-1))+5*7+6)),"") | Z80: =IF(MONTH(((AL$71-(WEEKDAY(AL$71,2)-1))+0*7+6))=MONTH(AL$71),DAY(((AL$71-(WEEKDAY(AL$71,2)-1))+0*7+6)),"") -> 3 | AA80: =IF(MONTH(((AL$71-(WEEKDAY(AL$71,2)-1))+1*7+6))=MONTH(AL$71),DAY(((AL$71-(WEEKDAY(AL$71,2)-1))+1*7+6)),"") -> 10 | AB80: =IF(MONTH(((AL$71-(WEEKDAY(AL$71,2)-1))+2*7+6))=MONTH(AL$71),DAY(((AL$71-(WEEKDAY(AL$71,2)-1))+2*7+6)),"") -> 17 | AC80: =IF(MONTH(((AL$71-(WEEKDAY(AL$71,2)-1))+3*7+6))=MONTH(AL$71),DAY(((AL$71-(WEEKDAY(AL$71,2)-1))+3*7+6)),"") -> 24 | AD80: =IF(MONTH(((AL$71-(WEEKDAY(AL$71,2)-1))+4*7+6))=MONTH(AL$71),DAY(((AL$71-(WEEKDAY(AL$71,2)-1))+4*7+6)),"") -> 31 | AE80: =IF(MONTH(((AL$71-(WEEKDAY(AL$71,2)-1))+5*7+6))=MONTH(AL$71),DAY(((AL$71-(WEEKDAY(AL$71,2)-1))+5*7+6)),"")
A81: Günler | B81: =CHOOSE(MONTH(AM$71),"Ocak","Şubat","Mart","Nisan","Mayıs","Haziran","Temmuz","Ağustos","Eylül","Ekim","Kasım","Aralık")&" "&YEAR(AM$71) -> Şubat 2027 | H81: =CHOOSE(MONTH(AN$71),"Ocak","Şubat","Mart","Nisan","Mayıs","Haziran","Temmuz","Ağustos","Eylül","Ekim","Kasım","Aralık")&" "&YEAR(AN$71) -> Mart 2027 | N81: =CHOOSE(MONTH(AO$71),"Ocak","Şubat","Mart","Nisan","Mayıs","Haziran","Temmuz","Ağustos","Eylül","Ekim","Kasım","Aralık")&" "&YEAR(AO$71) -> Nisan 2027 | T81: =CHOOSE(MONTH(AP$71),"Ocak","Şubat","Mart","Nisan","Mayıs","Haziran","Temmuz","Ağustos","Eylül","Ekim","Kasım","Aralık")&" "&YEAR(AP$71) -> Mayıs 2027 | Z81: =CHOOSE(MONTH(AQ$71),"Ocak","Şubat","Mart","Nisan","Mayıs","Haziran","Temmuz","Ağustos","Eylül","Ekim","Kasım","Aralık")&" "&YEAR(AQ$71) -> Haziran 2027
A82: Pazartesi | B82: =IF(MONTH(((AM$71-(WEEKDAY(AM$71,2)-1))+0*7+0))=MONTH(AM$71),DAY(((AM$71-(WEEKDAY(AM$71,2)-1))+0*7+0)),"") -> 1 | C82: =IF(MONTH(((AM$71-(WEEKDAY(AM$71,2)-1))+1*7+0))=MONTH(AM$71),DAY(((AM$71-(WEEKDAY(AM$71,2)-1))+1*7+0)),"") -> 8 | D82: =IF(MONTH(((AM$71-(WEEKDAY(AM$71,2)-1))+2*7+0))=MONTH(AM$71),DAY(((AM$71-(WEEKDAY(AM$71,2)-1))+2*7+0)),"") -> 15 | E82: =IF(MONTH(((AM$71-(WEEKDAY(AM$71,2)-1))+3*7+0))=MONTH(AM$71),DAY(((AM$71-(WEEKDAY(AM$71,2)-1))+3*7+0)),"") -> 22 | F82: =IF(MONTH(((AM$71-(WEEKDAY(AM$71,2)-1))+4*7+0))=MONTH(AM$71),DAY(((AM$71-(WEEKDAY(AM$71,2)-1))+4*7+0)),"") | G82: =IF(MONTH(((AM$71-(WEEKDAY(AM$71,2)-1))+5*7+0))=MONTH(AM$71),DAY(((AM$71-(WEEKDAY(AM$71,2)-1))+5*7+0)),"") | H82: =IF(MONTH(((AN$71-(WEEKDAY(AN$71,2)-1))+0*7+0))=MONTH(AN$71),DAY(((AN$71-(WEEKDAY(AN$71,2)-1))+0*7+0)),"") -> 1 | I82: =IF(MONTH(((AN$71-(WEEKDAY(AN$71,2)-1))+1*7+0))=MONTH(AN$71),DAY(((AN$71-(WEEKDAY(AN$71,2)-1))+1*7+0)),"") -> 8 | J82: =IF(MONTH(((AN$71-(WEEKDAY(AN$71,2)-1))+2*7+0))=MONTH(AN$71),DAY(((AN$71-(WEEKDAY(AN$71,2)-1))+2*7+0)),"") -> 15 | K82: =IF(MONTH(((AN$71-(WEEKDAY(AN$71,2)-1))+3*7+0))=MONTH(AN$71),DAY(((AN$71-(WEEKDAY(AN$71,2)-1))+3*7+0)),"") -> 22 | L82: =IF(MONTH(((AN$71-(WEEKDAY(AN$71,2)-1))+4*7+0))=MONTH(AN$71),DAY(((AN$71-(WEEKDAY(AN$71,2)-1))+4*7+0)),"") -> 29 | M82: =IF(MONTH(((AN$71-(WEEKDAY(AN$71,2)-1))+5*7+0))=MONTH(AN$71),DAY(((AN$71-(WEEKDAY(AN$71,2)-1))+5*7+0)),"") | N82: =IF(MONTH(((AO$71-(WEEKDAY(AO$71,2)-1))+0*7+0))=MONTH(AO$71),DAY(((AO$71-(WEEKDAY(AO$71,2)-1))+0*7+0)),"") | O82: =IF(MONTH(((AO$71-(WEEKDAY(AO$71,2)-1))+1*7+0))=MONTH(AO$71),DAY(((AO$71-(WEEKDAY(AO$71,2)-1))+1*7+0)),"") -> 5 | P82: =IF(MONTH(((AO$71-(WEEKDAY(AO$71,2)-1))+2*7+0))=MONTH(AO$71),DAY(((AO$71-(WEEKDAY(AO$71,2)-1))+2*7+0)),"") -> 12 | Q82: =IF(MONTH(((AO$71-(WEEKDAY(AO$71,2)-1))+3*7+0))=MONTH(AO$71),DAY(((AO$71-(WEEKDAY(AO$71,2)-1))+3*7+0)),"") -> 19 | R82: =IF(MONTH(((AO$71-(WEEKDAY(AO$71,2)-1))+4*7+0))=MONTH(AO$71),DAY(((AO$71-(WEEKDAY(AO$71,2)-1))+4*7+0)),"") -> 26 | S82: =IF(MONTH(((AO$71-(WEEKDAY(AO$71,2)-1))+5*7+0))=MONTH(AO$71),DAY(((AO$71-(WEEKDAY(AO$71,2)-1))+5*7+0)),"") | T82: =IF(MONTH(((AP$71-(WEEKDAY(AP$71,2)-1))+0*7+0))=MONTH(AP$71),DAY(((AP$71-(WEEKDAY(AP$71,2)-1))+0*7+0)),"") | U82: =IF(MONTH(((AP$71-(WEEKDAY(AP$71,2)-1))+1*7+0))=MONTH(AP$71),DAY(((AP$71-(WEEKDAY(AP$71,2)-1))+1*7+0)),"") -> 3 | V82: =IF(MONTH(((AP$71-(WEEKDAY(AP$71,2)-1))+2*7+0))=MONTH(AP$71),DAY(((AP$71-(WEEKDAY(AP$71,2)-1))+2*7+0)),"") -> 10 | W82: =IF(MONTH(((AP$71-(WEEKDAY(AP$71,2)-1))+3*7+0))=MONTH(AP$71),DAY(((AP$71-(WEEKDAY(AP$71,2)-1))+3*7+0)),"") -> 17 | X82: =IF(MONTH(((AP$71-(WEEKDAY(AP$71,2)-1))+4*7+0))=MONTH(AP$71),DAY(((AP$71-(WEEKDAY(AP$71,2)-1))+4*7+0)),"") -> 24 | Y82: =IF(MONTH(((AP$71-(WEEKDAY(AP$71,2)-1))+5*7+0))=MONTH(AP$71),DAY(((AP$71-(WEEKDAY(AP$71,2)-1))+5*7+0)),"") -> 31 | Z82: =IF(MONTH(((AQ$71-(WEEKDAY(AQ$71,2)-1))+0*7+0))=MONTH(AQ$71),DAY(((AQ$71-(WEEKDAY(AQ$71,2)-1))+0*7+0)),"") | AA82: =IF(MONTH(((AQ$71-(WEEKDAY(AQ$71,2)-1))+1*7+0))=MONTH(AQ$71),DAY(((AQ$71-(WEEKDAY(AQ$71,2)-1))+1*7+0)),"") -> 7 | AB82: =IF(MONTH(((AQ$71-(WEEKDAY(AQ$71,2)-1))+2*7+0))=MONTH(AQ$71),DAY(((AQ$71-(WEEKDAY(AQ$71,2)-1))+2*7+0)),"") -> 14 | AC82: =IF(MONTH(((AQ$71-(WEEKDAY(AQ$71,2)-1))+3*7+0))=MONTH(AQ$71),DAY(((AQ$71-(WEEKDAY(AQ$71,2)-1))+3*7+0)),"") -> 21 | AD82: =IF(MONTH(((AQ$71-(WEEKDAY(AQ$71,2)-1))+4*7+0))=MONTH(AQ$71),DAY(((AQ$71-(WEEKDAY(AQ$71,2)-1))+4*7+0)),"") -> 28 | AE82: =IF(MONTH(((AQ$71-(WEEKDAY(AQ$71,2)-1))+5*7+0))=MONTH(AQ$71),DAY(((AQ$71-(WEEKDAY(AQ$71,2)-1))+5*7+0)),"")
A83: Salı | B83: =IF(MONTH(((AM$71-(WEEKDAY(AM$71,2)-1))+0*7+1))=MONTH(AM$71),DAY(((AM$71-(WEEKDAY(AM$71,2)-1))+0*7+1)),"") -> 2 | C83: =IF(MONTH(((AM$71-(WEEKDAY(AM$71,2)-1))+1*7+1))=MONTH(AM$71),DAY(((AM$71-(WEEKDAY(AM$71,2)-1))+1*7+1)),"") -> 9 | D83: =IF(MONTH(((AM$71-(WEEKDAY(AM$71,2)-1))+2*7+1))=MONTH(AM$71),DAY(((AM$71-(WEEKDAY(AM$71,2)-1))+2*7+1)),"") -> 16 | E83: =IF(MONTH(((AM$71-(WEEKDAY(AM$71,2)-1))+3*7+1))=MONTH(AM$71),DAY(((AM$71-(WEEKDAY(AM$71,2)-1))+3*7+1)),"") -> 23 | F83: =IF(MONTH(((AM$71-(WEEKDAY(AM$71,2)-1))+4*7+1))=MONTH(AM$71),DAY(((AM$71-(WEEKDAY(AM$71,2)-1))+4*7+1)),"") | G83: =IF(MONTH(((AM$71-(WEEKDAY(AM$71,2)-1))+5*7+1))=MONTH(AM$71),DAY(((AM$71-(WEEKDAY(AM$71,2)-1))+5*7+1)),"") | H83: =IF(MONTH(((AN$71-(WEEKDAY(AN$71,2)-1))+0*7+1))=MONTH(AN$71),DAY(((AN$71-(WEEKDAY(AN$71,2)-1))+0*7+1)),"") -> 2 | I83: =IF(MONTH(((AN$71-(WEEKDAY(AN$71,2)-1))+1*7+1))=MONTH(AN$71),DAY(((AN$71-(WEEKDAY(AN$71,2)-1))+1*7+1)),"") -> 9 | J83: =IF(MONTH(((AN$71-(WEEKDAY(AN$71,2)-1))+2*7+1))=MONTH(AN$71),DAY(((AN$71-(WEEKDAY(AN$71,2)-1))+2*7+1)),"") -> 16 | K83: =IF(MONTH(((AN$71-(WEEKDAY(AN$71,2)-1))+3*7+1))=MONTH(AN$71),DAY(((AN$71-(WEEKDAY(AN$71,2)-1))+3*7+1)),"") -> 23 | L83: =IF(MONTH(((AN$71-(WEEKDAY(AN$71,2)-1))+4*7+1))=MONTH(AN$71),DAY(((AN$71-(WEEKDAY(AN$71,2)-1))+4*7+1)),"") -> 30 | M83: =IF(MONTH(((AN$71-(WEEKDAY(AN$71,2)-1))+5*7+1))=MONTH(AN$71),DAY(((AN$71-(WEEKDAY(AN$71,2)-1))+5*7+1)),"") | N83: =IF(MONTH(((AO$71-(WEEKDAY(AO$71,2)-1))+0*7+1))=MONTH(AO$71),DAY(((AO$71-(WEEKDAY(AO$71,2)-1))+0*7+1)),"") | O83: =IF(MONTH(((AO$71-(WEEKDAY(AO$71,2)-1))+1*7+1))=MONTH(AO$71),DAY(((AO$71-(WEEKDAY(AO$71,2)-1))+1*7+1)),"") -> 6 | P83: =IF(MONTH(((AO$71-(WEEKDAY(AO$71,2)-1))+2*7+1))=MONTH(AO$71),DAY(((AO$71-(WEEKDAY(AO$71,2)-1))+2*7+1)),"") -> 13 | Q83: =IF(MONTH(((AO$71-(WEEKDAY(AO$71,2)-1))+3*7+1))=MONTH(AO$71),DAY(((AO$71-(WEEKDAY(AO$71,2)-1))+3*7+1)),"") -> 20 | R83: =IF(MONTH(((AO$71-(WEEKDAY(AO$71,2)-1))+4*7+1))=MONTH(AO$71),DAY(((AO$71-(WEEKDAY(AO$71,2)-1))+4*7+1)),"") -> 27 | S83: =IF(MONTH(((AO$71-(WEEKDAY(AO$71,2)-1))+5*7+1))=MONTH(AO$71),DAY(((AO$71-(WEEKDAY(AO$71,2)-1))+5*7+1)),"") | T83: =IF(MONTH(((AP$71-(WEEKDAY(AP$71,2)-1))+0*7+1))=MONTH(AP$71),DAY(((AP$71-(WEEKDAY(AP$71,2)-1))+0*7+1)),"") | U83: =IF(MONTH(((AP$71-(WEEKDAY(AP$71,2)-1))+1*7+1))=MONTH(AP$71),DAY(((AP$71-(WEEKDAY(AP$71,2)-1))+1*7+1)),"") -> 4 | V83: =IF(MONTH(((AP$71-(WEEKDAY(AP$71,2)-1))+2*7+1))=MONTH(AP$71),DAY(((AP$71-(WEEKDAY(AP$71,2)-1))+2*7+1)),"") -> 11 | W83: =IF(MONTH(((AP$71-(WEEKDAY(AP$71,2)-1))+3*7+1))=MONTH(AP$71),DAY(((AP$71-(WEEKDAY(AP$71,2)-1))+3*7+1)),"") -> 18 | X83: =IF(MONTH(((AP$71-(WEEKDAY(AP$71,2)-1))+4*7+1))=MONTH(AP$71),DAY(((AP$71-(WEEKDAY(AP$71,2)-1))+4*7+1)),"") -> 25 | Y83: =IF(MONTH(((AP$71-(WEEKDAY(AP$71,2)-1))+5*7+1))=MONTH(AP$71),DAY(((AP$71-(WEEKDAY(AP$71,2)-1))+5*7+1)),"") | Z83: =IF(MONTH(((AQ$71-(WEEKDAY(AQ$71,2)-1))+0*7+1))=MONTH(AQ$71),DAY(((AQ$71-(WEEKDAY(AQ$71,2)-1))+0*7+1)),"") -> 1 | AA83: =IF(MONTH(((AQ$71-(WEEKDAY(AQ$71,2)-1))+1*7+1))=MONTH(AQ$71),DAY(((AQ$71-(WEEKDAY(AQ$71,2)-1))+1*7+1)),"") -> 8 | AB83: =IF(MONTH(((AQ$71-(WEEKDAY(AQ$71,2)-1))+2*7+1))=MONTH(AQ$71),DAY(((AQ$71-(WEEKDAY(AQ$71,2)-1))+2*7+1)),"") -> 15 | AC83: =IF(MONTH(((AQ$71-(WEEKDAY(AQ$71,2)-1))+3*7+1))=MONTH(AQ$71),DAY(((AQ$71-(WEEKDAY(AQ$71,2)-1))+3*7+1)),"") -> 22 | AD83: =IF(MONTH(((AQ$71-(WEEKDAY(AQ$71,2)-1))+4*7+1))=MONTH(AQ$71),DAY(((AQ$71-(WEEKDAY(AQ$71,2)-1))+4*7+1)),"") -> 29 | AE83: =IF(MONTH(((AQ$71-(WEEKDAY(AQ$71,2)-1))+5*7+1))=MONTH(AQ$71),DAY(((AQ$71-(WEEKDAY(AQ$71,2)-1))+5*7+1)),"")
A84: Çarşamba | B84: =IF(MONTH(((AM$71-(WEEKDAY(AM$71,2)-1))+0*7+2))=MONTH(AM$71),DAY(((AM$71-(WEEKDAY(AM$71,2)-1))+0*7+2)),"") -> 3 | C84: =IF(MONTH(((AM$71-(WEEKDAY(AM$71,2)-1))+1*7+2))=MONTH(AM$71),DAY(((AM$71-(WEEKDAY(AM$71,2)-1))+1*7+2)),"") -> 10 | D84: =IF(MONTH(((AM$71-(WEEKDAY(AM$71,2)-1))+2*7+2))=MONTH(AM$71),DAY(((AM$71-(WEEKDAY(AM$71,2)-1))+2*7+2)),"") -> 17 | E84: =IF(MONTH(((AM$71-(WEEKDAY(AM$71,2)-1))+3*7+2))=MONTH(AM$71),DAY(((AM$71-(WEEKDAY(AM$71,2)-1))+3*7+2)),"") -> 24 | F84: =IF(MONTH(((AM$71-(WEEKDAY(AM$71,2)-1))+4*7+2))=MONTH(AM$71),DAY(((AM$71-(WEEKDAY(AM$71,2)-1))+4*7+2)),"") | G84: =IF(MONTH(((AM$71-(WEEKDAY(AM$71,2)-1))+5*7+2))=MONTH(AM$71),DAY(((AM$71-(WEEKDAY(AM$71,2)-1))+5*7+2)),"") | H84: =IF(MONTH(((AN$71-(WEEKDAY(AN$71,2)-1))+0*7+2))=MONTH(AN$71),DAY(((AN$71-(WEEKDAY(AN$71,2)-1))+0*7+2)),"") -> 3 | I84: =IF(MONTH(((AN$71-(WEEKDAY(AN$71,2)-1))+1*7+2))=MONTH(AN$71),DAY(((AN$71-(WEEKDAY(AN$71,2)-1))+1*7+2)),"") -> 10 | J84: =IF(MONTH(((AN$71-(WEEKDAY(AN$71,2)-1))+2*7+2))=MONTH(AN$71),DAY(((AN$71-(WEEKDAY(AN$71,2)-1))+2*7+2)),"") -> 17 | K84: =IF(MONTH(((AN$71-(WEEKDAY(AN$71,2)-1))+3*7+2))=MONTH(AN$71),DAY(((AN$71-(WEEKDAY(AN$71,2)-1))+3*7+2)),"") -> 24 | L84: =IF(MONTH(((AN$71-(WEEKDAY(AN$71,2)-1))+4*7+2))=MONTH(AN$71),DAY(((AN$71-(WEEKDAY(AN$71,2)-1))+4*7+2)),"") -> 31 | M84: =IF(MONTH(((AN$71-(WEEKDAY(AN$71,2)-1))+5*7+2))=MONTH(AN$71),DAY(((AN$71-(WEEKDAY(AN$71,2)-1))+5*7+2)),"") | N84: =IF(MONTH(((AO$71-(WEEKDAY(AO$71,2)-1))+0*7+2))=MONTH(AO$71),DAY(((AO$71-(WEEKDAY(AO$71,2)-1))+0*7+2)),"") | O84: =IF(MONTH(((AO$71-(WEEKDAY(AO$71,2)-1))+1*7+2))=MONTH(AO$71),DAY(((AO$71-(WEEKDAY(AO$71,2)-1))+1*7+2)),"") -> 7 | P84: =IF(MONTH(((AO$71-(WEEKDAY(AO$71,2)-1))+2*7+2))=MONTH(AO$71),DAY(((AO$71-(WEEKDAY(AO$71,2)-1))+2*7+2)),"") -> 14 | Q84: =IF(MONTH(((AO$71-(WEEKDAY(AO$71,2)-1))+3*7+2))=MONTH(AO$71),DAY(((AO$71-(WEEKDAY(AO$71,2)-1))+3*7+2)),"") -> 21 | R84: =IF(MONTH(((AO$71-(WEEKDAY(AO$71,2)-1))+4*7+2))=MONTH(AO$71),DAY(((AO$71-(WEEKDAY(AO$71,2)-1))+4*7+2)),"") -> 28 | S84: =IF(MONTH(((AO$71-(WEEKDAY(AO$71,2)-1))+5*7+2))=MONTH(AO$71),DAY(((AO$71-(WEEKDAY(AO$71,2)-1))+5*7+2)),"") | T84: =IF(MONTH(((AP$71-(WEEKDAY(AP$71,2)-1))+0*7+2))=MONTH(AP$71),DAY(((AP$71-(WEEKDAY(AP$71,2)-1))+0*7+2)),"") | U84: =IF(MONTH(((AP$71-(WEEKDAY(AP$71,2)-1))+1*7+2))=MONTH(AP$71),DAY(((AP$71-(WEEKDAY(AP$71,2)-1))+1*7+2)),"") -> 5 | V84: =IF(MONTH(((AP$71-(WEEKDAY(AP$71,2)-1))+2*7+2))=MONTH(AP$71),DAY(((AP$71-(WEEKDAY(AP$71,2)-1))+2*7+2)),"") -> 12 | W84: =IF(MONTH(((AP$71-(WEEKDAY(AP$71,2)-1))+3*7+2))=MONTH(AP$71),DAY(((AP$71-(WEEKDAY(AP$71,2)-1))+3*7+2)),"") -> 19 | X84: =IF(MONTH(((AP$71-(WEEKDAY(AP$71,2)-1))+4*7+2))=MONTH(AP$71),DAY(((AP$71-(WEEKDAY(AP$71,2)-1))+4*7+2)),"") -> 26 | Y84: =IF(MONTH(((AP$71-(WEEKDAY(AP$71,2)-1))+5*7+2))=MONTH(AP$71),DAY(((AP$71-(WEEKDAY(AP$71,2)-1))+5*7+2)),"") | Z84: =IF(MONTH(((AQ$71-(WEEKDAY(AQ$71,2)-1))+0*7+2))=MONTH(AQ$71),DAY(((AQ$71-(WEEKDAY(AQ$71,2)-1))+0*7+2)),"") -> 2 | AA84: =IF(MONTH(((AQ$71-(WEEKDAY(AQ$71,2)-1))+1*7+2))=MONTH(AQ$71),DAY(((AQ$71-(WEEKDAY(AQ$71,2)-1))+1*7+2)),"") -> 9 | AB84: =IF(MONTH(((AQ$71-(WEEKDAY(AQ$71,2)-1))+2*7+2))=MONTH(AQ$71),DAY(((AQ$71-(WEEKDAY(AQ$71,2)-1))+2*7+2)),"") -> 16 | AC84: =IF(MONTH(((AQ$71-(WEEKDAY(AQ$71,2)-1))+3*7+2))=MONTH(AQ$71),DAY(((AQ$71-(WEEKDAY(AQ$71,2)-1))+3*7+2)),"") -> 23 | AD84: =IF(MONTH(((AQ$71-(WEEKDAY(AQ$71,2)-1))+4*7+2))=MONTH(AQ$71),DAY(((AQ$71-(WEEKDAY(AQ$71,2)-1))+4*7+2)),"") -> 30 | AE84: =IF(MONTH(((AQ$71-(WEEKDAY(AQ$71,2)-1))+5*7+2))=MONTH(AQ$71),DAY(((AQ$71-(WEEKDAY(AQ$71,2)-1))+5*7+2)),"")
A85: Perşembe | B85: =IF(MONTH(((AM$71-(WEEKDAY(AM$71,2)-1))+0*7+3))=MONTH(AM$71),DAY(((AM$71-(WEEKDAY(AM$71,2)-1))+0*7+3)),"") -> 4 | C85: =IF(MONTH(((AM$71-(WEEKDAY(AM$71,2)-1))+1*7+3))=MONTH(AM$71),DAY(((AM$71-(WEEKDAY(AM$71,2)-1))+1*7+3)),"") -> 11 | D85: =IF(MONTH(((AM$71-(WEEKDAY(AM$71,2)-1))+2*7+3))=MONTH(AM$71),DAY(((AM$71-(WEEKDAY(AM$71,2)-1))+2*7+3)),"") -> 18 | E85: =IF(MONTH(((AM$71-(WEEKDAY(AM$71,2)-1))+3*7+3))=MONTH(AM$71),DAY(((AM$71-(WEEKDAY(AM$71,2)-1))+3*7+3)),"") -> 25 | F85: =IF(MONTH(((AM$71-(WEEKDAY(AM$71,2)-1))+4*7+3))=MONTH(AM$71),DAY(((AM$71-(WEEKDAY(AM$71,2)-1))+4*7+3)),"") | G85: =IF(MONTH(((AM$71-(WEEKDAY(AM$71,2)-1))+5*7+3))=MONTH(AM$71),DAY(((AM$71-(WEEKDAY(AM$71,2)-1))+5*7+3)),"") | H85: =IF(MONTH(((AN$71-(WEEKDAY(AN$71,2)-1))+0*7+3))=MONTH(AN$71),DAY(((AN$71-(WEEKDAY(AN$71,2)-1))+0*7+3)),"") -> 4 | I85: =IF(MONTH(((AN$71-(WEEKDAY(AN$71,2)-1))+1*7+3))=MONTH(AN$71),DAY(((AN$71-(WEEKDAY(AN$71,2)-1))+1*7+3)),"") -> 11 | J85: =IF(MONTH(((AN$71-(WEEKDAY(AN$71,2)-1))+2*7+3))=MONTH(AN$71),DAY(((AN$71-(WEEKDAY(AN$71,2)-1))+2*7+3)),"") -> 18 | K85: =IF(MONTH(((AN$71-(WEEKDAY(AN$71,2)-1))+3*7+3))=MONTH(AN$71),DAY(((AN$71-(WEEKDAY(AN$71,2)-1))+3*7+3)),"") -> 25 | L85: =IF(MONTH(((AN$71-(WEEKDAY(AN$71,2)-1))+4*7+3))=MONTH(AN$71),DAY(((AN$71-(WEEKDAY(AN$71,2)-1))+4*7+3)),"") | M85: =IF(MONTH(((AN$71-(WEEKDAY(AN$71,2)-1))+5*7+3))=MONTH(AN$71),DAY(((AN$71-(WEEKDAY(AN$71,2)-1))+5*7+3)),"") | N85: =IF(MONTH(((AO$71-(WEEKDAY(AO$71,2)-1))+0*7+3))=MONTH(AO$71),DAY(((AO$71-(WEEKDAY(AO$71,2)-1))+0*7+3)),"") -> 1 | O85: =IF(MONTH(((AO$71-(WEEKDAY(AO$71,2)-1))+1*7+3))=MONTH(AO$71),DAY(((AO$71-(WEEKDAY(AO$71,2)-1))+1*7+3)),"") -> 8 | P85: =IF(MONTH(((AO$71-(WEEKDAY(AO$71,2)-1))+2*7+3))=MONTH(AO$71),DAY(((AO$71-(WEEKDAY(AO$71,2)-1))+2*7+3)),"") -> 15 | Q85: =IF(MONTH(((AO$71-(WEEKDAY(AO$71,2)-1))+3*7+3))=MONTH(AO$71),DAY(((AO$71-(WEEKDAY(AO$71,2)-1))+3*7+3)),"") -> 22 | R85: =IF(MONTH(((AO$71-(WEEKDAY(AO$71,2)-1))+4*7+3))=MONTH(AO$71),DAY(((AO$71-(WEEKDAY(AO$71,2)-1))+4*7+3)),"") -> 29 | S85: =IF(MONTH(((AO$71-(WEEKDAY(AO$71,2)-1))+5*7+3))=MONTH(AO$71),DAY(((AO$71-(WEEKDAY(AO$71,2)-1))+5*7+3)),"") | T85: =IF(MONTH(((AP$71-(WEEKDAY(AP$71,2)-1))+0*7+3))=MONTH(AP$71),DAY(((AP$71-(WEEKDAY(AP$71,2)-1))+0*7+3)),"") | U85: =IF(MONTH(((AP$71-(WEEKDAY(AP$71,2)-1))+1*7+3))=MONTH(AP$71),DAY(((AP$71-(WEEKDAY(AP$71,2)-1))+1*7+3)),"") -> 6 | V85: =IF(MONTH(((AP$71-(WEEKDAY(AP$71,2)-1))+2*7+3))=MONTH(AP$71),DAY(((AP$71-(WEEKDAY(AP$71,2)-1))+2*7+3)),"") -> 13 | W85: =IF(MONTH(((AP$71-(WEEKDAY(AP$71,2)-1))+3*7+3))=MONTH(AP$71),DAY(((AP$71-(WEEKDAY(AP$71,2)-1))+3*7+3)),"") -> 20 | X85: =IF(MONTH(((AP$71-(WEEKDAY(AP$71,2)-1))+4*7+3))=MONTH(AP$71),DAY(((AP$71-(WEEKDAY(AP$71,2)-1))+4*7+3)),"") -> 27 | Y85: =IF(MONTH(((AP$71-(WEEKDAY(AP$71,2)-1))+5*7+3))=MONTH(AP$71),DAY(((AP$71-(WEEKDAY(AP$71,2)-1))+5*7+3)),"") | Z85: =IF(MONTH(((AQ$71-(WEEKDAY(AQ$71,2)-1))+0*7+3))=MONTH(AQ$71),DAY(((AQ$71-(WEEKDAY(AQ$71,2)-1))+0*7+3)),"") -> 3 | AA85: =IF(MONTH(((AQ$71-(WEEKDAY(AQ$71,2)-1))+1*7+3))=MONTH(AQ$71),DAY(((AQ$71-(WEEKDAY(AQ$71,2)-1))+1*7+3)),"") -> 10 | AB85: =IF(MONTH(((AQ$71-(WEEKDAY(AQ$71,2)-1))+2*7+3))=MONTH(AQ$71),DAY(((AQ$71-(WEEKDAY(AQ$71,2)-1))+2*7+3)),"") -> 17 | AC85: =IF(MONTH(((AQ$71-(WEEKDAY(AQ$71,2)-1))+3*7+3))=MONTH(AQ$71),DAY(((AQ$71-(WEEKDAY(AQ$71,2)-1))+3*7+3)),"") -> 24 | AD85: =IF(MONTH(((AQ$71-(WEEKDAY(AQ$71,2)-1))+4*7+3))=MONTH(AQ$71),DAY(((AQ$71-(WEEKDAY(AQ$71,2)-1))+4*7+3)),"") | AE85: =IF(MONTH(((AQ$71-(WEEKDAY(AQ$71,2)-1))+5*7+3))=MONTH(AQ$71),DAY(((AQ$71-(WEEKDAY(AQ$71,2)-1))+5*7+3)),"")
A86: Cuma | B86: =IF(MONTH(((AM$71-(WEEKDAY(AM$71,2)-1))+0*7+4))=MONTH(AM$71),DAY(((AM$71-(WEEKDAY(AM$71,2)-1))+0*7+4)),"") -> 5 | C86: =IF(MONTH(((AM$71-(WEEKDAY(AM$71,2)-1))+1*7+4))=MONTH(AM$71),DAY(((AM$71-(WEEKDAY(AM$71,2)-1))+1*7+4)),"") -> 12 | D86: =IF(MONTH(((AM$71-(WEEKDAY(AM$71,2)-1))+2*7+4))=MONTH(AM$71),DAY(((AM$71-(WEEKDAY(AM$71,2)-1))+2*7+4)),"") -> 19 | E86: =IF(MONTH(((AM$71-(WEEKDAY(AM$71,2)-1))+3*7+4))=MONTH(AM$71),DAY(((AM$71-(WEEKDAY(AM$71,2)-1))+3*7+4)),"") -> 26 | F86: =IF(MONTH(((AM$71-(WEEKDAY(AM$71,2)-1))+4*7+4))=MONTH(AM$71),DAY(((AM$71-(WEEKDAY(AM$71,2)-1))+4*7+4)),"") | G86: =IF(MONTH(((AM$71-(WEEKDAY(AM$71,2)-1))+5*7+4))=MONTH(AM$71),DAY(((AM$71-(WEEKDAY(AM$71,2)-1))+5*7+4)),"") | H86: =IF(MONTH(((AN$71-(WEEKDAY(AN$71,2)-1))+0*7+4))=MONTH(AN$71),DAY(((AN$71-(WEEKDAY(AN$71,2)-1))+0*7+4)),"") -> 5 | I86: =IF(MONTH(((AN$71-(WEEKDAY(AN$71,2)-1))+1*7+4))=MONTH(AN$71),DAY(((AN$71-(WEEKDAY(AN$71,2)-1))+1*7+4)),"") -> 12 | J86: =IF(MONTH(((AN$71-(WEEKDAY(AN$71,2)-1))+2*7+4))=MONTH(AN$71),DAY(((AN$71-(WEEKDAY(AN$71,2)-1))+2*7+4)),"") -> 19 | K86: =IF(MONTH(((AN$71-(WEEKDAY(AN$71,2)-1))+3*7+4))=MONTH(AN$71),DAY(((AN$71-(WEEKDAY(AN$71,2)-1))+3*7+4)),"") -> 26 | L86: =IF(MONTH(((AN$71-(WEEKDAY(AN$71,2)-1))+4*7+4))=MONTH(AN$71),DAY(((AN$71-(WEEKDAY(AN$71,2)-1))+4*7+4)),"") | M86: =IF(MONTH(((AN$71-(WEEKDAY(AN$71,2)-1))+5*7+4))=MONTH(AN$71),DAY(((AN$71-(WEEKDAY(AN$71,2)-1))+5*7+4)),"") | N86: =IF(MONTH(((AO$71-(WEEKDAY(AO$71,2)-1))+0*7+4))=MONTH(AO$71),DAY(((AO$71-(WEEKDAY(AO$71,2)-1))+0*7+4)),"") -> 2 | O86: =IF(MONTH(((AO$71-(WEEKDAY(AO$71,2)-1))+1*7+4))=MONTH(AO$71),DAY(((AO$71-(WEEKDAY(AO$71,2)-1))+1*7+4)),"") -> 9 | P86: =IF(MONTH(((AO$71-(WEEKDAY(AO$71,2)-1))+2*7+4))=MONTH(AO$71),DAY(((AO$71-(WEEKDAY(AO$71,2)-1))+2*7+4)),"") -> 16 | Q86: =IF(MONTH(((AO$71-(WEEKDAY(AO$71,2)-1))+3*7+4))=MONTH(AO$71),DAY(((AO$71-(WEEKDAY(AO$71,2)-1))+3*7+4)),"") -> 23 | R86: =IF(MONTH(((AO$71-(WEEKDAY(AO$71,2)-1))+4*7+4))=MONTH(AO$71),DAY(((AO$71-(WEEKDAY(AO$71,2)-1))+4*7+4)),"") -> 30 | S86: =IF(MONTH(((AO$71-(WEEKDAY(AO$71,2)-1))+5*7+4))=MONTH(AO$71),DAY(((AO$71-(WEEKDAY(AO$71,2)-1))+5*7+4)),"") | T86: =IF(MONTH(((AP$71-(WEEKDAY(AP$71,2)-1))+0*7+4))=MONTH(AP$71),DAY(((AP$71-(WEEKDAY(AP$71,2)-1))+0*7+4)),"") | U86: =IF(MONTH(((AP$71-(WEEKDAY(AP$71,2)-1))+1*7+4))=MONTH(AP$71),DAY(((AP$71-(WEEKDAY(AP$71,2)-1))+1*7+4)),"") -> 7 | V86: =IF(MONTH(((AP$71-(WEEKDAY(AP$71,2)-1))+2*7+4))=MONTH(AP$71),DAY(((AP$71-(WEEKDAY(AP$71,2)-1))+2*7+4)),"") -> 14 | W86: =IF(MONTH(((AP$71-(WEEKDAY(AP$71,2)-1))+3*7+4))=MONTH(AP$71),DAY(((AP$71-(WEEKDAY(AP$71,2)-1))+3*7+4)),"") -> 21 | X86: =IF(MONTH(((AP$71-(WEEKDAY(AP$71,2)-1))+4*7+4))=MONTH(AP$71),DAY(((AP$71-(WEEKDAY(AP$71,2)-1))+4*7+4)),"") -> 28 | Y86: =IF(MONTH(((AP$71-(WEEKDAY(AP$71,2)-1))+5*7+4))=MONTH(AP$71),DAY(((AP$71-(WEEKDAY(AP$71,2)-1))+5*7+4)),"") | Z86: =IF(MONTH(((AQ$71-(WEEKDAY(AQ$71,2)-1))+0*7+4))=MONTH(AQ$71),DAY(((AQ$71-(WEEKDAY(AQ$71,2)-1))+0*7+4)),"") -> 4 | AA86: =IF(MONTH(((AQ$71-(WEEKDAY(AQ$71,2)-1))+1*7+4))=MONTH(AQ$71),DAY(((AQ$71-(WEEKDAY(AQ$71,2)-1))+1*7+4)),"") -> 11 | AB86: =IF(MONTH(((AQ$71-(WEEKDAY(AQ$71,2)-1))+2*7+4))=MONTH(AQ$71),DAY(((AQ$71-(WEEKDAY(AQ$71,2)-1))+2*7+4)),"") -> 18 | AC86: =IF(MONTH(((AQ$71-(WEEKDAY(AQ$71,2)-1))+3*7+4))=MONTH(AQ$71),DAY(((AQ$71-(WEEKDAY(AQ$71,2)-1))+3*7+4)),"") -> 25 | AD86: =IF(MONTH(((AQ$71-(WEEKDAY(AQ$71,2)-1))+4*7+4))=MONTH(AQ$71),DAY(((AQ$71-(WEEKDAY(AQ$71,2)-1))+4*7+4)),"") | AE86: =IF(MONTH(((AQ$71-(WEEKDAY(AQ$71,2)-1))+5*7+4))=MONTH(AQ$71),DAY(((AQ$71-(WEEKDAY(AQ$71,2)-1))+5*7+4)),"")
A87: Cumartesi | B87: =IF(MONTH(((AM$71-(WEEKDAY(AM$71,2)-1))+0*7+5))=MONTH(AM$71),DAY(((AM$71-(WEEKDAY(AM$71,2)-1))+0*7+5)),"") -> 6 | C87: =IF(MONTH(((AM$71-(WEEKDAY(AM$71,2)-1))+1*7+5))=MONTH(AM$71),DAY(((AM$71-(WEEKDAY(AM$71,2)-1))+1*7+5)),"") -> 13 | D87: =IF(MONTH(((AM$71-(WEEKDAY(AM$71,2)-1))+2*7+5))=MONTH(AM$71),DAY(((AM$71-(WEEKDAY(AM$71,2)-1))+2*7+5)),"") -> 20 | E87: =IF(MONTH(((AM$71-(WEEKDAY(AM$71,2)-1))+3*7+5))=MONTH(AM$71),DAY(((AM$71-(WEEKDAY(AM$71,2)-1))+3*7+5)),"") -> 27 | F87: =IF(MONTH(((AM$71-(WEEKDAY(AM$71,2)-1))+4*7+5))=MONTH(AM$71),DAY(((AM$71-(WEEKDAY(AM$71,2)-1))+4*7+5)),"") | G87: =IF(MONTH(((AM$71-(WEEKDAY(AM$71,2)-1))+5*7+5))=MONTH(AM$71),DAY(((AM$71-(WEEKDAY(AM$71,2)-1))+5*7+5)),"") | H87: =IF(MONTH(((AN$71-(WEEKDAY(AN$71,2)-1))+0*7+5))=MONTH(AN$71),DAY(((AN$71-(WEEKDAY(AN$71,2)-1))+0*7+5)),"") -> 6 | I87: =IF(MONTH(((AN$71-(WEEKDAY(AN$71,2)-1))+1*7+5))=MONTH(AN$71),DAY(((AN$71-(WEEKDAY(AN$71,2)-1))+1*7+5)),"") -> 13 | J87: =IF(MONTH(((AN$71-(WEEKDAY(AN$71,2)-1))+2*7+5))=MONTH(AN$71),DAY(((AN$71-(WEEKDAY(AN$71,2)-1))+2*7+5)),"") -> 20 | K87: =IF(MONTH(((AN$71-(WEEKDAY(AN$71,2)-1))+3*7+5))=MONTH(AN$71),DAY(((AN$71-(WEEKDAY(AN$71,2)-1))+3*7+5)),"") -> 27 | L87: =IF(MONTH(((AN$71-(WEEKDAY(AN$71,2)-1))+4*7+5))=MONTH(AN$71),DAY(((AN$71-(WEEKDAY(AN$71,2)-1))+4*7+5)),"") | M87: =IF(MONTH(((AN$71-(WEEKDAY(AN$71,2)-1))+5*7+5))=MONTH(AN$71),DAY(((AN$71-(WEEKDAY(AN$71,2)-1))+5*7+5)),"") | N87: =IF(MONTH(((AO$71-(WEEKDAY(AO$71,2)-1))+0*7+5))=MONTH(AO$71),DAY(((AO$71-(WEEKDAY(AO$71,2)-1))+0*7+5)),"") -> 3 | O87: =IF(MONTH(((AO$71-(WEEKDAY(AO$71,2)-1))+1*7+5))=MONTH(AO$71),DAY(((AO$71-(WEEKDAY(AO$71,2)-1))+1*7+5)),"") -> 10 | P87: =IF(MONTH(((AO$71-(WEEKDAY(AO$71,2)-1))+2*7+5))=MONTH(AO$71),DAY(((AO$71-(WEEKDAY(AO$71,2)-1))+2*7+5)),"") -> 17 | Q87: =IF(MONTH(((AO$71-(WEEKDAY(AO$71,2)-1))+3*7+5))=MONTH(AO$71),DAY(((AO$71-(WEEKDAY(AO$71,2)-1))+3*7+5)),"") -> 24 | R87: =IF(MONTH(((AO$71-(WEEKDAY(AO$71,2)-1))+4*7+5))=MONTH(AO$71),DAY(((AO$71-(WEEKDAY(AO$71,2)-1))+4*7+5)),"") | S87: =IF(MONTH(((AO$71-(WEEKDAY(AO$71,2)-1))+5*7+5))=MONTH(AO$71),DAY(((AO$71-(WEEKDAY(AO$71,2)-1))+5*7+5)),"") | T87: =IF(MONTH(((AP$71-(WEEKDAY(AP$71,2)-1))+0*7+5))=MONTH(AP$71),DAY(((AP$71-(WEEKDAY(AP$71,2)-1))+0*7+5)),"") -> 1 | U87: =IF(MONTH(((AP$71-(WEEKDAY(AP$71,2)-1))+1*7+5))=MONTH(AP$71),DAY(((AP$71-(WEEKDAY(AP$71,2)-1))+1*7+5)),"") -> 8 | V87: =IF(MONTH(((AP$71-(WEEKDAY(AP$71,2)-1))+2*7+5))=MONTH(AP$71),DAY(((AP$71-(WEEKDAY(AP$71,2)-1))+2*7+5)),"") -> 15 | W87: =IF(MONTH(((AP$71-(WEEKDAY(AP$71,2)-1))+3*7+5))=MONTH(AP$71),DAY(((AP$71-(WEEKDAY(AP$71,2)-1))+3*7+5)),"") -> 22 | X87: =IF(MONTH(((AP$71-(WEEKDAY(AP$71,2)-1))+4*7+5))=MONTH(AP$71),DAY(((AP$71-(WEEKDAY(AP$71,2)-1))+4*7+5)),"") -> 29 | Y87: =IF(MONTH(((AP$71-(WEEKDAY(AP$71,2)-1))+5*7+5))=MONTH(AP$71),DAY(((AP$71-(WEEKDAY(AP$71,2)-1))+5*7+5)),"") | Z87: =IF(MONTH(((AQ$71-(WEEKDAY(AQ$71,2)-1))+0*7+5))=MONTH(AQ$71),DAY(((AQ$71-(WEEKDAY(AQ$71,2)-1))+0*7+5)),"") -> 5 | AA87: =IF(MONTH(((AQ$71-(WEEKDAY(AQ$71,2)-1))+1*7+5))=MONTH(AQ$71),DAY(((AQ$71-(WEEKDAY(AQ$71,2)-1))+1*7+5)),"") -> 12 | AB87: =IF(MONTH(((AQ$71-(WEEKDAY(AQ$71,2)-1))+2*7+5))=MONTH(AQ$71),DAY(((AQ$71-(WEEKDAY(AQ$71,2)-1))+2*7+5)),"") -> 19 | AC87: =IF(MONTH(((AQ$71-(WEEKDAY(AQ$71,2)-1))+3*7+5))=MONTH(AQ$71),DAY(((AQ$71-(WEEKDAY(AQ$71,2)-1))+3*7+5)),"") -> 26 | AD87: =IF(MONTH(((AQ$71-(WEEKDAY(AQ$71,2)-1))+4*7+5))=MONTH(AQ$71),DAY(((AQ$71-(WEEKDAY(AQ$71,2)-1))+4*7+5)),"") | AE87: =IF(MONTH(((AQ$71-(WEEKDAY(AQ$71,2)-1))+5*7+5))=MONTH(AQ$71),DAY(((AQ$71-(WEEKDAY(AQ$71,2)-1))+5*7+5)),"")
A88: Pazar | B88: =IF(MONTH(((AM$71-(WEEKDAY(AM$71,2)-1))+0*7+6))=MONTH(AM$71),DAY(((AM$71-(WEEKDAY(AM$71,2)-1))+0*7+6)),"") -> 7 | C88: =IF(MONTH(((AM$71-(WEEKDAY(AM$71,2)-1))+1*7+6))=MONTH(AM$71),DAY(((AM$71-(WEEKDAY(AM$71,2)-1))+1*7+6)),"") -> 14 | D88: =IF(MONTH(((AM$71-(WEEKDAY(AM$71,2)-1))+2*7+6))=MONTH(AM$71),DAY(((AM$71-(WEEKDAY(AM$71,2)-1))+2*7+6)),"") -> 21 | E88: =IF(MONTH(((AM$71-(WEEKDAY(AM$71,2)-1))+3*7+6))=MONTH(AM$71),DAY(((AM$71-(WEEKDAY(AM$71,2)-1))+3*7+6)),"") -> 28 | F88: =IF(MONTH(((AM$71-(WEEKDAY(AM$71,2)-1))+4*7+6))=MONTH(AM$71),DAY(((AM$71-(WEEKDAY(AM$71,2)-1))+4*7+6)),"") | G88: =IF(MONTH(((AM$71-(WEEKDAY(AM$71,2)-1))+5*7+6))=MONTH(AM$71),DAY(((AM$71-(WEEKDAY(AM$71,2)-1))+5*7+6)),"") | H88: =IF(MONTH(((AN$71-(WEEKDAY(AN$71,2)-1))+0*7+6))=MONTH(AN$71),DAY(((AN$71-(WEEKDAY(AN$71,2)-1))+0*7+6)),"") -> 7 | I88: =IF(MONTH(((AN$71-(WEEKDAY(AN$71,2)-1))+1*7+6))=MONTH(AN$71),DAY(((AN$71-(WEEKDAY(AN$71,2)-1))+1*7+6)),"") -> 14 | J88: =IF(MONTH(((AN$71-(WEEKDAY(AN$71,2)-1))+2*7+6))=MONTH(AN$71),DAY(((AN$71-(WEEKDAY(AN$71,2)-1))+2*7+6)),"") -> 21 | K88: =IF(MONTH(((AN$71-(WEEKDAY(AN$71,2)-1))+3*7+6))=MONTH(AN$71),DAY(((AN$71-(WEEKDAY(AN$71,2)-1))+3*7+6)),"") -> 28 | L88: =IF(MONTH(((AN$71-(WEEKDAY(AN$71,2)-1))+4*7+6))=MONTH(AN$71),DAY(((AN$71-(WEEKDAY(AN$71,2)-1))+4*7+6)),"") | M88: =IF(MONTH(((AN$71-(WEEKDAY(AN$71,2)-1))+5*7+6))=MONTH(AN$71),DAY(((AN$71-(WEEKDAY(AN$71,2)-1))+5*7+6)),"") | N88: =IF(MONTH(((AO$71-(WEEKDAY(AO$71,2)-1))+0*7+6))=MONTH(AO$71),DAY(((AO$71-(WEEKDAY(AO$71,2)-1))+0*7+6)),"") -> 4 | O88: =IF(MONTH(((AO$71-(WEEKDAY(AO$71,2)-1))+1*7+6))=MONTH(AO$71),DAY(((AO$71-(WEEKDAY(AO$71,2)-1))+1*7+6)),"") -> 11 | P88: =IF(MONTH(((AO$71-(WEEKDAY(AO$71,2)-1))+2*7+6))=MONTH(AO$71),DAY(((AO$71-(WEEKDAY(AO$71,2)-1))+2*7+6)),"") -> 18 | Q88: =IF(MONTH(((AO$71-(WEEKDAY(AO$71,2)-1))+3*7+6))=MONTH(AO$71),DAY(((AO$71-(WEEKDAY(AO$71,2)-1))+3*7+6)),"") -> 25 | R88: =IF(MONTH(((AO$71-(WEEKDAY(AO$71,2)-1))+4*7+6))=MONTH(AO$71),DAY(((AO$71-(WEEKDAY(AO$71,2)-1))+4*7+6)),"") | S88: =IF(MONTH(((AO$71-(WEEKDAY(AO$71,2)-1))+5*7+6))=MONTH(AO$71),DAY(((AO$71-(WEEKDAY(AO$71,2)-1))+5*7+6)),"") | T88: =IF(MONTH(((AP$71-(WEEKDAY(AP$71,2)-1))+0*7+6))=MONTH(AP$71),DAY(((AP$71-(WEEKDAY(AP$71,2)-1))+0*7+6)),"") -> 2 | U88: =IF(MONTH(((AP$71-(WEEKDAY(AP$71,2)-1))+1*7+6))=MONTH(AP$71),DAY(((AP$71-(WEEKDAY(AP$71,2)-1))+1*7+6)),"") -> 9 | V88: =IF(MONTH(((AP$71-(WEEKDAY(AP$71,2)-1))+2*7+6))=MONTH(AP$71),DAY(((AP$71-(WEEKDAY(AP$71,2)-1))+2*7+6)),"") -> 16 | W88: =IF(MONTH(((AP$71-(WEEKDAY(AP$71,2)-1))+3*7+6))=MONTH(AP$71),DAY(((AP$71-(WEEKDAY(AP$71,2)-1))+3*7+6)),"") -> 23 | X88: =IF(MONTH(((AP$71-(WEEKDAY(AP$71,2)-1))+4*7+6))=MONTH(AP$71),DAY(((AP$71-(WEEKDAY(AP$71,2)-1))+4*7+6)),"") -> 30 | Y88: =IF(MONTH(((AP$71-(WEEKDAY(AP$71,2)-1))+5*7+6))=MONTH(AP$71),DAY(((AP$71-(WEEKDAY(AP$71,2)-1))+5*7+6)),"") | Z88: =IF(MONTH(((AQ$71-(WEEKDAY(AQ$71,2)-1))+0*7+6))=MONTH(AQ$71),DAY(((AQ$71-(WEEKDAY(AQ$71,2)-1))+0*7+6)),"") -> 6 | AA88: =IF(MONTH(((AQ$71-(WEEKDAY(AQ$71,2)-1))+1*7+6))=MONTH(AQ$71),DAY(((AQ$71-(WEEKDAY(AQ$71,2)-1))+1*7+6)),"") -> 13 | AB88: =IF(MONTH(((AQ$71-(WEEKDAY(AQ$71,2)-1))+2*7+6))=MONTH(AQ$71),DAY(((AQ$71-(WEEKDAY(AQ$71,2)-1))+2*7+6)),"") -> 20 | AC88: =IF(MONTH(((AQ$71-(WEEKDAY(AQ$71,2)-1))+3*7+6))=MONTH(AQ$71),DAY(((AQ$71-(WEEKDAY(AQ$71,2)-1))+3*7+6)),"") -> 27 | AD88: =IF(MONTH(((AQ$71-(WEEKDAY(AQ$71,2)-1))+4*7+6))=MONTH(AQ$71),DAY(((AQ$71-(WEEKDAY(AQ$71,2)-1))+4*7+6)),"") | AE88: =IF(MONTH(((AQ$71-(WEEKDAY(AQ$71,2)-1))+5*7+6))=MONTH(AQ$71),DAY(((AQ$71-(WEEKDAY(AQ$71,2)-1))+5*7+6)),"")

Sheet TEMEL İMALAT İŞLEM AMP 9A
H1: YILLIK DERS PLANI
A3: EĞİTİM-ÖĞRETİM YILI | G3: =TAKVİM!$B$4 -> 2026-2027 Eğitim-Öğretim Yılı | P3: OKUL | U3: =TAKVİM!$B$3 -> Soma Mesleki ve Teknik Anadolu Lisesi
A4: DERS | G4: : TEMEL İMALAT İŞLEMLERİ | P4: ALAN/DAL | U4: : Makine ve Tasarım Teknolojisi Alanı
A5: DERS SAATİ | G5: : 6 SAAT | P5: SINIF | U5: : AMP 9A
A7: 1.DÖNEM SINAV TARİHLERİ | P7: 2.DÖNEM SINAV TARİHLERİ
A8: 1.Dönem 1.Sınav Tarihi | G8: =TAKVİM!$B$7 -> 13.11.2026 | P8: 2.Dönem 1.Sınav Tarihi | U8: =TAKVİM!$B$9 -> 19.03.2027
A9: 1.Dönem 2.Sınav Tarihi | G9: =TAKVİM!$B$8 -> 08.01.2027 | P9: 2.Dönem 2.Sınav Tarihi | U9: =TAKVİM!$B$10 -> 14.05.2027
A11: 1.DÖNEM ÖNEMLİ GÜN VE HAFTALAR | P11: 2.DÖNEM ÖNEMLİ GÜN VE HAFTALAR
A12: 1.Yarıyıl Başlangıcı | G12: =TAKVİM!$B$13 -> 2026-09-14 00:00:00 | P12: 2.Yarıyıl Başlangıcı | U12: =TAKVİM!$B$14 -> 2027-02-08 00:00:00
A13: Cumhuriyet Bayramı | G13: =TAKVİM!$B$15 -> 29.10.2026 | P13: 2. Dönem Ara Tatil | U13: =TAKVİM!$B$19 -> 08-12 Mart
A14: Atatürk'ü Anma Günü ve Atatürk Haftası | G14: =TAKVİM!$B$17 -> 10.11.2026 | P14: 23 Nisan Ulusal Egemenlik ve Çocuk Bayramı | U14: =TAKVİM!$B$18 -> 23.04.2027
A15: 1. Dönem Ara Tatil | G15: =TAKVİM!$B$16 -> 16-20 Kasım | P15: 19 Mayıs Atatürk'ü Anma Gençlik ve Spor Bayramı | U15: =TAKVİM!$B$20 -> 19.05.2027
A16: Yılbaşı Tatili | G16: =TAKVİM!$B$21 -> 01.01.2027 | P16: Ramazan Bayramı | U16: =TAKVİM!$B$22 -> 20.03.2027
A17: Yarıyıl Tatili | G17: =TAKVİM!$B$23 -> 25 OCAK - 05 ŞUBAT 2027 | P17: Eğitim-Öğretim Yılının Sonu | U17: =TAKVİM!$B$24 -> 25.06.2027
A19: 2026-2027 EĞİTİM-ÖĞRETİM YILI İŞGÜNÜ TAKVİMİ
A20: =TAKVİM!$A$73 -> Günler | B20: =TAKVİM!$B$73 -> Eylül 2026 | H20: =TAKVİM!$H$73 -> Ekim 2026 | N20: =TAKVİM!$N$73 -> Kasım 2026 | T20: =TAKVİM!$T$73 -> Aralık 2026 | Z20: =TAKVİM!$Z$73 -> Ocak 2027
A21: =TAKVİM!$A$74 -> Pazartesi | B21: =TAKVİM!$B$74 | C21: =TAKVİM!$C$74 -> 7 | D21: =TAKVİM!$D$74 -> 14 | E21: =TAKVİM!$E$74 -> 21 | F21: =TAKVİM!$F$74 -> 28 | G21: =TAKVİM!$G$74 | H21: =TAKVİM!$H$74 | I21: =TAKVİM!$I$74 -> 5 | J21: =TAKVİM!$J$74 -> 12 | K21: =TAKVİM!$K$74 -> 19 | L21: =TAKVİM!$L$74 -> 26 | M21: =TAKVİM!$M$74 | N21: =TAKVİM!$N$74 | O21: =TAKVİM!$O$74 -> 2 | P21: =TAKVİM!$P$74 -> 9 | Q21: =TAKVİM!$Q$74 -> 16 | R21: =TAKVİM!$R$74 -> 23 | S21: =TAKVİM!$S$74 -> 30 | T21: =TAKVİM!$T$74 | U21: =TAKVİM!$U$74 -> 7 | V21: =TAKVİM!$V$74 -> 14 | W21: =TAKVİM!$W$74 -> 21 | X21: =TAKVİM!$X$74 -> 28 | Y21: =TAKVİM!$Y$74 | Z21: =TAKVİM!$Z$74 | AA21: =TAKVİM!$AA$74 -> 4 | AB21: =TAKVİM!$AB$74 -> 11 | AC21: =TAKVİM!$AC$74 -> 18 | AD21: =TAKVİM!$AD$74 -> 25 | AE21: =TAKVİM!$AE$74
A22: =TAKVİM!$A$75 -> Salı | B22: =TAKVİM!$B$75 -> 1 | C22: =TAKVİM!$C$75 -> 8 | D22: =TAKVİM!$D$75 -> 15 | E22: =TAKVİM!$E$75 -> 22 | F22: =TAKVİM!$F$75 -> 29 | G22: =TAKVİM!$G$75 | H22: =TAKVİM!$H$75 | I22: =TAKVİM!$I$75 -> 6 | J22: =TAKVİM!$J$75 -> 13 | K22: =TAKVİM!$K$75 -> 20 | L22: =TAKVİM!$L$75 -> 27 | M22: =TAKVİM!$M$75 | N22: =TAKVİM!$N$75 | O22: =TAKVİM!$O$75 -> 3 | P22: =TAKVİM!$P$75 -> 10 | Q22: =TAKVİM!$Q$75 -> 17 | R22: =TAKVİM!$R$75 -> 24 | S22: =TAKVİM!$S$75 | T22: =TAKVİM!$T$75 -> 1 | U22: =TAKVİM!$U$75 -> 8 | V22: =TAKVİM!$V$75 -> 15 | W22: =TAKVİM!$W$75 -> 22 | X22: =TAKVİM!$X$75 -> 29 | Y22: =TAKVİM!$Y$75 | Z22: =TAKVİM!$Z$75 | AA22: =TAKVİM!$AA$75 -> 5 | AB22: =TAKVİM!$AB$75 -> 12 | AC22: =TAKVİM!$AC$75 -> 19 | AD22: =TAKVİM!$AD$75 -> 26 | AE22: =TAKVİM!$AE$75
A23: =TAKVİM!$A$76 -> Çarşamba | B23: =TAKVİM!$B$76 -> 2 | C23: =TAKVİM!$C$76 -> 9 | D23: =TAKVİM!$D$76 -> 16 | E23: =TAKVİM!$E$76 -> 23 | F23: =TAKVİM!$F$76 -> 30 | G23: =TAKVİM!$G$76 | H23: =TAKVİM!$H$76 | I23: =TAKVİM!$I$76 -> 7 | J23: =TAKVİM!$J$76 -> 14 | K23: =TAKVİM!$K$76 -> 21 | L23: =TAKVİM!$L$76 -> 28 | M23: =TAKVİM!$M$76 | N23: =TAKVİM!$N$76 | O23: =TAKVİM!$O$76 -> 4 | P23: =TAKVİM!$P$76 -> 11 | Q23: =TAKVİM!$Q$76 -> 18 | R23: =TAKVİM!$R$76 -> 25 | S23: =TAKVİM!$S$76 | T23: =TAKVİM!$T$76 -> 2 | U23: =TAKVİM!$U$76 -> 9 | V23: =TAKVİM!$V$76 -> 16 | W23: =TAKVİM!$W$76 -> 23 | X23: =TAKVİM!$X$76 -> 30 | Y23: =TAKVİM!$Y$76 | Z23: =TAKVİM!$Z$76 | AA23: =TAKVİM!$AA$76 -> 6 | AB23: =TAKVİM!$AB$76 -> 13 | AC23: =TAKVİM!$AC$76 -> 20 | AD23: =TAKVİM!$AD$76 -> 27 | AE23: =TAKVİM!$AE$76
A24: =TAKVİM!$A$77 -> Perşembe | B24: =TAKVİM!$B$77 -> 3 | C24: =TAKVİM!$C$77 -> 10 | D24: =TAKVİM!$D$77 -> 17 | E24: =TAKVİM!$E$77 -> 24 | F24: =TAKVİM!$F$77 | G24: =TAKVİM!$G$77 | H24: =TAKVİM!$H$77 -> 1 | I24: =TAKVİM!$I$77 -> 8 | J24: =TAKVİM!$J$77 -> 15 | K24: =TAKVİM!$K$77 -> 22 | L24: =TAKVİM!$L$77 -> 29 | M24: =TAKVİM!$M$77 | N24: =TAKVİM!$N$77 | O24: =TAKVİM!$O$77 -> 5 | P24: =TAKVİM!$P$77 -> 12 | Q24: =TAKVİM!$Q$77 -> 19 | R24: =TAKVİM!$R$77 -> 26 | S24: =TAKVİM!$S$77 | T24: =TAKVİM!$T$77 -> 3 | U24: =TAKVİM!$U$77 -> 10 | V24: =TAKVİM!$V$77 -> 17 | W24: =TAKVİM!$W$77 -> 24 | X24: =TAKVİM!$X$77 -> 31 | Y24: =TAKVİM!$Y$77 | Z24: =TAKVİM!$Z$77 | AA24: =TAKVİM!$AA$77 -> 7 | AB24: =TAKVİM!$AB$77 -> 14 | AC24: =TAKVİM!$AC$77 -> 21 | AD24: =TAKVİM!$AD$77 -> 28 | AE24: =TAKVİM!$AE$77
A25: =TAKVİM!$A$78 -> Cuma | B25: =TAKVİM!$B$78 -> 4 | C25: =TAKVİM!$C$78 -> 11 | D25: =TAKVİM!$D$78 -> 18 | E25: =TAKVİM!$E$78 -> 25 | F25: =TAKVİM!$F$78 | G25: =TAKVİM!$G$78 | H25: =TAKVİM!$H$78 -> 2 | I25: =TAKVİM!$I$78 -> 9 | J25: =TAKVİM!$J$78 -> 16 | K25: =TAKVİM!$K$78 -> 23 | L25: =TAKVİM!$L$78 -> 30 | M25: =TAKVİM!$M$78 | N25: =TAKVİM!$N$78 | O25: =TAKVİM!$O$78 -> 6 | P25: =TAKVİM!$P$78 -> 13 | Q25: =TAKVİM!$Q$78 -> 20 | R25: =TAKVİM!$R$78 -> 27 | S25: =TAKVİM!$S$78 | T25: =TAKVİM!$T$78 -> 4 | U25: =TAKVİM!$U$78 -> 11 | V25: =TAKVİM!$V$78 -> 18 | W25: =TAKVİM!$W$78 -> 25 | X25: =TAKVİM!$X$78 | Y25: =TAKVİM!$Y$78 | Z25: =TAKVİM!$Z$78 -> 1 | AA25: =TAKVİM!$AA$78 -> 8 | AB25: =TAKVİM!$AB$78 -> 15 | AC25: =TAKVİM!$AC$78 -> 22 | AD25: =TAKVİM!$AD$78 -> 29 | AE25: =TAKVİM!$AE$78
A26: =TAKVİM!$A$79 -> Cumartesi | B26: =TAKVİM!$B$79 -> 5 | C26: =TAKVİM!$C$79 -> 12 | D26: =TAKVİM!$D$79 -> 19 | E26: =TAKVİM!$E$79 -> 26 | F26: =TAKVİM!$F$79 | G26: =TAKVİM!$G$79 | H26: =TAKVİM!$H$79 -> 3 | I26: =TAKVİM!$I$79 -> 10 | J26: =TAKVİM!$J$79 -> 17 | K26: =TAKVİM!$K$79 -> 24 | L26: =TAKVİM!$L$79 -> 31 | M26: =TAKVİM!$M$79 | N26: =TAKVİM!$N$79 | O26: =TAKVİM!$O$79 -> 7 | P26: =TAKVİM!$P$79 -> 14 | Q26: =TAKVİM!$Q$79 -> 21 | R26: =TAKVİM!$R$79 -> 28 | S26: =TAKVİM!$S$79 | T26: =TAKVİM!$T$79 -> 5 | U26: =TAKVİM!$U$79 -> 12 | V26: =TAKVİM!$V$79 -> 19 | W26: =TAKVİM!$W$79 -> 26 | X26: =TAKVİM!$X$79 | Y26: =TAKVİM!$Y$79 | Z26: =TAKVİM!$Z$79 -> 2 | AA26: =TAKVİM!$AA$79 -> 9 | AB26: =TAKVİM!$AB$79 -> 16 | AC26: =TAKVİM!$AC$79 -> 23 | AD26: =TAKVİM!$AD$79 -> 30 | AE26: =TAKVİM!$AE$79
A27: =TAKVİM!$A$80 -> Pazar | B27: =TAKVİM!$B$80 -> 6 | C27: =TAKVİM!$C$80 -> 13 | D27: =TAKVİM!$D$80 -> 20 | E27: =TAKVİM!$E$80 -> 27 | F27: =TAKVİM!$F$80 | G27: =TAKVİM!$G$80 | H27: =TAKVİM!$H$80 -> 4 | I27: =TAKVİM!$I$80 -> 11 | J27: =TAKVİM!$J$80 -> 18 | K27: =TAKVİM!$K$80 -> 25 | L27: =TAKVİM!$L$80 | M27: =TAKVİM!$M$80 | N27: =TAKVİM!$N$80 -> 1 | O27: =TAKVİM!$O$80 -> 8 | P27: =TAKVİM!$P$80 -> 15 | Q27: =TAKVİM!$Q$80 -> 22 | R27: =TAKVİM!$R$80 -> 29 | S27: =TAKVİM!$S$80 | T27: =TAKVİM!$T$80 -> 6 | U27: =TAKVİM!$U$80 -> 13 | V27: =TAKVİM!$V$80 -> 20 | W27: =TAKVİM!$W$80 -> 27 | X27: =TAKVİM!$X$80 | Y27: =TAKVİM!$Y$80 | Z27: =TAKVİM!$Z$80 -> 3 | AA27: =TAKVİM!$AA$80 -> 10 | AB27: =TAKVİM!$AB$80 -> 17 | AC27: =TAKVİM!$AC$80 -> 24 | AD27: =TAKVİM!$AD$80 -> 31 | AE27: =TAKVİM!$AE$80
A28: =TAKVİM!$A$81 -> Günler | B28: =TAKVİM!$B$81 -> Şubat 2027 | H28: =TAKVİM!$H$81 -> Mart 2027 | N28: =TAKVİM!$N$81 -> Nisan 2027 | T28: =TAKVİM!$T$81 -> Mayıs 2027 | Z28: =TAKVİM!$Z$81 -> Haziran 2027
A29: =TAKVİM!$A$82 -> Pazartesi | B29: =TAKVİM!$B$82 -> 1 | C29: =TAKVİM!$C$82 -> 8 | D29: =TAKVİM!$D$82 -> 15 | E29: =TAKVİM!$E$82 -> 22 | F29: =TAKVİM!$F$82 | G29: =TAKVİM!$G$82 | H29: =TAKVİM!$H$82 -> 1 | I29: =TAKVİM!$I$82 -> 8 | J29: =TAKVİM!$J$82 -> 15 | K29: =TAKVİM!$K$82 -> 22 | L29: =TAKVİM!$L$82 -> 29 | M29: =TAKVİM!$M$82 | N29: =TAKVİM!$N$82 | O29: =TAKVİM!$O$82 -> 5 | P29: =TAKVİM!$P$82 -> 12 | Q29: =TAKVİM!$Q$82 -> 19 | R29: =TAKVİM!$R$82 -> 26 | S29: =TAKVİM!$S$82 | T29: =TAKVİM!$T$82 | U29: =TAKVİM!$U$82 -> 3 | V29: =TAKVİM!$V$82 -> 10 | W29: =TAKVİM!$W$82 -> 17 | X29: =TAKVİM!$X$82 -> 24 | Y29: =TAKVİM!$Y$82 -> 31 | Z29: =TAKVİM!$Z$82 | AA29: =TAKVİM!$AA$82 -> 7 | AB29: =TAKVİM!$AB$82 -> 14 | AC29: =TAKVİM!$AC$82 -> 21 | AD29: =TAKVİM!$AD$82 -> 28 | AE29: =TAKVİM!$AE$82
A30: =TAKVİM!$A$83 -> Salı | B30: =TAKVİM!$B$83 -> 2 | C30: =TAKVİM!$C$83 -> 9 | D30: =TAKVİM!$D$83 -> 16 | E30: =TAKVİM!$E$83 -> 23 | F30: =TAKVİM!$F$83 | G30: =TAKVİM!$G$83 | H30: =TAKVİM!$H$83 -> 2 | I30: =TAKVİM!$I$83 -> 9 | J30: =TAKVİM!$J$83 -> 16 | K30: =TAKVİM!$K$83 -> 23 | L30: =TAKVİM!$L$83 -> 30 | M30: =TAKVİM!$M$83 | N30: =TAKVİM!$N$83 | O30: =TAKVİM!$O$83 -> 6 | P30: =TAKVİM!$P$83 -> 13 | Q30: =TAKVİM!$Q$83 -> 20 | R30: =TAKVİM!$R$83 -> 27 | S30: =TAKVİM!$S$83 | T30: =TAKVİM!$T$83 | U30: =TAKVİM!$U$83 -> 4 | V30: =TAKVİM!$V$83 -> 11 | W30: =TAKVİM!$W$83 -> 18 | X30: =TAKVİM!$X$83 -> 25 | Y30: =TAKVİM!$Y$83 | Z30: =TAKVİM!$Z$83 -> 1 | AA30: =TAKVİM!$AA$83 -> 8 | AB30: =TAKVİM!$AB$83 -> 15 | AC30: =TAKVİM!$AC$83 -> 22 | AD30: =TAKVİM!$AD$83 -> 29 | AE30: =TAKVİM!$AE$83
A31: =TAKVİM!$A$84 -> Çarşamba | B31: =TAKVİM!$B$84 -> 3 | C31: =TAKVİM!$C$84 -> 10 | D31: =TAKVİM!$D$84 -> 17 | E31: =TAKVİM!$E$84 -> 24 | F31: =TAKVİM!$F$84 | G31: =TAKVİM!$G$84 | H31: =TAKVİM!$H$84 -> 3 | I31: =TAKVİM!$I$84 -> 10 | J31: =TAKVİM!$J$84 -> 17 | K31: =TAKVİM!$K$84 -> 24 | L31: =TAKVİM!$L$84 -> 31 | M31: =TAKVİM!$M$84 | N31: =TAKVİM!$N$84 | O31: =TAKVİM!$O$84 -> 7 | P31: =TAKVİM!$P$84 -> 14 | Q31: =TAKVİM!$Q$84 -> 21 | R31: =TAKVİM!$R$84 -> 28 | S31: =TAKVİM!$S$84 | T31: =TAKVİM!$T$84 | U31: =TAKVİM!$U$84 -> 5 | V31: =TAKVİM!$V$84 -> 12 | W31: =TAKVİM!$W$84 -> 19 | X31: =TAKVİM!$X$84 -> 26 | Y31: =TAKVİM!$Y$84 | Z31: =TAKVİM!$Z$84 -> 2 | AA31: =TAKVİM!$AA$84 -> 9 | AB31: =TAKVİM!$AB$84 -> 16 | AC31: =TAKVİM!$AC$84 -> 23 | AD31: =TAKVİM!$AD$84 -> 30 | AE31: =TAKVİM!$AE$84
A32: =TAKVİM!$A$85 -> Perşembe | B32: =TAKVİM!$B$85 -> 4 | C32: =TAKVİM!$C$85 -> 11 | D32: =TAKVİM!$D$85 -> 18 | E32: =TAKVİM!$E$85 -> 25 | F32: =TAKVİM!$F$85 | G32: =TAKVİM!$G$85 | H32: =TAKVİM!$H$85 -> 4 | I32: =TAKVİM!$I$85 -> 11 | J32: =TAKVİM!$J$85 -> 18 | K32: =TAKVİM!$K$85 -> 25 | L32: =TAKVİM!$L$85 | M32: =TAKVİM!$M$85 | N32: =TAKVİM!$N$85 -> 1 | O32: =TAKVİM!$O$85 -> 8 | P32: =TAKVİM!$P$85 -> 15 | Q32: =TAKVİM!$Q$85 -> 22 | R32: =TAKVİM!$R$85 -> 29 | S32: =TAKVİM!$S$85 | T32: =TAKVİM!$T$85 | U32: =TAKVİM!$U$85 -> 6 | V32: =TAKVİM!$V$85 -> 13 | W32: =TAKVİM!$W$85 -> 20 | X32: =TAKVİM!$X$85 -> 27 | Y32: =TAKVİM!$Y$85 | Z32: =TAKVİM!$Z$85 -> 3 | AA32: =TAKVİM!$AA$85 -> 10 | AB32: =TAKVİM!$AB$85 -> 17 | AC32: =TAKVİM!$AC$85 -> 24 | AD32: =TAKVİM!$AD$85 | AE32: =TAKVİM!$AE$85
A33: =TAKVİM!$A$86 -> Cuma | B33: =TAKVİM!$B$86 -> 5 | C33: =TAKVİM!$C$86 -> 12 | D33: =TAKVİM!$D$86 -> 19 | E33: =TAKVİM!$E$86 -> 26 | F33: =TAKVİM!$F$86 | G33: =TAKVİM!$G$86 | H33: =TAKVİM!$H$86 -> 5 | I33: =TAKVİM!$I$86 -> 12 | J33: =TAKVİM!$J$86 -> 19 | K33: =TAKVİM!$K$86 -> 26 | L33: =TAKVİM!$L$86 | M33: =TAKVİM!$M$86 | N33: =TAKVİM!$N$86 -> 2 | O33: =TAKVİM!$O$86 -> 9 | P33: =TAKVİM!$P$86 -> 16 | Q33: =TAKVİM!$Q$86 -> 23 | R33: =TAKVİM!$R$86 -> 30 | S33: =TAKVİM!$S$86 | T33: =TAKVİM!$T$86 | U33: =TAKVİM!$U$86 -> 7 | V33: =TAKVİM!$V$86 -> 14 | W33: =TAKVİM!$W$86 -> 21 | X33: =TAKVİM!$X$86 -> 28 | Y33: =TAKVİM!$Y$86 | Z33: =TAKVİM!$Z$86 -> 4 | AA33: =TAKVİM!$AA$86 -> 11 | AB33: =TAKVİM!$AB$86 -> 18 | AC33: =TAKVİM!$AC$86 -> 25 | AD33: =TAKVİM!$AD$86 | AE33: =TAKVİM!$AE$86
A34: =TAKVİM!$A$87 -> Cumartesi | B34: =TAKVİM!$B$87 -> 6 | C34: =TAKVİM!$C$87 -> 13 | D34: =TAKVİM!$D$87 -> 20 | E34: =TAKVİM!$E$87 -> 27 | F34: =TAKVİM!$F$87 | G34: =TAKVİM!$G$87 | H34: =TAKVİM!$H$87 -> 6 | I34: =TAKVİM!$I$87 -> 13 | J34: =TAKVİM!$J$87 -> 20 | K34: =TAKVİM!$K$87 -> 27 | L34: =TAKVİM!$L$87 | M34: =TAKVİM!$M$87 | N34: =TAKVİM!$N$87 -> 3 | O34: =TAKVİM!$O$87 -> 10 | P34: =TAKVİM!$P$87 -> 17 | Q34: =TAKVİM!$Q$87 -> 24 | R34: =TAKVİM!$R$87 | S34: =TAKVİM!$S$87 | T34: =TAKVİM!$T$87 -> 1 | U34: =TAKVİM!$U$87 -> 8 | V34: =TAKVİM!$V$87 -> 15 | W34: =TAKVİM!$W$87 -> 22 | X34: =TAKVİM!$X$87 -> 29 | Y34: =TAKVİM!$Y$87 | Z34: =TAKVİM!$Z$87 -> 5 | AA34: =TAKVİM!$AA$87 -> 12 | AB34: =TAKVİM!$AB$87 -> 19 | AC34: =TAKVİM!$AC$87 -> 26 | AD34: =TAKVİM!$AD$87 | AE34: =TAKVİM!$AE$87
A35: =TAKVİM!$A$88 -> Pazar | B35: =TAKVİM!$B$88 -> 7 | C35: =TAKVİM!$C$88 -> 14 | D35: =TAKVİM!$D$88 -> 21 | E35: =TAKVİM!$E$88 -> 28 | F35: =TAKVİM!$F$88 | G35: =TAKVİM!$G$88 | H35: =TAKVİM!$H$88 -> 7 | I35: =TAKVİM!$I$88 -> 14 | J35: =TAKVİM!$J$88 -> 21 | K35: =TAKVİM!$K$88 -> 28 | L35: =TAKVİM!$L$88 | M35: =TAKVİM!$M$88 | N35: =TAKVİM!$N$88 -> 4 | O35: =TAKVİM!$O$88 -> 11 | P35: =TAKVİM!$P$88 -> 18 | Q35: =TAKVİM!$Q$88 -> 25 | R35: =TAKVİM!$R$88 | S35: =TAKVİM!$S$88 | T35: =TAKVİM!$T$88 -> 2 | U35: =TAKVİM!$U$88 -> 9 | V35: =TAKVİM!$V$88 -> 16 | W35: =TAKVİM!$W$88 -> 23 | X35: =TAKVİM!$X$88 -> 30 | Y35: =TAKVİM!$Y$88 | Z35: =TAKVİM!$Z$88 -> 6 | AA35: =TAKVİM!$AA$88 -> 13 | AB35: =TAKVİM!$AB$88 -> 20 | AC35: =TAKVİM!$AC$88 -> 27 | AD35: =TAKVİM!$AD$88 | AE35: =TAKVİM!$AE$88
A37: TARİH | D37: KAZANIMLAR | L37: KONULAR | R37: ÖĞRENME-ÖĞRETME YÖNTEM VE TEKNİKLERİ | W37: KULLANILAN EĞİTİM TEKNOLOJİLERİ, ARAÇ VE GEREÇLER | AD37: DEĞERLENDİRME
A38: =TAKVİM!$B$29 -> 14-18 Eylül | D38: 1. Atölyede iş güvenliği tedbirlerini alır. • Atölyede uyması gereken kurallar açıklanır. • Tezgâhlardan meydana gelebilecek iş kazaları açıklanır. • Çalışma sırasında meydana gelebilecek iş kazalarına karşı tedbirleri açıklanır. • İş güvenliği ve emniyet kuralları açıklanır. | L38: EL İŞLEMLERİ 1. Atölyede İş Güvenliği Tedbirleri | R38: Gösteri, Soru-Cevap, Programlı Öğretim, Bireyselleştirilmiş Öğretim, Temrin Çalışmaları | W38: Temel İmalat Atölyesi, torna tezgahları, freze tezgahları, matkap tezgahları, kesici takımlar, akıllı tahta
A39: =TAKVİM!$B$30 -> 21-25 Eylül | D39: 1. Atölyede iş güvenliği tedbirlerini alır. • Atölye temizlik ve düzeni açıklanır. • Yapılan işe uygun iş elbiseleri ve kişisel koruyucu donanımları hazırlatılır. • Yanıcı ve parlayıcı malzemelerin güvenli bir şekilde tutulması sağlanır. | L39: 1. Atölyede İş Güvenliği Tedbirleri | R39: Gösteri, Soru-Cevap, Programlı Öğretim, Bireyselleştirilmiş Öğretim, Temrin Çalışmaları | W39: Temel İmalat Atölyesi, torna tezgahları, freze tezgahları, matkap tezgahları, kesici takımlar, akıllı tahta
A40: =TAKVİM!$B$31 -> 28 Eylül - 02 Ekim | D40: 2. Verilen resme uygun olarak düzlem yüzey eğeleme yapar. • Eğe çeşitleri sıralanır. • İşi parçasını bağlama yöntemleri açıklanır. • Düzlem yüzey kontrol aletleri sıralanır. • Öğrencilerin doğru pozisyonda olmaları sağlanır. | L40: 2. Düzlem Yüzey Eğeleme | R40: Gösteri, Soru-Cevap, Programlı Öğretim, Bireyselleştirilmiş Öğretim, Temrin Çalışmaları | W40: Temel İmalat Atölyesi, torna tezgahları, freze tezgahları, matkap tezgahları, kesici takımlar, akıllı tahta
A41: =TAKVİM!$B$32 -> 05-09 Ekim | D41: 2. Verilen resme uygun olarak düzlem yüzey eğeleme yapar. • Eğe çeşitleri sıralanır. • İşi parçasını bağlama yöntemleri açıklanır. • Düzlem yüzey kontrol aletleri sıralanır. • Öğrencilerin doğru pozisyonda olmaları sağlanır. | L41: 2. Düzlem Yüzey Eğeleme | R41: Gösteri, Soru-Cevap, Programlı Öğretim, Bireyselleştirilmiş Öğretim, Temrin Çalışmaları | W41: Temel İmalat Atölyesi, torna tezgahları, freze tezgahları, matkap tezgahları, kesici takımlar, akıllı tahta
A42: =TAKVİM!$B$33 -> 12-16 Ekim | D42: 3. Markalama ekipmanları ile verilen resme uygun olarak iş parçasını markalar. • Markalamanın amacı üzerinde durulur. • Markalama yöntemleri üzerinde durulur. | L42: 3. Markalama Yapma | R42: Gösteri, Soru-Cevap, Programlı Öğretim, Bireyselleştirilmiş Öğretim, Temrin Çalışmaları | W42: Temel İmalat Atölyesi, torna tezgahları, freze tezgahları, matkap tezgahları, kesici takımlar, akıllı tahta
A43: =TAKVİM!$B$34 -> 19-23 Ekim | D43: 4. Verilen resme uygun olarak profil yüzey eğeleme işlemleri yapar. • Profil yüzey eğeleme yöntemlerini açıklanır. • Yüzey kontrol aletleri tanımlanır. • İç ve dış yüzey eğeleme yaptırılır. • Delik ve kanal eğeleme yaptırılır. • Eğe ile pah kırma işlemi yaptırılır. | L43: 4. Profil Yüzey Eğeleme | R43: Gösteri, Soru-Cevap, Programlı Öğretim, Bireyselleştirilmiş Öğretim, Temrin Çalışmaları | W43: Temel İmalat Atölyesi, torna tezgahları, freze tezgahları, matkap tezgahları, kesici takımlar, akıllı tahta
A44: =TAKVİM!$B$35 -> 26-30 Ekim | D44: 4. Verilen resme uygun olarak profil yüzey eğeleme işlemleri yapar. • Profil yüzey eğeleme yöntemlerini açıklanır. • Yüzey kontrol aletleri tanımlanır. • İç ve dış yüzey eğeleme yaptırılır. • Delik ve kanal eğeleme yaptırılır. • Eğe ile pah kırma işlemi yaptırılır. 29 EKİM Cumhuriyet Bayramı | L44: 4. Profil Yüzey Eğeleme | R44: Gösteri, Soru-Cevap, Programlı Öğretim, Bireyselleştirilmiş Öğretim, Temrin Çalışmaları | W44: Temel İmalat Atölyesi, torna tezgahları, freze tezgahları, matkap tezgahları, kesici takımlar, akıllı tahta
A45: =TAKVİM!$B$36 -> 02-06 Kasım | D45: 5. Verilen resme uygun olarak kesme işlemlerini yapar. • Testere ile kesmeyi tarif edilir. • Testere ile kesme yaparken kazalardan korunma açıklanır. • Keski ile kesme açıklanır. • Keski çeşitleri sıralanır. • Keski ile kesmede dikkat edilecek hususlar açıklanır. | L45: 5. Kesme İşlemleri Yapma | R45: Gösteri, Soru-Cevap, Programlı Öğretim, Bireyselleştirilmiş Öğretim, Temrin Çalışmaları | W45: Temel İmalat Atölyesi, torna tezgahları, freze tezgahları, matkap tezgahları, kesici takımlar, akıllı tahta
A46: =TAKVİM!$B$37 -> 09-13 Kasım | D46: 5. Verilen resme uygun olarak kesme işlemlerini yapar. • Testere lamasını testere koluna doğru olarak bağlatılır. • Güvenlik tedbirlerine dikkat ederek testere ile değişik kalınlık ve profildeki parçalar kestirilir. • Düz keski ile keskileme yaptırılır. • Kanal keskisi ile çeşitli kanallar açtırılır. • El makası ile saç kesme yaptırılır. • Kol makasları ile kesme yaptırılır. 10 KASIM Atatürk'ü Anma Günü ve Atatürk Haftası | L46: 5. Kesme İşlemleri Yapma | R46: Gösteri, Soru-Cevap, Programlı Öğretim, Bireyselleştirilmiş Öğretim, Temrin Çalışmaları | W46: Temel İmalat Atölyesi, torna tezgahları, freze tezgahları, matkap tezgahları, kesici takımlar, akıllı tahta
A47: =TAKVİM!$B$38 -> 16-20 Kasım | D47: =TAKVİM!$D$38 -> 1.DÖNEM ARA TATİL
A48: =TAKVİM!$B$39 -> 23-27 Kasım | D48: 1. İşin özelliklerine göre uygun malzeme seçer. • Malzeme ve özellikleri açıklanır. • Metal ve metal alaşımlı malzemeler (Çelik, Alüminyum ve alaşımları, bakır ve alaşımları, dökme demir) üzerinde durulur. • Metal olmayan malzemeler (Plastik ve kompozit malzemeler) üzerinde durulur. | L48: MALZEME 1. Malzeme Seçme | R48: Gösteri, Soru-Cevap, Programlı Öğretim, Bireyselleştirilmiş Öğretim, Temrin Çalışmaları | W48: Temel İmalat Atölyesi, torna tezgahları, freze tezgahları, matkap tezgahları, kesici takımlar, akıllı tahta
A49: =TAKVİM!$B$40 -> 30 Kasım - 04 Aralık | D49: 1. İşin özelliklerine göre uygun malzeme seçer. • İşe göre malzeme seçtirilir. • Çelik standart katalogları kullandırılır. • Çelik standartlarına göre malzeme seçtirilir. | L49: 1. Malzeme Seçme | R49: Gösteri, Soru-Cevap, Programlı Öğretim, Bireyselleştirilmiş Öğretim, Temrin Çalışmaları | W49: Temel İmalat Atölyesi, torna tezgahları, freze tezgahları, matkap tezgahları, kesici takımlar, akıllı tahta
A50: =TAKVİM!$B$41 -> 07-11 Aralık | D50: 2. Malzemeyi test eder. • Malzeme muayene yöntemleri açıklanır. • Sertlik ölçme tanımlanır. • Sertlik ölçme yöntemleri örneklerle açıklanır. • Malzeme muayene yöntemleri uygulanır. • Sertlik ölçme yöntemleriyle test yaptırılır. | L50: 2. Malzemeyi Test Etme | R50: Gösteri, Soru-Cevap, Programlı Öğretim, Bireyselleştirilmiş Öğretim, Temrin Çalışmaları | W50: Temel İmalat Atölyesi, torna tezgahları, freze tezgahları, matkap tezgahları, kesici takımlar, akıllı tahta
A51: =TAKVİM!$B$42 -> 14-18 Aralık | D51: 1. Bileme açılarına uygun olarak matkap ucunu biler. • Zımpara tezgâhlarının özellikleri açıklanır. • Zımpara tezgâhlarında çalışırken kullanılan koruyucu aletleri sıralanır. • Matkap bilemede dikkat edilecek kuralları açıklanır. • Zımpara taşı dayama tablasını kontrol eder ve ayar yaptırılır. • Güvenlik kurallarına dikkat ederek matkap ucunu, taşa doğru açılı tutarak biletilir. • Bilenen matkabın kontrolünü yaptırılır. • Bilemede soğutma sıvısı kullandırılır. | L51: DELME VE VİDA İŞLEMLERİ 1. Matkap Bileme | R51: Gösteri, Soru-Cevap, Programlı Öğretim, Bireyselleştirilmiş Öğretim, Temrin Çalışmaları | W51: Temel İmalat Atölyesi, torna tezgahları, freze tezgahları, matkap tezgahları, kesici takımlar, akıllı tahta
A52: =TAKVİM!$B$43 -> 21-25 Aralık | D52: 2. Matkap tezgâhında verilen resme uygun olarak delik deler. • Matkap tezgâhları ve matkap çeşitleri açıklanır. • Matkap bilemede dikkat edilecek hususlar açıklanır. • Matkap tezgâhında soğutma sıvısı kullanarak çeşitli delik delme işlemleri yaptırılır. • Matkap tezgâhında havşa açtırılır. | L52: 2. Delik Delme | R52: Gösteri, Soru-Cevap, Programlı Öğretim, Bireyselleştirilmiş Öğretim, Temrin Çalışmaları | W52: Temel İmalat Atölyesi, torna tezgahları, freze tezgahları, matkap tezgahları, kesici takımlar, akıllı tahta
A53: =TAKVİM!$B$44 -> 28 Aralık - 01 Ocak | D53: 2. Matkap tezgâhında verilen resme uygun olarak delik deler. • Matkap tezgâhında soğutma sıvısı kullanarak çeşitli delik delme işlemleri yaptırılır. • Matkap tezgâhında havşa açtırılır. | L53: 2. Delik Delme | R53: Gösteri, Soru-Cevap, Programlı Öğretim, Bireyselleştirilmiş Öğretim, Temrin Çalışmaları | W53: Temel İmalat Atölyesi, torna tezgahları, freze tezgahları, matkap tezgahları, kesici takımlar, akıllı tahta
A54: =TAKVİM!$B$45 -> 04-08 Ocak | D54: 3. Verilen resme uygun olarak raybalama yapar. • Rayba çeşitlerini sıralanır. • Raybalama da işlem sırasını açıklanır. • Güvenlik kurallarına dikkat ederek raybalama işlemleri yaptırır. | L54: 3. Rayba Çekme | R54: Gösteri, Soru-Cevap, Programlı Öğretim, Bireyselleştirilmiş Öğretim, Temrin Çalışmaları | W54: Temel İmalat Atölyesi, torna tezgahları, freze tezgahları, matkap tezgahları, kesici takımlar, akıllı tahta
A55: =TAKVİM!$B$46 -> 11-15 Ocak | D55: 4. Verilen resme uygun olarak elle kılavuz çekme işlemleri yapar. • Vida çeşitleri sıralanır. • Kılavuzlar tanımlanır. • Kılavuzlar kısımlarını açıklanır. • Kılavuz çekmede dikkat edilecek hususlar açıklanır. • Öğrencilerin kılavuz kullanırken kesme yağı kullanmaları sağlanır. | L55: 4. Elle Kılavuz Çekme | R55: Gösteri, Soru-Cevap, Programlı Öğretim, Bireyselleştirilmiş Öğretim, Temrin Çalışmaları | W55: Temel İmalat Atölyesi, torna tezgahları, freze tezgahları, matkap tezgahları, kesici takımlar, akıllı tahta
A56: =TAKVİM!$B$47 -> 18-22 Ocak | D56: 5. Verilen resme uygun olarak elle pafta çekme işlemleri yapar. • Paftayı tanımlar, pafta çeşitleri sıralanır. • Pafta çekmede işlem sırası açıklanır. • Paftayı doğru ağızlatır. • Öğrencilerin pafta kullanırken kesme yağı kullanmaları sağlanır. | L56: 5. Elle Pafta Çekme | R56: Gösteri, Soru-Cevap, Programlı Öğretim, Bireyselleştirilmiş Öğretim, Temrin Çalışmaları | W56: Temel İmalat Atölyesi, torna tezgahları, freze tezgahları, matkap tezgahları, kesici takımlar, akıllı tahta
A57: =TAKVİM!$B$48 -> 25-29 Ocak | D57: =TAKVİM!$D$48 -> YARI YIL TATİLİ
A58: =TAKVİM!$B$49 -> 08-12 Şubat | D58: 1. Torna Tezgâhlarını tanır. • Torna tezgâhı tanımlanır. • Torna tezgâh çeşitlerini listelenir. • Torna tezgâhlarında iş güvenliği önlemleri örneklerle açıklanır. | L58: TEMEL TORNALAMA İŞLEMLERİ 1. Torna Tezgâhlarını Tanıma | R58: Gösteri, Soru-Cevap, Programlı Öğretim, Bireyselleştirilmiş Öğretim, Temrin Çalışmaları | W58: Temel İmalat Atölyesi, torna tezgahları, freze tezgahları, matkap tezgahları, kesici takımlar, akıllı tahta
A59: =TAKVİM!$B$50 -> 15-19 Şubat | D59: 1. Torna Tezgâhlarını tanır. • Torna tezgâhı tanımlanır. • Torna tezgâh çeşitlerini listelenir. • Torna tezgâhlarında iş güvenliği önlemleri örneklerle açıklanır. | L59: 1. Torna Tezgâhlarını Tanıma | R59: Gösteri, Soru-Cevap, Programlı Öğretim, Bireyselleştirilmiş Öğretim, Temrin Çalışmaları | W59: Temel İmalat Atölyesi, torna tezgahları, freze tezgahları, matkap tezgahları, kesici takımlar, akıllı tahta
A60: =TAKVİM!$B$51 -> 22-26 Şubat | D60: 2. Kesici takımlarını hazırlar ve bağlar. • Torna tezgâhında kullanılacak kesiciler sınıflandırılır. • Torna kesicileri malzemelerine göre sınıflandırılır. • Torna kesicilerini biçimlerine göre listeler, kaleme verilen kesme açıları açıklanır. | L60: 2. Kesici Takımları Hazırlamak ve Bağlama | R60: Gösteri, Soru-Cevap, Programlı Öğretim, Bireyselleştirilmiş Öğretim, Temrin Çalışmaları | W60: Temel İmalat Atölyesi, torna tezgahları, freze tezgahları, matkap tezgahları, kesici takımlar, akıllı tahta
A61: =TAKVİM!$B$52 -> 01-05 Mart | D61: 2. Kesici takımlarını hazırlar ve bağlar. • Torna tezgâhında kullanılacak kesiciler sınıflandırılır. • Torna kesicileri malzemelerine göre sınıflandırılır. • Torna kesicilerini biçimlerine göre listeler, kaleme verilen kesme açıları açıklanır. | L61: 2. Kesici Takımları Hazırlamak ve Bağlama | R61: Gösteri, Soru-Cevap, Programlı Öğretim, Bireyselleştirilmiş Öğretim, Temrin Çalışmaları | W61: Temel İmalat Atölyesi, torna tezgahları, freze tezgahları, matkap tezgahları, kesici takımlar, akıllı tahta
A62: =TAKVİM!$B$53 -> 08-12 Mart | D62: =TAKVİM!$D$53 -> 2. DÖNEM ARA TATİL
A63: =TAKVİM!$B$54 -> 15-19 Mart | D63: 3. İş Parçalarını tezgâha bağlar. • İş parçasını tezgâha bağlama çeşitleri tarif edilir. • Bağlama araçları sınıflandırılır. • Komparatör ile iş parçasının salgı kontrolü açıklanır. • Emniyetli bağlama kuralları açıklanır. • Gerektiğinde bağlama aracı söktürülür veya taktırılır. • İş kalıplarını aynaya bağlatılır. | L63: 3. İş Parçalarını Bağlama | R63: Gösteri, Soru-Cevap, Programlı Öğretim, Bireyselleştirilmiş Öğretim, Temrin Çalışmaları | W63: Temel İmalat Atölyesi, torna tezgahları, freze tezgahları, matkap tezgahları, kesici takımlar, akıllı tahta
A64: =TAKVİM!$B$55 -> 22-26 Mart | D64: 3. İş Parçalarını tezgâha bağlar. • İş parçasını tezgâha bağlama çeşitleri tarif edilir. • Bağlama araçları sınıflandırılır. • Komparatör ile iş parçasının salgı kontrolü açıklanır. • Emniyetli bağlama kuralları açıklanır. | L64: 3. İş Parçalarını Bağlama | R64: Gösteri, Soru-Cevap, Programlı Öğretim, Bireyselleştirilmiş Öğretim, Temrin Çalışmaları | W64: Temel İmalat Atölyesi, torna tezgahları, freze tezgahları, matkap tezgahları, kesici takımlar, akıllı tahta
A65: =TAKVİM!$B$56 -> 29 Mart - 02 Nisan | D65: 4. İş parçası üzerinde tornalama işlemleri yapar. • Alın tornalama işlemi açıklanır. • Öğrencinin kesiciyi punta ekseninde bağlaması ve devir hesabı yapması sağlanır. • İlerleme hızına dikkat edilerek, alın tornalama işlemi yaptırılır. • Punta deliği açma tanımlanır. • Öğrenciye uygun devirle punta deliği açtırılır. | L65: 4. İş Parçası Üzerinde Tornalama İşlemleri Yapma | R65: Gösteri, Soru-Cevap, Programlı Öğretim, Bireyselleştirilmiş Öğretim, Temrin Çalışmaları | W65: Temel İmalat Atölyesi, torna tezgahları, freze tezgahları, matkap tezgahları, kesici takımlar, akıllı tahta
A66: =TAKVİM!$B$57 -> 05-09 Nisan | D66: 4. İş parçası üzerinde tornalama işlemleri yapar. • Silindirik tornalama işlemini açıklanır. • Uzun parçaları ayna punta arasında yapması gerektiği vurgulanır. • Salgı kontrolü yapılarak, uygun devirle silindirik tornalama işlemi yaptırılır. • Kademeli tornalamayı tanımlanır. • Uygun devir ve ilerleme ile kademeli tornalama yaptırılır. 23 NİSAN Ulusal Egemenlik ve Çocuk Bayramı | L66: 4. İş Parçası Üzerinde Tornalama İşlemleri Yapma | R66: Gösteri, Soru-Cevap, Programlı Öğretim, Bireyselleştirilmiş Öğretim, Temrin Çalışmaları | W66: Temel İmalat Atölyesi, torna tezgahları, freze tezgahları, matkap tezgahları, kesici takımlar, akıllı tahta
A67: =TAKVİM!$B$58 -> 12-16 Nisan | D67: 4. İş parçası üzerinde tornalama işlemleri yapar. • Tornada kanal açma tanımlanır. • Devir hesabı yapılarak, soğutma sıvısı kullandırılır. • Tornada kanal açma işlemi yaptırılır. • Konik tornalama tanımlanır. • Konik hesabı yaptırılır. • Uygun devir ve ilerleme ile konik tornalama yaptırılır. | L67: 4. İş Parçası Üzerinde Tornalama İşlemleri Yapma | R67: Gösteri, Soru-Cevap, Programlı Öğretim, Bireyselleştirilmiş Öğretim, Temrin Çalışmaları | W67: Temel İmalat Atölyesi, torna tezgahları, freze tezgahları, matkap tezgahları, kesici takımlar, akıllı tahta
A68: =TAKVİM!$B$59 -> 19-23 Nisan | D68: 4. İş parçası üzerinde tornalama işlemleri yapar. • Tırtıl çekme tanımlanır. • Tırtıl çekme işlemi yaptırılır. • Torna tezgâhında kılavuz ve pafta çekme açıklanır. • Torna tezgâhında kılavuz ve pafta çekme işlemi yaptırılır. | L68: 4. İş Parçası Üzerinde Tornalama İşlemleri Yapma | R68: Gösteri, Soru-Cevap, Programlı Öğretim, Bireyselleştirilmiş Öğretim, Temrin Çalışmaları | W68: Temel İmalat Atölyesi, torna tezgahları, freze tezgahları, matkap tezgahları, kesici takımlar, akıllı tahta
A69: =TAKVİM!$B$60 -> 26-30 Nisan | D69: 1. Freze Tezgâhlarını tanır. • Freze Tezgâhlarını tanımlanır. • Freze tezgâhı çeşitlerini sınıflandırır. • Freze tezgâhı kısımları sıralanır. • Freze Tezgâhları çalışma sistemini açıklanır. • Freze tezgâhlarında uyulacak iş güvenliği kuralları sıralanır. | L69: TEMEL FREZELEME İŞLEMLERİ 1. Freze Tezgâhlarını Tanıma | R69: Gösteri, Soru-Cevap, Programlı Öğretim, Bireyselleştirilmiş Öğretim, Temrin Çalışmaları | W69: Temel İmalat Atölyesi, torna tezgahları, freze tezgahları, matkap tezgahları, kesici takımlar, akıllı tahta
A70: =TAKVİM!$B$61 -> 03-07 Mayıs | D70: 1. Freze Tezgâhlarını tanır. • Freze tezgâhı panosunu kullandırır. • Freze tezgâhında yapılabilecek işleri tasarlatır. • Freze tezgâhı devir sayısını ayarlatır. • Freze tezgâhı ilerleme hızını ayarlatır. • Freze tezgâhı tablasına mengene bağlatır. • Freze tezgâhına kesiciyi bağlatır. • Freze tezgâhının otomatik ayarlarını yaptırır. • Öğrenci freze tezgâhını çalıştırır. | L70: 1. Freze Tezgâhlarını Tanıma | R70: Gösteri, Soru-Cevap, Programlı Öğretim, Bireyselleştirilmiş Öğretim, Temrin Çalışmaları | W70: Temel İmalat Atölyesi, torna tezgahları, freze tezgahları, matkap tezgahları, kesici takımlar, akıllı tahta
A71: =TAKVİM!$B$62 -> 10-14 Mayıs | D71: 2. Kesicileri bağlar. • Freze çakıları biçimlerine göre tanıtılır ve kullanıldığı yerler açıklanır. • Freze çakılarını yapıldığı malzemelere göre sıralanır. • Freze çakılarını tezgâha bağlama tekniklerini açıklanır. • İşe uygun özellikte freze çakısı seçtirilir. • Çakıya uygun bağlama aracını seçtirilir. • Malafa ve başlığı tezgâha bağlatılır. • Dönüş yönünü dikkate alarak frezeyi takım tutucuya bağlatılır. 19 MAYIS Atatürk'ü Anma Gençlik ve Spor Bayramı | L71: 2. Kesicileri Bağlama | R71: Gösteri, Soru-Cevap, Programlı Öğretim, Bireyselleştirilmiş Öğretim, Temrin Çalışmaları | W71: Temel İmalat Atölyesi, torna tezgahları, freze tezgahları, matkap tezgahları, kesici takımlar, akıllı tahta
A72: =TAKVİM!$B$63 -> 17-21 Mayıs | D72: 2. Kesicileri bağlar. • Freze çakıları biçimlerine göre tanıtılır ve kullanıldığı yerler açıklanır. • Freze çakılarını yapıldığı malzemelere göre sıralanır. • Freze çakılarını tezgâha bağlama tekniklerini açıklanır. | L72: 2. Kesicileri Bağlama | R72: Gösteri, Soru-Cevap, Programlı Öğretim, Bireyselleştirilmiş Öğretim, Temrin Çalışmaları | W72: Temel İmalat Atölyesi, torna tezgahları, freze tezgahları, matkap tezgahları, kesici takımlar, akıllı tahta
A73: =TAKVİM!$B$64 -> 24-28 Mayıs | D73: 3. İş Parçalarını tezgâha bağlar. • İş parçalarını freze tezgâhına bağlama şekilleri örneklerle izah edilir. • Mengenenin tezgâha bağlanma teknikleri açıklanır. • Komparatör ile mengenenin tezgâha bağlanması örnekle açıklanır. • İşlerin tezgâha mengene ile bağlama tekniği açıklanır. • İşlerin tezgâha pabuç ve cıvatalarla bağlama tekniği açıklanır. | L73: 3. İş Parçalarını Bağlama | R73: Gösteri, Soru-Cevap, Programlı Öğretim, Bireyselleştirilmiş Öğretim, Temrin Çalışmaları | W73: Temel İmalat Atölyesi, torna tezgahları, freze tezgahları, matkap tezgahları, kesici takımlar, akıllı tahta
A74: =TAKVİM!$B$65 -> 31 Mayıs - 04 Haziran | D74: 3. İş Parçalarını tezgâha bağlar. • Özel bağlama kalıp ve araçlarıyla bağlama açıklanır. • Divizörle iş parçasını bağlama tarif eder. • Döner tablayla iş parçasını bağlama açıklanır. • Mengeneyi tezgâha bağlatılır. • Mengene paralelliğini komparatör ile kontrol ettirilir. • İşleri tezgâh mengenesine bağlatılır. • İşleri tezgâh tablasına pabuç ve cıvatalarla bağlatılır. • Divizörle iş parçasını bağlatılır. • Döner tablayla iş parçasını bağlatılır. | L74: 3. İş Parçalarını Bağlama | R74: Gösteri, Soru-Cevap, Programlı Öğretim, Bireyselleştirilmiş Öğretim, Temrin Çalışmaları | W74: Temel İmalat Atölyesi, torna tezgahları, freze tezgahları, matkap tezgahları, kesici takımlar, akıllı tahta
A75: =TAKVİM!$B$66 -> 07-11 Haziran | D75: 4. Frezeleme işlemleri yapar. • Düzlem yüzey frezeleme tekniği açıklanır. • İmalat resmine uygunluğunu, kumpas ve gönye ile kontrolü açıklanır. • Freze çakısı seçtirilir. • Freze çakılarını freze tezgâhına malafa ile bağlatılır. • İş parçalarını özelliklerine uygun bağlama araçları ile freze tezgâhına bağlatılır. • İşe uygun talaş derinliği ve ilerleme ayarı yaptırılır. • İş parçası malzemesine göre soğutma sıvısı kullandırılır. • İşin imalat resmine uygunluğunu, ölçme ve kontrolü yaptırılır. | L75: 4. Frezeleme İşlemleri Yapma | R75: Gösteri, Soru-Cevap, Programlı Öğretim, Bireyselleştirilmiş Öğretim, Temrin Çalışmaları | W75: Temel İmalat Atölyesi, torna tezgahları, freze tezgahları, matkap tezgahları, kesici takımlar, akıllı tahta
A76: =TAKVİM!$B$67 -> 14-18 Haziran | D76: 4. Frezeleme işlemleri yapar. • Eğik yüzey frezeleme tanımlanır. • Eğik yüzeye göre freze çakısı seçme açıklanır. • Eğik yüzey frezeleme tekniği açıklanır. • Düşey ve eğik yüzeylerin frezelenmesinde dikkat edilecek kuralları açıklanır. • Eğik yüzey frezeleme için işleri freze tablasına bağlatır. • Yüzeyin durumuna göre freze çakısı seçtirilir. • İşe uygun tezgâh ayarı yaptırılır. • Keskin yüzeylere pah kırdırılır. • Ölçme ve kontrol yaptırılır. | L76: 4. Frezeleme İşlemleri Yapma | R76: Gösteri, Soru-Cevap, Programlı Öğretim, Bireyselleştirilmiş Öğretim, Temrin Çalışmaları | W76: Temel İmalat Atölyesi, torna tezgahları, freze tezgahları, matkap tezgahları, kesici takımlar, akıllı tahta
A77: =TAKVİM!$B$68 -> 21-25 Haziran | D77: 4. Frezeleme işlemleri yapar. • Kanal açmak için iş parçasını, freze tezgâhı tablasına bağlama yöntemi açıklanır. • Parmak freze ile cep açma açıklanır. • Kanal açma için işi tablaya bağlatılır. • Kanal durumu ve büyüklüğüne göre kanal freze çakısı seçtirir. • Kanal açtırılır. • Ölçme ve kontrol yaptırılır. | L77: 4. Frezeleme İşlemleri Yapma | R77: Gösteri, Soru-Cevap, Programlı Öğretim, Bireyselleştirilmiş Öğretim, Temrin Çalışmaları | W77: Temel İmalat Atölyesi, torna tezgahları, freze tezgahları, matkap tezgahları, kesici takımlar, akıllı tahta
A81: Seyit Ömer ŞEKER | L81: Arzu KIRICI | V81: Gökhan ARSLAN
A82: Makine ve Tasarım Teknolojisi | L82: Makine ve Tasarım Teknolojisi | V82: Makine ve Tasarım Teknolojisi
A83: Alan Öğretmeni | L83: Laboratuvar Şefi | V83: İmalat Yöntemleri Atölye Şefi
A85: Şerif YETİM | L85: Ali Osman KOÇ | V85: Levent ERGİN
A86: Makine ve Tasarım Teknolojisi | L86: Makine ve Tasarım Teknolojisi | V86: Makine ve Tasarım Teknolojisi
A87: İmalat İşlemleri Atölye Şefi | L87: Alan Şefi | V87: Teknik Müdür Yardımcısı
A90: …./09/2026
A91: UYGUNDUR
A92: AHMET AÇAR
A93: OKUL MÜDÜRÜ

Sheet MESLEKİ GELİŞİM AT AMP 9A
H1: YILLIK DERS PLANI
A3: EĞİTİM-ÖĞRETİM YILI | G3: =TAKVİM!$B$4 -> 2026-2027 Eğitim-Öğretim Yılı | P3: OKUL | U3: =TAKVİM!$B$3 -> Soma Mesleki ve Teknik Anadolu Lisesi
A4: DERS | G4: : MESLEKİ GELİŞİM ATÖLYESİ | P4: ALAN/DAL | U4: : Makine ve Tasarım Teknolojisi Alanı
A5: DERS SAATİ | G5: : 2 SAAT | P5: SINIF | U5: : AMP 9A
A7: 1.DÖNEM SINAV TARİHLERİ | P7: 2.DÖNEM SINAV TARİHLERİ
A8: 1.Dönem 1.Sınav Tarihi | G8: =TAKVİM!$B$7 -> 13.11.2026 | P8: 2.Dönem 1.Sınav Tarihi | U8: =TAKVİM!$B$9 -> 19.03.2027
A9: 1.Dönem 2.Sınav Tarihi | G9: =TAKVİM!$B$8 -> 08.01.2027 | P9: 2.Dönem 2.Sınav Tarihi | U9: =TAKVİM!$B$10 -> 14.05.2027
A11: 1.DÖNEM ÖNEMLİ GÜN VE HAFTALAR | P11: 2.DÖNEM ÖNEMLİ GÜN VE HAFTALAR
A12: 1.Yarıyıl Başlangıcı | G12: =TAKVİM!$B$13 -> 2026-09-14 00:00:00 | P12: 2.Yarıyıl Başlangıcı | U12: =TAKVİM!$B$14 -> 2027-02-08 00:00:00
A13: Cumhuriyet Bayramı | G13: =TAKVİM!$B$15 -> 29.10.2026 | P13: 2. Dönem Ara Tatil | U13: =TAKVİM!$B$19 -> 08-12 Mart
A14: Atatürk'ü Anma Günü ve Atatürk Haftası | G14: =TAKVİM!$B$17 -> 10.11.2026 | P14: 23 Nisan Ulusal Egemenlik ve Çocuk Bayramı | U14: =TAKVİM!$B$18 -> 23.04.2027
A15: 1. Dönem Ara Tatil | G15: =TAKVİM!$B$16 -> 16-20 Kasım | P15: 19 Mayıs Atatürk'ü Anma Gençlik ve Spor Bayramı | U15: =TAKVİM!$B$20 -> 19.05.2027
A16: Yılbaşı Tatili | G16: =TAKVİM!$B$21 -> 01.01.2027 | P16: Ramazan Bayramı | U16: =TAKVİM!$B$22 -> 20.03.2027
A17: Yarıyıl Tatili | G17: =TAKVİM!$B$23 -> 25 OCAK - 05 ŞUBAT 2027 | P17: Eğitim-Öğretim Yılının Sonu | U17: =TAKVİM!$B$24 -> 25.06.2027
A19: 2026-2027 EĞİTİM-ÖĞRETİM YILI İŞGÜNÜ TAKVİMİ
A20: =TAKVİM!$A$73 -> Günler | B20: =TAKVİM!$B$73 -> Eylül 2026 | H20: =TAKVİM!$H$73 -> Ekim 2026 | N20: =TAKVİM!$N$73 -> Kasım 2026 | T20: =TAKVİM!$T$73 -> Aralık 2026 | Z20: =TAKVİM!$Z$73 -> Ocak 2027
A21: =TAKVİM!$A$74 -> Pazartesi | B21: =TAKVİM!$B$74 | C21: =TAKVİM!$C$74 -> 7 | D21: =TAKVİM!$D$74 -> 14 | E21: =TAKVİM!$E$74 -> 21 | F21: =TAKVİM!$F$74 -> 28 | G21: =TAKVİM!$G$74 | H21: =TAKVİM!$H$74 | I21: =TAKVİM!$I$74 -> 5 | J21: =TAKVİM!$J$74 -> 12 | K21: =TAKVİM!$K$74 -> 19 | L21: =TAKVİM!$L$74 -> 26 | M21: =TAKVİM!$M$74 | N21: =TAKVİM!$N$74 | O21: =TAKVİM!$O$74 -> 2 | P21: =TAKVİM!$P$74 -> 9 | Q21: =TAKVİM!$Q$74 -> 16 | R21: =TAKVİM!$R$74 -> 23 | S21: =TAKVİM!$S$74 -> 30 | T21: =TAKVİM!$T$74 | U21: =TAKVİM!$U$74 -> 7 | V21: =TAKVİM!$V$74 -> 14 | W21: =TAKVİM!$W$74 -> 21 | X21: =TAKVİM!$X$74 -> 28 | Y21: =TAKVİM!$Y$74 | Z21: =TAKVİM!$Z$74 | AA21: =TAKVİM!$AA$74 -> 4 | AB21: =TAKVİM!$AB$74 -> 11 | AC21: =TAKVİM!$AC$74 -> 18 | AD21: =TAKVİM!$AD$74 -> 25 | AE21: =TAKVİM!$AE$74
A22: =TAKVİM!$A$75 -> Salı | B22: =TAKVİM!$B$75 -> 1 | C22: =TAKVİM!$C$75 -> 8 | D22: =TAKVİM!$D$75 -> 15 | E22: =TAKVİM!$E$75 -> 22 | F22: =TAKVİM!$F$75 -> 29 | G22: =TAKVİM!$G$75 | H22: =TAKVİM!$H$75 | I22: =TAKVİM!$I$75 -> 6 | J22: =TAKVİM!$J$75 -> 13 | K22: =TAKVİM!$K$75 -> 20 | L22: =TAKVİM!$L$75 -> 27 | M22: =TAKVİM!$M$75 | N22: =TAKVİM!$N$75 | O22: =TAKVİM!$O$75 -> 3 | P22: =TAKVİM!$P$75 -> 10 | Q22: =TAKVİM!$Q$75 -> 17 | R22: =TAKVİM!$R$75 -> 24 | S22: =TAKVİM!$S$75 | T22: =TAKVİM!$T$75 -> 1 | U22: =TAKVİM!$U$75 -> 8 | V22: =TAKVİM!$V$75 -> 15 | W22: =TAKVİM!$W$75 -> 22 | X22: =TAKVİM!$X$75 -> 29 | Y22: =TAKVİM!$Y$75 | Z22: =TAKVİM!$Z$75 | AA22: =TAKVİM!$AA$75 -> 5 | AB22: =TAKVİM!$AB$75 -> 12 | AC22: =TAKVİM!$AC$75 -> 19 | AD22: =TAKVİM!$AD$75 -> 26 | AE22: =TAKVİM!$AE$75
A23: =TAKVİM!$A$76 -> Çarşamba | B23: =TAKVİM!$B$76 -> 2 | C23: =TAKVİM!$C$76 -> 9 | D23: =TAKVİM!$D$76 -> 16 | E23: =TAKVİM!$E$76 -> 23 | F23: =TAKVİM!$F$76 -> 30 | G23: =TAKVİM!$G$76 | H23: =TAKVİM!$H$76 | I23: =TAKVİM!$I$76 -> 7 | J23: =TAKVİM!$J$76 -> 14 | K23: =TAKVİM!$K$76 -> 21 | L23: =TAKVİM!$L$76 -> 28 | M23: =TAKVİM!$M$76 | N23: =TAKVİM!$N$76 | O23: =TAKVİM!$O$76 -> 4 | P23: =TAKVİM!$P$76 -> 11 | Q23: =TAKVİM!$Q$76 -> 18 | R23: =TAKVİM!$R$76 -> 25 | S23: =TAKVİM!$S$76 | T23: =TAKVİM!$T$76 -> 2 | U23: =TAKVİM!$U$76 -> 9 | V23: =TAKVİM!$V$76 -> 16 | W23: =TAKVİM!$W$76 -> 23 | X23: =TAKVİM!$X$76 -> 30 | Y23: =TAKVİM!$Y$76 | Z23: =TAKVİM!$Z$76 | AA23: =TAKVİM!$AA$76 -> 6 | AB23: =TAKVİM!$AB$76 -> 13 | AC23: =TAKVİM!$AC$76 -> 20 | AD23: =TAKVİM!$AD$76 -> 27 | AE23: =TAKVİM!$AE$76
A24: =TAKVİM!$A$77 -> Perşembe | B24: =TAKVİM!$B$77 -> 3 | C24: =TAKVİM!$C$77 -> 10 | D24: =TAKVİM!$D$77 -> 17 | E24: =TAKVİM!$E$77 -> 24 | F24: =TAKVİM!$F$77 | G24: =TAKVİM!$G$77 | H24: =TAKVİM!$H$77 -> 1 | I24: =TAKVİM!$I$77 -> 8 | J24: =TAKVİM!$J$77 -> 15 | K24: =TAKVİM!$K$77 -> 22 | L24: =TAKVİM!$L$77 -> 29 | M24: =TAKVİM!$M$77 | N24: =TAKVİM!$N$77 | O24: =TAKVİM!$O$77 -> 5 | P24: =TAKVİM!$P$77 -> 12 | Q24: =TAKVİM!$Q$77 -> 19 | R24: =TAKVİM!$R$77 -> 26 | S24: =TAKVİM!$S$77 | T24: =TAKVİM!$T$77 -> 3 | U24: =TAKVİM!$U$77 -> 10 | V24: =TAKVİM!$V$77 -> 17 | W24: =TAKVİM!$W$77 -> 24 | X24: =TAKVİM!$X$77 -> 31 | Y24: =TAKVİM!$Y$77 | Z24: =TAKVİM!$Z$77 | AA24: =TAKVİM!$AA$77 -> 7 | AB24: =TAKVİM!$AB$77 -> 14 | AC24: =TAKVİM!$AC$77 -> 21 | AD24: =TAKVİM!$AD$77 -> 28 | AE24: =TAKVİM!$AE$77
A25: =TAKVİM!$A$78 -> Cuma | B25: =TAKVİM!$B$78 -> 4 | C25: =TAKVİM!$C$78 -> 11 | D25: =TAKVİM!$D$78 -> 18 | E25: =TAKVİM!$E$78 -> 25 | F25: =TAKVİM!$F$78 | G25: =TAKVİM!$G$78 | H25: =TAKVİM!$H$78 -> 2 | I25: =TAKVİM!$I$78 -> 9 | J25: =TAKVİM!$J$78 -> 16 | K25: =TAKVİM!$K$78 -> 23 | L25: =TAKVİM!$L$78 -> 30 | M25: =TAKVİM!$M$78 | N25: =TAKVİM!$N$78 | O25: =TAKVİM!$O$78 -> 6 | P25: =TAKVİM!$P$78 -> 13 | Q25: =TAKVİM!$Q$78 -> 20 | R25: =TAKVİM!$R$78 -> 27 | S25: =TAKVİM!$S$78 | T25: =TAKVİM!$T$78 -> 4 | U25: =TAKVİM!$U$78 -> 11 | V25: =TAKVİM!$V$78 -> 18 | W25: =TAKVİM!$W$78 -> 25 | X25: =TAKVİM!$X$78 | Y25: =TAKVİM!$Y$78 | Z25: =TAKVİM!$Z$78 -> 1 | AA25: =TAKVİM!$AA$78 -> 8 | AB25: =TAKVİM!$AB$78 -> 15 | AC25: =TAKVİM!$AC$78 -> 22 | AD25: =TAKVİM!$AD$78 -> 29 | AE25: =TAKVİM!$AE$78
A26: =TAKVİM!$A$79 -> Cumartesi | B26: =TAKVİM!$B$79 -> 5 | C26: =TAKVİM!$C$79 -> 12 | D26: =TAKVİM!$D$79 -> 19 | E26: =TAKVİM!$E$79 -> 26 | F26: =TAKVİM!$F$79 | G26: =TAKVİM!$G$79 | H26: =TAKVİM!$H$79 -> 3 | I26: =TAKVİM!$I$79 -> 10 | J26: =TAKVİM!$J$79 -> 17 | K26: =TAKVİM!$K$79 -> 24 | L26: =TAKVİM!$L$79 -> 31 | M26: =TAKVİM!$M$79 | N26: =TAKVİM!$N$79 | O26: =TAKVİM!$O$79 -> 7 | P26: =TAKVİM!$P$79 -> 14 | Q26: =TAKVİM!$Q$79 -> 21 | R26: =TAKVİM!$R$79 -> 28 | S26: =TAKVİM!$S$79 | T26: =TAKVİM!$T$79 -> 5 | U26: =TAKVİM!$U$79 -> 12 | V26: =TAKVİM!$V$79 -> 19 | W26: =TAKVİM!$W$79 -> 26 | X26: =TAKVİM!$X$79 | Y26: =TAKVİM!$Y$79 | Z26: =TAKVİM!$Z$79 -> 2 | AA26: =TAKVİM!$AA$79 -> 9 | AB26: =TAKVİM!$AB$79 -> 16 | AC26: =TAKVİM!$AC$79 -> 23 | AD26: =TAKVİM!$AD$79 -> 30 | AE26: =TAKVİM!$AE$79
A27: =TAKVİM!$A$80 -> Pazar | B27: =TAKVİM!$B$80 -> 6 | C27: =TAKVİM!$C$80 -> 13 | D27: =TAKVİM!$D$80 -> 20 | E27: =TAKVİM!$E$80 -> 27 | F27: =TAKVİM!$F$80 | G27: =TAKVİM!$G$80 | H27: =TAKVİM!$H$80 -> 4 | I27: =TAKVİM!$I$80 -> 11 | J27: =TAKVİM!$J$80 -> 18 | K27: =TAKVİM!$K$80 -> 25 | L27: =TAKVİM!$L$80 | M27: =TAKVİM!$M$80 | N27: =TAKVİM!$N$80 -> 1 | O27: =TAKVİM!$O$80 -> 8 | P27: =TAKVİM!$P$80 -> 15 | Q27: =TAKVİM!$Q$80 -> 22 | R27: =TAKVİM!$R$80 -> 29 | S27: =TAKVİM!$S$80 | T27: =TAKVİM!$T$80 -> 6 | U27: =TAKVİM!$U$80 -> 13 | V27: =TAKVİM!$V$80 -> 20 | W27: =TAKVİM!$W$80 -> 27 | X27: =TAKVİM!$X$80 | Y27: =TAKVİM!$Y$80 | Z27: =TAKVİM!$Z$80 -> 3 | AA27: =TAKVİM!$AA$80 -> 10 | AB27: =TAKVİM!$AB$80 -> 17 | AC27: =TAKVİM!$AC$80 -> 24 | AD27: =TAKVİM!$AD$80 -> 31 | AE27: =TAKVİM!$AE$80
A28: =TAKVİM!$A$81 -> Günler | B28: =TAKVİM!$B$81 -> Şubat 2027 | H28: =TAKVİM!$H$81 -> Mart 2027 | N28: =TAKVİM!$N$81 -> Nisan 2027 | T28: =TAKVİM!$T$81 -> Mayıs 2027 | Z28: =TAKVİM!$Z$81 -> Haziran 2027
A29: =TAKVİM!$A$82 -> Pazartesi | B29: =TAKVİM!$B$82 -> 1 | C29: =TAKVİM!$C$82 -> 8 | D29: =TAKVİM!$D$82 -> 15 | E29: =TAKVİM!$E$82 -> 22 | F29: =TAKVİM!$F$82 | G29: =TAKVİM!$G$82 | H29: =TAKVİM!$H$82 -> 1 | I29: =TAKVİM!$I$82 -> 8 | J29: =TAKVİM!$J$82 -> 15 | K29: =TAKVİM!$K$82 -> 22 | L29: =TAKVİM!$L$82 -> 29 | M29: =TAKVİM!$M$82 | N29: =TAKVİM!$N$82 | O29: =TAKVİM!$O$82 -> 5 | P29: =TAKVİM!$P$82 -> 12 | Q29: =TAKVİM!$Q$82 -> 19 | R29: =TAKVİM!$R$82 -> 26 | S29: =TAKVİM!$S$82 | T29: =TAKVİM!$T$82 | U29: =TAKVİM!$U$82 -> 3 | V29: =TAKVİM!$V$82 -> 10 | W29: =TAKVİM!$W$82 -> 17 | X29: =TAKVİM!$X$82 -> 24 | Y29: =TAKVİM!$Y$82 -> 31 | Z29: =TAKVİM!$Z$82 | AA29: =TAKVİM!$AA$82 -> 7 | AB29: =TAKVİM!$AB$82 -> 14 | AC29: =TAKVİM!$AC$82 -> 21 | AD29: =TAKVİM!$AD$82 -> 28 | AE29: =TAKVİM!$AE$82
A30: =TAKVİM!$A$83 -> Salı | B30: =TAKVİM!$B$83 -> 2 | C30: =TAKVİM!$C$83 -> 9 | D30: =TAKVİM!$D$83 -> 16 | E30: =TAKVİM!$E$83 -> 23 | F30: =TAKVİM!$F$83 | G30: =TAKVİM!$G$83 | H30: =TAKVİM!$H$83 -> 2 | I30: =TAKVİM!$I$83 -> 9 | J30: =TAKVİM!$J$83 -> 16 | K30: =TAKVİM!$K$83 -> 23 | L30: =TAKVİM!$L$83 -> 30 | M30: =TAKVİM!$M$83 | N30: =TAKVİM!$N$83 | O30: =TAKVİM!$O$83 -> 6 | P30: =TAKVİM!$P$83 -> 13 | Q30: =TAKVİM!$Q$83 -> 20 | R30: =TAKVİM!$R$83 -> 27 | S30: =TAKVİM!$S$83 | T30: =TAKVİM!$T$83 | U30: =TAKVİM!$U$83 -> 4 | V30: =TAKVİM!$V$83 -> 11 | W30: =TAKVİM!$W$83 -> 18 | X30: =TAKVİM!$X$83 -> 25 | Y30: =TAKVİM!$Y$83 | Z30: =TAKVİM!$Z$83 -> 1 | AA30: =TAKVİM!$AA$83 -> 8 | AB30: =TAKVİM!$AB$83 -> 15 | AC30: =TAKVİM!$AC$83 -> 22 | AD30: =TAKVİM!$AD$83 -> 29 | AE30: =TAKVİM!$AE$83
A31: =TAKVİM!$A$84 -> Çarşamba | B31: =TAKVİM!$B$84 -> 3 | C31: =TAKVİM!$C$84 -> 10 | D31: =TAKVİM!$D$84 -> 17 | E31: =TAKVİM!$E$84 -> 24 | F31: =TAKVİM!$F$84 | G31: =TAKVİM!$G$84 | H31: =TAKVİM!$H$84 -> 3 | I31: =TAKVİM!$I$84 -> 10 | J31: =TAKVİM!$J$84 -> 17 | K31: =TAKVİM!$K$84 -> 24 | L31: =TAKVİM!$L$84 -> 31 | M31: =TAKVİM!$M$84 | N31: =TAKVİM!$N$84 | O31: =TAKVİM!$O$84 -> 7 | P31: =TAKVİM!$P$84 -> 14 | Q31: =TAKVİM!$Q$84 -> 21 | R31: =TAKVİM!$R$84 -> 28 | S31: =TAKVİM!$S$84 | T31: =TAKVİM!$T$84 | U31: =TAKVİM!$U$84 -> 5 | V31: =TAKVİM!$V$84 -> 12 | W31: =TAKVİM!$W$84 -> 19 | X31: =TAKVİM!$X$84 -> 26 | Y31: =TAKVİM!$Y$84 | Z31: =TAKVİM!$Z$84 -> 2 | AA31: =TAKVİM!$AA$84 -> 9 | AB31: =TAKVİM!$AB$84 -> 16 | AC31: =TAKVİM!$AC$84 -> 23 | AD31: =TAKVİM!$AD$84 -> 30 | AE31: =TAKVİM!$AE$84
A32: =TAKVİM!$A$85 -> Perşembe | B32: =TAKVİM!$B$85 -> 4 | C32: =TAKVİM!$C$85 -> 11 | D32: =TAKVİM!$D$85 -> 18 | E32: =TAKVİM!$E$85 -> 25 | F32: =TAKVİM!$F$85 | G32: =TAKVİM!$G$85 | H32: =TAKVİM!$H$85 -> 4 | I32: =TAKVİM!$I$85 -> 11 | J32: =TAKVİM!$J$85 -> 18 | K32: =TAKVİM!$K$85 -> 25 | L32: =TAKVİM!$L$85 | M32: =TAKVİM!$M$85 | N32: =TAKVİM!$N$85 -> 1 | O32: =TAKVİM!$O$85 -> 8 | P32: =TAKVİM!$P$85 -> 15 | Q32: =TAKVİM!$Q$85 -> 22 | R32: =TAKVİM!$R$85 -> 29 | S32: =TAKVİM!$S$85 | T32: =TAKVİM!$T$85 | U32: =TAKVİM!$U$85 -> 6 | V32: =TAKVİM!$V$85 -> 13 | W32: =TAKVİM!$W$85 -> 20 | X32: =TAKVİM!$X$85 -> 27 | Y32: =TAKVİM!$Y$85 | Z32: =TAKVİM!$Z$85 -> 3 | AA32: =TAKVİM!$AA$85 -> 10 | AB32: =TAKVİM!$AB$85 -> 17 | AC32: =TAKVİM!$AC$85 -> 24 | AD32: =TAKVİM!$AD$85 | AE32: =TAKVİM!$AE$85
A33: =TAKVİM!$A$86 -> Cuma | B33: =TAKVİM!$B$86 -> 5 | C33: =TAKVİM!$C$86 -> 12 | D33: =TAKVİM!$D$86 -> 19 | E33: =TAKVİM!$E$86 -> 26 | F33: =TAKVİM!$F$86 | G33: =TAKVİM!$G$86 | H33: =TAKVİM!$H$86 -> 5 | I33: =TAKVİM!$I$86 -> 12 | J33: =TAKVİM!$J$86 -> 19 | K33: =TAKVİM!$K$86 -> 26 | L33: =TAKVİM!$L$86 | M33: =TAKVİM!$M$86 | N33: =TAKVİM!$N$86 -> 2 | O33: =TAKVİM!$O$86 -> 9 | P33: =TAKVİM!$P$86 -> 16 | Q33: =TAKVİM!$Q$86 -> 23 | R33: =TAKVİM!$R$86 -> 30 | S33: =TAKVİM!$S$86 | T33: =TAKVİM!$T$86 | U33: =TAKVİM!$U$86 -> 7 | V33: =TAKVİM!$V$86 -> 14 | W33: =TAKVİM!$W$86 -> 21 | X33: =TAKVİM!$X$86 -> 28 | Y33: =TAKVİM!$Y$86 | Z33: =TAKVİM!$Z$86 -> 4 | AA33: =TAKVİM!$AA$86 -> 11 | AB33: =TAKVİM!$AB$86 -> 18 | AC33: =TAKVİM!$AC$86 -> 25 | AD33: =TAKVİM!$AD$86 | AE33: =TAKVİM!$AE$86
A34: =TAKVİM!$A$87 -> Cumartesi | B34: =TAKVİM!$B$87 -> 6 | C34: =TAKVİM!$C$87 -> 13 | D34: =TAKVİM!$D$87 -> 20 | E34: =TAKVİM!$E$87 -> 27 | F34: =TAKVİM!$F$87 | G34: =TAKVİM!$G$87 | H34: =TAKVİM!$H$87 -> 6 | I34: =TAKVİM!$I$87 -> 13 | J34: =TAKVİM!$J$87 -> 20 | K34: =TAKVİM!$K$87 -> 27 | L34: =TAKVİM!$L$87 | M34: =TAKVİM!$M$87 | N34: =TAKVİM!$N$87 -> 3 | O34: =TAKVİM!$O$87 -> 10 | P34: =TAKVİM!$P$87 -> 17 | Q34: =TAKVİM!$Q$87 -> 24 | R34: =TAKVİM!$R$87 | S34: =TAKVİM!$S$87 | T34: =TAKVİM!$T$87 -> 1 | U34: =TAKVİM!$U$87 -> 8 | V34: =TAKVİM!$V$87 -> 15 | W34: =TAKVİM!$W$87 -> 22 | X34: =TAKVİM!$X$87 -> 29 | Y34: =TAKVİM!$Y$87 | Z34: =TAKVİM!$Z$87 -> 5 | AA34: =TAKVİM!$AA$87 -> 12 | AB34: =TAKVİM!$AB$87 -> 19 | AC34: =TAKVİM!$AC$87 -> 26 | AD34: =TAKVİM!$AD$87 | AE34: =TAKVİM!$AE$87
A35: =TAKVİM!$A$88 -> Pazar | B35: =TAKVİM!$B$88 -> 7 | C35: =TAKVİM!$C$88 -> 14 | D35: =TAKVİM!$D$88 -> 21 | E35: =TAKVİM!$E$88 -> 28 | F35: =TAKVİM!$F$88 | G35: =TAKVİM!$G$88 | H35: =TAKVİM!$H$88 -> 7 | I35: =TAKVİM!$I$88 -> 14 | J35: =TAKVİM!$J$88 -> 21 | K35: =TAKVİM!$K$88 -> 28 | L35: =TAKVİM!$L$88 | M35: =TAKVİM!$M$88 | N35: =TAKVİM!$N$88 -> 4 | O35: =TAKVİM!$O$88 -> 11 | P35: =TAKVİM!$P$88 -> 18 | Q35: =TAKVİM!$Q$88 -> 25 | R35: =TAKVİM!$R$88 | S35: =TAKVİM!$S$88 | T35: =TAKVİM!$T$88 -> 2 | U35: =TAKVİM!$U$88 -> 9 | V35: =TAKVİM!$V$88 -> 16 | W35: =TAKVİM!$W$88 -> 23 | X35: =TAKVİM!$X$88 -> 30 | Y35: =TAKVİM!$Y$88 | Z35: =TAKVİM!$Z$88 -> 6 | AA35: =TAKVİM!$AA$88 -> 13 | AB35: =TAKVİM!$AB$88 -> 20 | AC35: =TAKVİM!$AC$88 -> 27 | AD35: =TAKVİM!$AD$88 | AE35: =TAKVİM!$AE$88
A37: TARİH | D37: KAZANIMLAR | L37: KONULAR | R37: ÖĞRENME-ÖĞRETME YÖNTEM VE TEKNİKLERİ | W37: KULLANILAN EĞİTİM TEKNOLOJİLERİ, ARAÇ VE GEREÇLER | AD37: DEĞERLENDİRME
A38: =TAKVİM!$B$29 -> 14-18 Eylül | D38: 1. Kuralların gerekliliğini ve işlevini toplumsal fayda açısından tartışır. • Sınıf ortamında sunum yapmalarına yönelik bir etkinlik planlanarak öğrencilerin iletişim engellerini deneyimlemeleri sağlanır. • Öğrencilerin, etkili iletişim için sınıfta uyulması gereken kurallara arkadaşlarıyla birlikte karar vermeleri sağlanır. • Öğrencilerle birlikte oluşturulacak sınıf anlaşmasının görünür ve kalıcı olması için gerekli önlemler alınır. | L38: MESLEK ETİĞİ VE AHİLİK 1. Kurallar ve İşlevi | R38: Soru-Cevap, Grup Çalışması, Tartışma, Proje Tabanlı Öğrenme, Bireyselleştirilmiş Öğretim | W38: Etkileşimli tahta/projeksiyon, mesleki gelişim dersi tasarım odaklı çalışma defteri, internet, kütüphane
A39: =TAKVİM!$B$30 -> 21-25 Eylül | D39: 2. Meslek etiği ve ahilik ile ilgili temel kavramları ve ahilik ilkelerini açıklar. • Meslek etiği ve ahilik ile ilgili temel kavram ve ilkelerin görselleri sınıfta paylaşılarak bu kavramların hayatımızdaki yeri tartışılır. • Öğrencilerin, meslek etiği ve ahilik ile ilgili örnek hikâyelerden hareketle ahilik ve meslek etiği ilkelerini kavraması sağlanır. | L39: 2. Meslek Etiği ve Ahilik İle İlgili Temel Kavramlar | R39: Soru-Cevap, Grup Çalışması, Tartışma, Proje Tabanlı Öğrenme, Bireyselleştirilmiş Öğretim | W39: Etkileşimli tahta/projeksiyon, mesleki gelişim dersi tasarım odaklı çalışma defteri, internet, kütüphane
A40: =TAKVİM!$B$31 -> 28 Eylül - 02 Ekim | D40: 3. Geçmişten günümüze meslek kuruluşları ve ahiliğin tarihsel gelişimini açıklar. • Sınıfta ahilik teşkilatını anlatan örnek bir video izletilerek öğrencilerin ahiliğin temel ilke ve amaçlarını açıklaması sağlanır. • Öğrencilerden, ahiliğin tarihçesi hakkında araştırma yapmaları ve elde ettikleri bilgileri sınıfta sunmaları istenir. | L40: 3. Ahiliğin Tarihsel Gelişimi | R40: Soru-Cevap, Grup Çalışması, Tartışma, Proje Tabanlı Öğrenme, Bireyselleştirilmiş Öğretim | W40: Etkileşimli tahta/projeksiyon, mesleki gelişim dersi tasarım odaklı çalışma defteri, internet, kütüphane
A41: =TAKVİM!$B$32 -> 05-09 Ekim | D41: 1. Tasarım odaklı düşünme yaklaşımının ilkelerini ve basamaklarını kullanır. • Öğrencilerin, tasarım odaklı düşünmenin temel ilkelerini kavramaları sağlanır. • Öğrenciler, ders dışı zamanlarda da süreci takip etmeleri için teşvik edilir. | L41: İŞ SAĞLIĞI VE GÜVENLİĞİ 1. Tasarım Odaklı Düşünme | R41: Soru-Cevap, Grup Çalışması, Tartışma, Proje Tabanlı Öğrenme, Bireyselleştirilmiş Öğretim | W41: Etkileşimli tahta/projeksiyon, mesleki gelişim dersi tasarım odaklı çalışma defteri, internet, kütüphane
A42: =TAKVİM!$B$33 -> 12-16 Ekim | D42: 2. İş yerinde sağlık ve güvenliği tehdit eden unsurları ve giderici tedbirleri açıklar. • İş sağlığı ve güvenliği ile ilgili bir senaryo üzerinden işyerinde sağlık ve güvenliği tehdit eden unsurları analiz etmeleri sağlanır. • Öğrencilerden, iş sağlığı ve güvenliğine uygun şartlar için dikkate alınması gereken unsurları bir sunumla açıklamaları istenir. | L42: 2. İş Sağlığı ve Güvenliğini Tehdit Eden Unsurlar | R42: Soru-Cevap, Grup Çalışması, Tartışma, Proje Tabanlı Öğrenme, Bireyselleştirilmiş Öğretim | W42: Etkileşimli tahta/projeksiyon, mesleki gelişim dersi tasarım odaklı çalışma defteri, internet, kütüphane
A43: =TAKVİM!$B$34 -> 19-23 Ekim | D43: 3. İş yerinde ortaya çıkabilecek kaza, yaralanma ve yangınlara karşı alınması gereken tedbirleri açıklar. • Öğrencilerin, gözlem, görüşme gibi veri toplama yöntemleriyle iş yerlerinde veya atölyelerde alınan tedbirler hakkında bilgi sahibi olmaları sağlanır. | L43: 3. İş Yerinde Ortaya Çıkabilecek Kaza, Yaralanma ve Yangınlara Karşı Alınması Gereken Tedbirler | R43: Soru-Cevap, Grup Çalışması, Tartışma, Proje Tabanlı Öğrenme, Bireyselleştirilmiş Öğretim | W43: Etkileşimli tahta/projeksiyon, mesleki gelişim dersi tasarım odaklı çalışma defteri, internet, kütüphane
A44: =TAKVİM!$B$35 -> 26-30 Ekim | D44: 4. Meslek hastalıklarının sebeplerini, alınması gereken önlemleri açıklar. • Öğrencilerin, meslek hastalıkları ile ilgili bir senaryo aracılığıyla meslek hastalıkları ile güvenli atölye ortamı arasındaki ilişkiyi kavramaları sağlanır. 29 EKİM Cumhuriyet Bayramı | L44: 4. Meslek Hastalıkları ve Alınması Gereken Önlemler | R44: Soru-Cevap, Grup Çalışması, Tartışma, Proje Tabanlı Öğrenme, Bireyselleştirilmiş Öğretim | W44: Etkileşimli tahta/projeksiyon, mesleki gelişim dersi tasarım odaklı çalışma defteri, internet, kütüphane
A45: =TAKVİM!$B$36 -> 02-06 Kasım | D45: • Bireysel olarak İSG ile ilgili fikirlerini planlayarak kendi öğrenmesinin sorumluluğunu alır. • İSG ile ilgili önlem ve tedbirleri artırmak için bir senaryodan yola çıkarak kendi önerilerini geliştirmeleri ve süreçte sorumluluk almaları sağlanır. | L45: 5. Bireysel İSG Planlaması ile Öğrenme Sorumluluğu Alma | R45: Soru-Cevap, Grup Çalışması, Tartışma, Proje Tabanlı Öğrenme, Bireyselleştirilmiş Öğretim | W45: Etkileşimli tahta/projeksiyon, mesleki gelişim dersi tasarım odaklı çalışma defteri, internet, kütüphane
A46: =TAKVİM!$B$37 -> 09-13 Kasım | D46: • İSG ile ilgili yapılan grup çalışmasında kendini yazılı ve sözlü ifade eder. • İSG ile ilgili yapılan grup çalışmasında arkadaşları ile iş birliği içinde çalışır. • İSG ile ilgili bir senaryo çerçevesinde kendisinin ve grup arkadaşlarının güçlü ve zayıf yanlarını belirler. 10 KASIM Atatürk'ü Anma Günü ve Atatürk Haftası | L46: 6. İSG Grup Çalışmalarının Yazılı ve Sözlü İfadesi 7. İSG Grup Çalışmalarında İşbirliğinin Önemi 8. İSG Grup Çalışmalarında Ekip Ruhunun Önemi | R46: Soru-Cevap, Grup Çalışması, Tartışma, Proje Tabanlı Öğrenme, Bireyselleştirilmiş Öğretim | W46: Etkileşimli tahta/projeksiyon, mesleki gelişim dersi tasarım odaklı çalışma defteri, internet, kütüphane
A47: =TAKVİM!$B$38 -> 16-20 Kasım | D47: =TAKVİM!$D$38 -> 1.DÖNEM ARA TATİL
A48: =TAKVİM!$B$39 -> 23-27 Kasım | D48: 1. Teknolojik gelişmeler ve endüstriyel dönüşüm ile ilgili kavramları açıklar. • Öğrencilerin, teknolojinin ne anlama geldiği üzerine verilen farklı görüşleri değerlendirerek kendi teknoloji tanımlarını bir e-posta yazarak açıklamaları sağlanır. • Öğrencilerin, farklı endüstriyel dönemlerdeki yenilikleri sınıflandırarak arkadaşları ile iş birliği içerisinde endüstriyel değişim ile ilgili kavramları açıklamaları sağlanır. | L48: TEKNOLOJİK GELİŞMELER VE ENDÜSTRİYEL DÖNÜŞÜM 1. Teknolojik Gelişmeler ve Endüstriyel Dönüşüm İle İlgili Kavramlar | R48: Soru-Cevap, Grup Çalışması, Tartışma, Proje Tabanlı Öğrenme, Bireyselleştirilmiş Öğretim | W48: Etkileşimli tahta/projeksiyon, mesleki gelişim dersi tasarım odaklı çalışma defteri, internet, kütüphane
A49: =TAKVİM!$B$40 -> 30 Kasım - 04 Aralık | D49: 2. Geçmişten günümüze endüstriyel değişimin ve dönüşümün tarihsel gelişimini açıklar. 3. Ülkemizdeki ve dünyadaki teknolojik gelişmeleri değerlendirir. • Öğrencilerin, verilen metinler üzerinden farklı endüstriyel dönemleri değerlendirmeleri sağlanır. | L49: 2. Endüstriyel Değişimin ve Dönüşümün Tarihsel Gelişimi 3. Dünyada ve Ülkemizdeki Teknolojik Gelişmeler | R49: Soru-Cevap, Grup Çalışması, Tartışma, Proje Tabanlı Öğrenme, Bireyselleştirilmiş Öğretim | W49: Etkileşimli tahta/projeksiyon, mesleki gelişim dersi tasarım odaklı çalışma defteri, internet, kütüphane
A50: =TAKVİM!$B$41 -> 07-11 Aralık | D50: • Teknolojik gelişmeler ve endüstriyel dönüşüm ile ilgili farklı fikirleri ve düşünceleri dikkate alır. • Teknolojik gelişmeler ve endüstriyel dönüşüm ile ilgili verilen yönergeye uygun iletişim araçlarını kullanır. | L50: 4. Teknolojik Gelişmeler ve Endüstriyel Dönüşüm ile İlgili Grup Çalışması 5. Teknolojik Gelişmeler ve Endüstriyel Dönüşüm ile İlgili İletişim Araçlarını Kullanma | R50: Soru-Cevap, Grup Çalışması, Tartışma, Proje Tabanlı Öğrenme, Bireyselleştirilmiş Öğretim | W50: Etkileşimli tahta/projeksiyon, mesleki gelişim dersi tasarım odaklı çalışma defteri, internet, kütüphane
A51: =TAKVİM!$B$42 -> 14-18 Aralık | D51: • Teknolojinin kullanımı ile ilgili bir sunumda sözlü iletişimi destekleyen sözsüz iletişim unsurlarının önemini tartışır. • Teknolojik gelişmeler ve endüstriyel dönüşüm ile ilgili grup çalışmaları sırasında arkadaşları ile iş birliği içinde çalışır. | L51: 6. Teknolojinin Kullanımı ile İlgili Sunu Hazırlama 7. Teknolojik Gelişmeler ve Endüstriyel Dönüşüm ile İlgili Grup Çalışmaları ve İşbirliği | R51: Soru-Cevap, Grup Çalışması, Tartışma, Proje Tabanlı Öğrenme, Bireyselleştirilmiş Öğretim | W51: Etkileşimli tahta/projeksiyon, mesleki gelişim dersi tasarım odaklı çalışma defteri, internet, kütüphane
A52: =TAKVİM!$B$43 -> 21-25 Aralık | D52: • Bireysel olarak teknolojik gelişmeler ve endüstriyel dönüşüm ile ilgili fikirlerini planlayarak kendi öğrenmesinin sorumluluğunu alır. • Teknolojik gelişmeler ve endüstriyel dönüşüm ile ilgili yapılan grup çalışmasında kendini ve öğrendiklerini yazılı ve sözlü ifade eder. | L52: 8. Teknolojik Gelişmeler ve Endüstriyel Dönüşüm ile İlgili Fikir Planlama ve Öğrenme Sorumluluğu Alma 9. Teknolojik Gelişmeler ve Endüstriyel Dönüşüm ile İlgili Grup Çalışmalarının Yazılı ve Sözlü İfadesi | R52: Soru-Cevap, Grup Çalışması, Tartışma, Proje Tabanlı Öğrenme, Bireyselleştirilmiş Öğretim | W52: Etkileşimli tahta/projeksiyon, mesleki gelişim dersi tasarım odaklı çalışma defteri, internet, kütüphane
A53: =TAKVİM!$B$44 -> 28 Aralık - 01 Ocak | D53: • Teknolojinin kullanımı ile ilgili örnek bir videoyu sözsüz iletişim unsurları açısından analiz eder. • Teknolojik gelişmeler ve endüstriyel dönüşüm ile ilgili problemleri çözer. | L53: 10. Teknolojinin Kullanımında Sözsüz İletişim Unsurlarının Analizi 11. Teknolojik Gelişmeler ve Endüstriyel Dönüşüm ile İlgili Problem Çözme | R53: Soru-Cevap, Grup Çalışması, Tartışma, Proje Tabanlı Öğrenme, Bireyselleştirilmiş Öğretim | W53: Etkileşimli tahta/projeksiyon, mesleki gelişim dersi tasarım odaklı çalışma defteri, internet, kütüphane
A54: =TAKVİM!$B$45 -> 04-08 Ocak | D54: • Teknolojik gelişmeler ve endüstriyel dönüşüm ile ilgili verilenleri benzerlik ve farklılıklara göre sınıflandırır. | L54: 12. Teknolojik Gelişmeler ve Endüstriyel Dönüşüm İle İlgili Benzerlik ve Farklılıkları Sınıflandırma | R54: Soru-Cevap, Grup Çalışması, Tartışma, Proje Tabanlı Öğrenme, Bireyselleştirilmiş Öğretim | W54: Etkileşimli tahta/projeksiyon, mesleki gelişim dersi tasarım odaklı çalışma defteri, internet, kütüphane
A55: =TAKVİM!$B$46 -> 11-15 Ocak | D55: 1. 'Azalt, yeniden kullan, geri dönüştür' ilkeleri çerçevesinde çevre ile ilgili kavramları açıklar. • Öğrencilerin grup çalışması hâlinde atık ve çöp kavramları üzerine düşünmeleri sağlanır. • Öğrencilerin, geri dönüşüm sembollerini, kodlarını ve işaretlerini fark ederek bunların temsil ettikleri anlamları kavramaları sağlanır. | L55: ÇEVRE KORUMA 1. Çevre ile İlgili Kavramlar | R55: Soru-Cevap, Grup Çalışması, Tartışma, Proje Tabanlı Öğrenme, Bireyselleştirilmiş Öğretim | W55: Etkileşimli tahta/projeksiyon, mesleki gelişim dersi tasarım odaklı çalışma defteri, internet, kütüphane
A56: =TAKVİM!$B$47 -> 18-22 Ocak | D56: 2. İnsan faaliyetlerinin hava, su ve toprak kirliliğine etkisini açıklar. 3. Her bireyin ürettiği atığın sorumluluğunu almasının ülke ekonomisine ve yaban hayata katkısını araştırır. • Öğrencilerin atık yönetiminde öncelik sırası üzerine düşünmeleri sağlanır. | L56: 2. İnsan Faaliyetlerinin Çevre Kirliliğine Etkileri 3. Üretilen Atığın Bireysel Sorumluluğu | R56: Soru-Cevap, Grup Çalışması, Tartışma, Proje Tabanlı Öğrenme, Bireyselleştirilmiş Öğretim | W56: Etkileşimli tahta/projeksiyon, mesleki gelişim dersi tasarım odaklı çalışma defteri, internet, kütüphane
A57: =TAKVİM!$B$48 -> 25-29 Ocak | D57: =TAKVİM!$D$48 -> YARI YIL TATİLİ
A58: =TAKVİM!$B$49 -> 08-12 Şubat | D58: • Çevresindeki ve kendi oluşturduğu atıkların farkına vararak geri dönüşüm süreçlerini açıklar. • Çevre koruma ile ilgili verilen senaryo çalışmasında kendini yazılı ve sözlü olarak ifade eder. • Sahip olduğu değerlerin çevre korumaya yönelik davranışlarına etkisini fark eder. | L58: 4. Geri Dönüşüm Süreçleri 5. Çevre Koruma ile İlgili Senaryo Çalışması 6. Çevre Korumaya Yönelik Değerler | R58: Soru-Cevap, Grup Çalışması, Tartışma, Proje Tabanlı Öğrenme, Bireyselleştirilmiş Öğretim | W58: Etkileşimli tahta/projeksiyon, mesleki gelişim dersi tasarım odaklı çalışma defteri, internet, kütüphane
A59: =TAKVİM!$B$50 -> 15-19 Şubat | D59: • Çevre koruma ile ilgili farklı fikirleri ve düşünceleri dikkate alır. • Grup çalışmaları sırasında arkadaşları ile işbirliği içinde çalışır. • Bireysel olarak çevre koruma ile ilgili fikirlerini planlayarak kendi öğrenmesinin sorumluluğunu alır. • Çevre koruma ile ilgili verilen problemin farklı çözüm yollarını araştırır. • Çevre koruma ile ilgili verilenleri benzerlik ve farklılıklara göre sınıflandırır. • Çevre koruma ile ilgili problemi çözmek için yenilikçi düşünmeyle strateji geliştirir. • Çevre koruma ile ilgili metinlerdeki problem durumunu eleştirel okuma ile analiz eder. • Neden sonuç ilişkisi kurarak çevre koruma ile ilgili bir probleme çözüm yolları bulur. | L59: 7. Çevre Koruma ile İlgili Münazara 8. Grup Çalışmasında Zamanı Etkili Kullanma ve İşbirliğinin Önemi 9. Çevre Koruma ile İlgili Bireysel Öğrenme Sorumluluğu 10. Çevre Koruma ile İlgili Problem ve Çözüm Yolları 11. Çevre Koruma ile İlgili Verilerde Sınıflandırma 12. Çevre Koruma ile İlgili Yenilikçi Düşünmeyle Strateji Geliştirme 13. Çevre Koruma ile İlgili Problemin Analizi 14. Çevre Koruma ile İlgili Problemin Neden Sonuç İlişkisi ile Çözümü | R59: Soru-Cevap, Grup Çalışması, Tartışma, Proje Tabanlı Öğrenme, Bireyselleştirilmiş Öğretim | W59: Etkileşimli tahta/projeksiyon, mesleki gelişim dersi tasarım odaklı çalışma defteri, internet, kütüphane
A60: =TAKVİM!$B$51 -> 22-26 Şubat | D60: 1. Girişimcilikle ilgili temel kavramları açıklar. • Öğrencilerin tartışma soruları ve video üzerinden ekonomi ile girişimcilik arasındaki ilişkiyi kavramaları sağlanır. | L60: GİRİŞİMCİ FİKİRLER, İŞ KURMA VE YÜRÜTME 1. Girişimcilikle İlgili Temel Kavramlar | R60: Soru-Cevap, Grup Çalışması, Tartışma, Proje Tabanlı Öğrenme, Bireyselleştirilmiş Öğretim | W60: Etkileşimli tahta/projeksiyon, mesleki gelişim dersi tasarım odaklı çalışma defteri, internet, kütüphane
A61: =TAKVİM!$B$52 -> 01-05 Mart | D61: 2. Meslek grubuyla ilgili iş fikirleri oluşturarak bu fikirleri değerlendirir. • Öğrencilerin günlük hayatta karşılaştıkları başarılı iş fikirlerini tartışarak değerlendirmeleri sağlanır. • Öğrencilerin başarılı bir iş fikrinin oluşması sürecinde etkili olan unsurları sınıf içinde tartışması sağlanır. | L61: 2. İş Fikri Oluşturma | R61: Soru-Cevap, Grup Çalışması, Tartışma, Proje Tabanlı Öğrenme, Bireyselleştirilmiş Öğretim | W61: Etkileşimli tahta/projeksiyon, mesleki gelişim dersi tasarım odaklı çalışma defteri, internet, kütüphane
A62: =TAKVİM!$B$53 -> 08-12 Mart | D62: =TAKVİM!$D$53 -> 2. DÖNEM ARA TATİL
A63: =TAKVİM!$B$54 -> 15-19 Mart | D63: 3. İşletme ve işletme türleri ile ilgili temel kavramları açıklar. • Öğrencilerin günlük hayatta karşılaştıkları kurum ve kuruluşları tartışması sağlanır. • Öğrencilerin işletme türleri hakkında beyin fırtınası yaparak işletme türlerinin ortak ve ayırt edici özelliklerini kavraması sağlanır. | L63: 3. İşletme ve İşletme Türleri | R63: Soru-Cevap, Grup Çalışması, Tartışma, Proje Tabanlı Öğrenme, Bireyselleştirilmiş Öğretim | W63: Etkileşimli tahta/projeksiyon, mesleki gelişim dersi tasarım odaklı çalışma defteri, internet, kütüphane
A64: =TAKVİM!$B$55 -> 22-26 Mart | D64: 4. İşletme kurma süreci ile ilgili planlama yapar. • Öğrencilerin bir işletmenin kurulması sürecindeki aşamaları grup çalışması yaparak iş birliği içinde kavraması sağlanır. • Öğrencilerin verilen iş planı şablonunu kullanarak uygulamalı bir şekilde bir işletmenin kuruluş aşamalarını adım adım planlamaları sağlanır. | L64: 4. İşletme Kurma Süreci | R64: Soru-Cevap, Grup Çalışması, Tartışma, Proje Tabanlı Öğrenme, Bireyselleştirilmiş Öğretim | W64: Etkileşimli tahta/projeksiyon, mesleki gelişim dersi tasarım odaklı çalışma defteri, internet, kütüphane
A65: =TAKVİM!$B$56 -> 29 Mart - 02 Nisan | D65: 5. İşletmenin faaliyet alanını ve kapasitesini açıklar. • Öğrencilerin işletmelerin faaliyet alanlarına göre birbirinden farklılık gösterme sebeplerini açıklamaları sağlanır. 6. İşletmenin faaliyet alanına uygun pazarlama karması oluşturur. | L65: 5. Faaliyet Alanına Göre İşletmeler 6. Pazarlama Karması Öğeleri | R65: Soru-Cevap, Grup Çalışması, Tartışma, Proje Tabanlı Öğrenme, Bireyselleştirilmiş Öğretim | W65: Etkileşimli tahta/projeksiyon, mesleki gelişim dersi tasarım odaklı çalışma defteri, internet, kütüphane
A66: =TAKVİM!$B$57 -> 05-09 Nisan | D66: 7. Yönetimin alt fonksiyonları doğrultusunda yönetim planı hazırlar. • Öğrencilerin okullarında var olan yönetim planını inceleyerek işletmelerin neden bir yönetim planına ihtiyaç duyduklarını kavramaları sağlanır. | L66: 7. Yönetim Planı Hazırlama | R66: Soru-Cevap, Grup Çalışması, Tartışma, Proje Tabanlı Öğrenme, Bireyselleştirilmiş Öğretim | W66: Etkileşimli tahta/projeksiyon, mesleki gelişim dersi tasarım odaklı çalışma defteri, internet, kütüphane
A67: =TAKVİM!$B$58 -> 12-16 Nisan | D67: 8. Kendi sektörüne uygun stok ve kalite yöntemini seçer. • Öğrencilerin örnek senaryo üzerinde tartışarak stok ve kalite kontrol yöntemlerinin önemini kavraması sağlanır. | L67: 8. Stok ve Kalite Yönetimi | R67: Soru-Cevap, Grup Çalışması, Tartışma, Proje Tabanlı Öğrenme, Bireyselleştirilmiş Öğretim | W67: Etkileşimli tahta/projeksiyon, mesleki gelişim dersi tasarım odaklı çalışma defteri, internet, kütüphane
A68: =TAKVİM!$B$59 -> 19-23 Nisan | D68: 9. İşletmenin mali kaynaklarını ve finans yönetimi ile ilgili faaliyetlerini planlar. 10. İşletmenin personel bulma, işe alma ve performans değerlendirme süreçlerini planlar. 23 NİSAN Ulusal Egemenlik ve Çocuk Bayramı | L68: 9. İşletmenin Finans Yönetimi 10. Personel Alım Süreci | R68: Soru-Cevap, Grup Çalışması, Tartışma, Proje Tabanlı Öğrenme, Bireyselleştirilmiş Öğretim | W68: Etkileşimli tahta/projeksiyon, mesleki gelişim dersi tasarım odaklı çalışma defteri, internet, kütüphane
A69: =TAKVİM!$B$60 -> 26-30 Nisan | D69: • Girişimcilik ve iş kurma ile ilgili farklı fikirleri dikkate alır. • Bireysel olarak girişimcilik ve iş kurma ile ilgili fikirlerini planlayarak kendi öğrenmesinin sorumluluğunu alır. • Girişimcilik ve iş kurma ile ilgili yapılan grup çalışmasında kendini yazılı ve sözlü ifade eder. • Girişimcilik ve iş kurma ile ilgili grup çalışmaları sırasında arkadaşları ile iş birliği içinde çalışır. | L69: 11. Girişimcilik ve İş Kurma ile İlgili Farklı Fikirleri Alma 12. Girişimcilik ve İş Kurma ile İlgili Bireysel Öğrenme Sorumluluğunu Alma 13. Girişimcilik ve İş Kurma ile İlgili Grup Çalışması 14. İş Kurma ile İlgili Grup Çalışmalarında İş birliğinin Önemi | R69: Soru-Cevap, Grup Çalışması, Tartışma, Proje Tabanlı Öğrenme, Bireyselleştirilmiş Öğretim | W69: Etkileşimli tahta/projeksiyon, mesleki gelişim dersi tasarım odaklı çalışma defteri, internet, kütüphane
A70: =TAKVİM!$B$61 -> 03-07 Mayıs | D70: • Girişimcilik, iş kurma ve yürütme ile ilgili verilen problemin farklı çözüm yollarını araştırır. • Girişimcilik, iş kurma ve yürütme ile ilgili verilen metni evrensel etik prensiplerini dikkate alarak değerlendirir. • Girişimcilik, iş kurma ve yürütme ile ilgili problemin çözümü için neden sonuç ilişkisi kurar. • Küçük ölçekli bir işletme kurulabilmesi için gerekli olan fizibilite çalışmasının prototipini geliştirir. | L70: 15. Girişimcilik, İş Kurma ve Yürütme İle İlgili Problemlere Farklı Çözüm Yollarını Araştırma 16. Evrensel Etik Prensiplerini Değerlendirme 17. Girişimcilik, İş Kurma ve Yürütme ile İlgili Problem Çözümünde Neden-Sonuç İlişkisi 18. Küçük Ölçekli İşletme Kurma Prototipi | R70: Soru-Cevap, Grup Çalışması, Tartışma, Proje Tabanlı Öğrenme, Bireyselleştirilmiş Öğretim | W70: Etkileşimli tahta/projeksiyon, mesleki gelişim dersi tasarım odaklı çalışma defteri, internet, kütüphane
A71: =TAKVİM!$B$62 -> 10-14 Mayıs | D71: 1. Fikrî hak, sınai hak, telif hakkı ve fikir ürünleri kavramlarını açıklar. • Öğrencilerin grup çalışması hâlinde yeni bir oyun tasarlamaları sağlanarak buluş, icat, yenilik gibi kavramların anlamları üzerinde düşünmeleri sağlanır. • Öğrencilerin bazı nesne ya da ürünlerin üzerinde bulunan ve telif haklarına işaret eden simgelere dikkat çekilerek bu uyarıları kavramaları sağlanır. | L71: FİKRÎ VE SINAİ MÜLKİYET HAKLARI 1. Fikrî Hak, Sınai Hak, Telif Hakkı ve Fikir Ürünler | R71: Soru-Cevap, Grup Çalışması, Tartışma, Proje Tabanlı Öğrenme, Bireyselleştirilmiş Öğretim | W71: Etkileşimli tahta/projeksiyon, mesleki gelişim dersi tasarım odaklı çalışma defteri, internet, kütüphane
A72: =TAKVİM!$B$63 -> 17-21 Mayıs | D72: 2. Patent ve faydalı model ile ilgili tanımları, hakları ve başvuru süreçlerini açıklar. • Öğrencilerin örnek bir okuma metni üzerinden ülkemizdeki patent tarihini, fikrî ve sınai hakların tarihsel gelişimini kavramaları sağlanır. 19 MAYIS Atatürk'ü Anma Gençlik ve Spor Bayramı | L72: 2. Patent ve Faydalı Model Tanımı ve Başvuru Süreçleri | R72: Soru-Cevap, Grup Çalışması, Tartışma, Proje Tabanlı Öğrenme, Bireyselleştirilmiş Öğretim | W72: Etkileşimli tahta/projeksiyon, mesleki gelişim dersi tasarım odaklı çalışma defteri, internet, kütüphane
A73: =TAKVİM!$B$64 -> 24-28 Mayıs | D73: 3. Endüstriyel tasarım ve patent arasında ilişki kurar. 4. Fikirlerin ürüne dönüşme süreçlerini fikrî ve sınai haklar çerçevesinde açıklar. 5. Patent veri tabanının kullanımını açıklar. | L73: 3. Endüstriyel Tasarım Ve Patent Arasında İlişki 4. Fikrî ve Sınai Haklar Çerçevesinde Fikirlerin Ürüne Dönüşme Süreçleri 5. Patent Veri Tabanı | R73: Soru-Cevap, Grup Çalışması, Tartışma, Proje Tabanlı Öğrenme, Bireyselleştirilmiş Öğretim | W73: Etkileşimli tahta/projeksiyon, mesleki gelişim dersi tasarım odaklı çalışma defteri, internet, kütüphane
A74: =TAKVİM!$B$65 -> 31 Mayıs - 04 Haziran | D74: 6. Marka ile ilgili tanımları, hakları, başvuru ve tescil sürecini açıklar. 7. Bilim, edebiyat ve sanat eserleri ile ilgili hakları açıklar. | L74: 6. Marka Başvuru Süreci 7. Bilim, Edebiyat ve Sanat Eserleri ile İlgili Haklar | R74: Soru-Cevap, Grup Çalışması, Tartışma, Proje Tabanlı Öğrenme, Bireyselleştirilmiş Öğretim | W74: Etkileşimli tahta/projeksiyon, mesleki gelişim dersi tasarım odaklı çalışma defteri, internet, kütüphane
A75: =TAKVİM!$B$66 -> 07-11 Haziran | D75: 8. Coğrafi işaretler ile ilgili tanımları, hakları ve tescil süreçlerini açıklar. • Öğrencilerin, bir bölge ya da şehir adıyla birlikte tescillenmiş ürünlerden yola çıkarak coğrafi işaretler, menşe adı ve mahreç işareti kavramlarını açıklamaları sağlanır. | L75: 8. Coğrafi İşaretler ve Tescil Süreçleri | R75: Soru-Cevap, Grup Çalışması, Tartışma, Proje Tabanlı Öğrenme, Bireyselleştirilmiş Öğretim | W75: Etkileşimli tahta/projeksiyon, mesleki gelişim dersi tasarım odaklı çalışma defteri, internet, kütüphane
A76: =TAKVİM!$B$67 -> 14-18 Haziran | D76: • Fikrî ve sınai mülkiyet hakları ile ilgili farklı fikir ve düşünceleri dikkate alır. • Fikrî ve sınai mülkiyet hakları ile ilgili grup çalışmaları sırasında arkadaşları ile iş birliği içinde çalışır. • Fikrî ve sınai mülkiyet hakları ile ilgili yapılan çalışmalar sırasında kendini yazılı ve sözlü ifade eder. • Bireysel olarak fikirlerini planlayarak kendi öğrenmesinin sorumluluğunu alır. | L76: 9. Fikrî ve Sınai Mülkiyet Hakları İle İlgili Farklı Fikirleri Alma 10. Fikrî ve Sınai Mülkiyet Hakları ile İlgili Grup Çalışmalarında İş Birliği 11. Fikrî ve Sınai Mülkiyet Hakları ile İlgili Senaryo Çalışması 12. Fikrî ve Sınai Mülkiyet Hakları ile İlgili Bireysel Öğrenme Sorumluluğunu Alma | R76: Soru-Cevap, Grup Çalışması, Tartışma, Proje Tabanlı Öğrenme, Bireyselleştirilmiş Öğretim | W76: Etkileşimli tahta/projeksiyon, mesleki gelişim dersi tasarım odaklı çalışma defteri, internet, kütüphane
A77: =TAKVİM!$B$68 -> 21-25 Haziran | D77: • Fikrî ve sınai mülkiyet hakları ile ilgili verilen problemi çözer. • Anahtar kelimeler kullanarak kaynak taraması yapar. • Fikrî ve sınai mülkiyet hakları ile ilgili verilen metni evrensel etik prensipleri dikkate alarak değerlendirir. | L77: 13. Fikrî ve Sınai Mülkiyet Hakları İle İlgili Problem Çözme 14. Anahtar Kelimeler ile Kaynak Tarama 15. Fikri ve Sınai Mülkiyet Hakları ile Evrensel Etik Prensiplerini Değerlendirme | R77: Soru-Cevap, Grup Çalışması, Tartışma, Proje Tabanlı Öğrenme, Bireyselleştirilmiş Öğretim | W77: Etkileşimli tahta/projeksiyon, mesleki gelişim dersi tasarım odaklı çalışma defteri, internet, kütüphane
A81: Seyit Ömer ŞEKER | L81: Arzu KIRICI | V81: Gökhan ARSLAN
A82: Makine ve Tasarım Teknolojisi | L82: Makine ve Tasarım Teknolojisi | V82: Makine ve Tasarım Teknolojisi
A83: Alan Öğretmeni | L83: Laboratuvar Şefi | V83: İmalat Yöntemleri Atölye Şefi
A85: Şerif YETİM | L85: Ali Osman KOÇ | V85: Levent ERGİN
A86: Makine ve Tasarım Teknolojisi | L86: Makine ve Tasarım Teknolojisi | V86: Makine ve Tasarım Teknolojisi
A87: İmalat İşlemleri Atölye Şefi | L87: Alan Şefi | V87: Teknik Müdür Yardımcısı
A90: …./09/2026
A91: UYGUNDUR
A92: AHMET AÇAR
A93: OKUL MÜDÜRÜ

Sheet TEKNİK RESİM AMP 9A
H1: YILLIK DERS PLANI
A3: EĞİTİM-ÖĞRETİM YILI | G3: =TAKVİM!$B$4 -> 2026-2027 Eğitim-Öğretim Yılı | P3: OKUL | U3: =TAKVİM!$B$3 -> Soma Mesleki ve Teknik Anadolu Lisesi
A4: DERS | G4: : TEKNİK RESİM | P4: ALAN/DAL | U4: : Makine ve Tasarım Teknolojisi Alanı
A5: DERS SAATİ | G5: : 3 SAAT | P5: SINIF | U5: : AMP 9A
A7: 1.DÖNEM SINAV TARİHLERİ | P7: 2.DÖNEM SINAV TARİHLERİ
A8: 1.Dönem 1.Sınav Tarihi | G8: =TAKVİM!$B$7 -> 13.11.2026 | P8: 2.Dönem 1.Sınav Tarihi | U8: =TAKVİM!$B$9 -> 19.03.2027
A9: 1.Dönem 2.Sınav Tarihi | G9: =TAKVİM!$B$8 -> 08.01.2027 | P9: 2.Dönem 2.Sınav Tarihi | U9: =TAKVİM!$B$10 -> 14.05.2027
A11: 1.DÖNEM ÖNEMLİ GÜN VE HAFTALAR | P11: 2.DÖNEM ÖNEMLİ GÜN VE HAFTALAR
A12: 1.Yarıyıl Başlangıcı | G12: =TAKVİM!$B$13 -> 2026-09-14 00:00:00 | P12: 2.Yarıyıl Başlangıcı | U12: =TAKVİM!$B$14 -> 2027-02-08 00:00:00
A13: Cumhuriyet Bayramı | G13: =TAKVİM!$B$15 -> 29.10.2026 | P13: 2. Dönem Ara Tatil | U13: =TAKVİM!$B$19 -> 08-12 Mart
A14: Atatürk'ü Anma Günü ve Atatürk Haftası | G14: =TAKVİM!$B$17 -> 10.11.2026 | P14: 23 Nisan Ulusal Egemenlik ve Çocuk Bayramı | U14: =TAKVİM!$B$18 -> 23.04.2027
A15: 1. Dönem Ara Tatil | G15: =TAKVİM!$B$16 -> 16-20 Kasım | P15: 19 Mayıs Atatürk'ü Anma Gençlik ve Spor Bayramı | U15: =TAKVİM!$B$20 -> 19.05.2027
A16: Yılbaşı Tatili | G16: =TAKVİM!$B$21 -> 01.01.2027 | P16: Ramazan Bayramı | U16: =TAKVİM!$B$22 -> 20.03.2027
A17: Yarıyıl Tatili | G17: =TAKVİM!$B$23 -> 25 OCAK - 05 ŞUBAT 2027 | P17: Eğitim-Öğretim Yılının Sonu | U17: =TAKVİM!$B$24 -> 25.06.2027
A19: 2026-2027 EĞİTİM-ÖĞRETİM YILI İŞGÜNÜ TAKVİMİ
A20: =TAKVİM!$A$73 -> Günler | B20: =TAKVİM!$B$73 -> Eylül 2026 | H20: =TAKVİM!$H$73 -> Ekim 2026 | N20: =TAKVİM!$N$73 -> Kasım 2026 | T20: =TAKVİM!$T$73 -> Aralık 2026 | Z20: =TAKVİM!$Z$73 -> Ocak 2027
A21: =TAKVİM!$A$74 -> Pazartesi | B21: =TAKVİM!$B$74 | C21: =TAKVİM!$C$74 -> 7 | D21: =TAKVİM!$D$74 -> 14 | E21: =TAKVİM!$E$74 -> 21 | F21: =TAKVİM!$F$74 -> 28 | G21: =TAKVİM!$G$74 | H21: =TAKVİM!$H$74 | I21: =TAKVİM!$I$74 -> 5 | J21: =TAKVİM!$J$74 -> 12 | K21: =TAKVİM!$K$74 -> 19 | L21: =TAKVİM!$L$74 -> 26 | M21: =TAKVİM!$M$74 | N21: =TAKVİM!$N$74 | O21: =TAKVİM!$O$74 -> 2 | P21: =TAKVİM!$P$74 -> 9 | Q21: =TAKVİM!$Q$74 -> 16 | R21: =TAKVİM!$R$74 -> 23 | S21: =TAKVİM!$S$74 -> 30 | T21: =TAKVİM!$T$74 | U21: =TAKVİM!$U$74 -> 7 | V21: =TAKVİM!$V$74 -> 14 | W21: =TAKVİM!$W$74 -> 21 | X21: =TAKVİM!$X$74 -> 28 | Y21: =TAKVİM!$Y$74 | Z21: =TAKVİM!$Z$74 | AA21: =TAKVİM!$AA$74 -> 4 | AB21: =TAKVİM!$AB$74 -> 11 | AC21: =TAKVİM!$AC$74 -> 18 | AD21: =TAKVİM!$AD$74 -> 25 | AE21: =TAKVİM!$AE$74
A22: =TAKVİM!$A$75 -> Salı | B22: =TAKVİM!$B$75 -> 1 | C22: =TAKVİM!$C$75 -> 8 | D22: =TAKVİM!$D$75 -> 15 | E22: =TAKVİM!$E$75 -> 22 | F22: =TAKVİM!$F$75 -> 29 | G22: =TAKVİM!$G$75 | H22: =TAKVİM!$H$75 | I22: =TAKVİM!$I$75 -> 6 | J22: =TAKVİM!$J$75 -> 13 | K22: =TAKVİM!$K$75 -> 20 | L22: =TAKVİM!$L$75 -> 27 | M22: =TAKVİM!$M$75 | N22: =TAKVİM!$N$75 | O22: =TAKVİM!$O$75 -> 3 | P22: =TAKVİM!$P$75 -> 10 | Q22: =TAKVİM!$Q$75 -> 17 | R22: =TAKVİM!$R$75 -> 24 | S22: =TAKVİM!$S$75 | T22: =TAKVİM!$T$75 -> 1 | U22: =TAKVİM!$U$75 -> 8 | V22: =TAKVİM!$V$75 -> 15 | W22: =TAKVİM!$W$75 -> 22 | X22: =TAKVİM!$X$75 -> 29 | Y22: =TAKVİM!$Y$75 | Z22: =TAKVİM!$Z$75 | AA22: =TAKVİM!$AA$75 -> 5 | AB22: =TAKVİM!$AB$75 -> 12 | AC22: =TAKVİM!$AC$75 -> 19 | AD22: =TAKVİM!$AD$75 -> 26 | AE22: =TAKVİM!$AE$75
A23: =TAKVİM!$A$76 -> Çarşamba | B23: =TAKVİM!$B$76 -> 2 | C23: =TAKVİM!$C$76 -> 9 | D23: =TAKVİM!$D$76 -> 16 | E23: =TAKVİM!$E$76 -> 23 | F23: =TAKVİM!$F$76 -> 30 | G23: =TAKVİM!$G$76 | H23: =TAKVİM!$H$76 | I23: =TAKVİM!$I$76 -> 7 | J23: =TAKVİM!$J$76 -> 14 | K23: =TAKVİM!$K$76 -> 21 | L23: =TAKVİM!$L$76 -> 28 | M23: =TAKVİM!$M$76 | N23: =TAKVİM!$N$76 | O23: =TAKVİM!$O$76 -> 4 | P23: =TAKVİM!$P$76 -> 11 | Q23: =TAKVİM!$Q$76 -> 18 | R23: =TAKVİM!$R$76 -> 25 | S23: =TAKVİM!$S$76 | T23: =TAKVİM!$T$76 -> 2 | U23: =TAKVİM!$U$76 -> 9 | V23: =TAKVİM!$V$76 -> 16 | W23: =TAKVİM!$W$76 -> 23 | X23: =TAKVİM!$X$76 -> 30 | Y23: =TAKVİM!$Y$76 | Z23: =TAKVİM!$Z$76 | AA23: =TAKVİM!$AA$76 -> 6 | AB23: =TAKVİM!$AB$76 -> 13 | AC23: =TAKVİM!$AC$76 -> 20 | AD23: =TAKVİM!$AD$76 -> 27 | AE23: =TAKVİM!$AE$76
A24: =TAKVİM!$A$77 -> Perşembe | B24: =TAKVİM!$B$77 -> 3 | C24: =TAKVİM!$C$77 -> 10 | D24: =TAKVİM!$D$77 -> 17 | E24: =TAKVİM!$E$77 -> 24 | F24: =TAKVİM!$F$77 | G24: =TAKVİM!$G$77 | H24: =TAKVİM!$H$77 -> 1 | I24: =TAKVİM!$I$77 -> 8 | J24: =TAKVİM!$J$77 -> 15 | K24: =TAKVİM!$K$77 -> 22 | L24: =TAKVİM!$L$77 -> 29 | M24: =TAKVİM!$M$77 | N24: =TAKVİM!$N$77 | O24: =TAKVİM!$O$77 -> 5 | P24: =TAKVİM!$P$77 -> 12 | Q24: =TAKVİM!$Q$77 -> 19 | R24: =TAKVİM!$R$77 -> 26 | S24: =TAKVİM!$S$77 | T24: =TAKVİM!$T$77 -> 3 | U24: =TAKVİM!$U$77 -> 10 | V24: =TAKVİM!$V$77 -> 17 | W24: =TAKVİM!$W$77 -> 24 | X24: =TAKVİM!$X$77 -> 31 | Y24: =TAKVİM!$Y$77 | Z24: =TAKVİM!$Z$77 | AA24: =TAKVİM!$AA$77 -> 7 | AB24: =TAKVİM!$AB$77 -> 14 | AC24: =TAKVİM!$AC$77 -> 21 | AD24: =TAKVİM!$AD$77 -> 28 | AE24: =TAKVİM!$AE$77
A25: =TAKVİM!$A$78 -> Cuma | B25: =TAKVİM!$B$78 -> 4 | C25: =TAKVİM!$C$78 -> 11 | D25: =TAKVİM!$D$78 -> 18 | E25: =TAKVİM!$E$78 -> 25 | F25: =TAKVİM!$F$78 | G25: =TAKVİM!$G$78 | H25: =TAKVİM!$H$78 -> 2 | I25: =TAKVİM!$I$78 -> 9 | J25: =TAKVİM!$J$78 -> 16 | K25: =TAKVİM!$K$78 -> 23 | L25: =TAKVİM!$L$78 -> 30 | M25: =TAKVİM!$M$78 | N25: =TAKVİM!$N$78 | O25: =TAKVİM!$O$78 -> 6 | P25: =TAKVİM!$P$78 -> 13 | Q25: =TAKVİM!$Q$78 -> 20 | R25: =TAKVİM!$R$78 -> 27 | S25: =TAKVİM!$S$78 | T25: =TAKVİM!$T$78 -> 4 | U25: =TAKVİM!$U$78 -> 11 | V25: =TAKVİM!$V$78 -> 18 | W25: =TAKVİM!$W$78 -> 25 | X25: =TAKVİM!$X$78 | Y25: =TAKVİM!$Y$78 | Z25: =TAKVİM!$Z$78 -> 1 | AA25: =TAKVİM!$AA$78 -> 8 | AB25: =TAKVİM!$AB$78 -> 15 | AC25: =TAKVİM!$AC$78 -> 22 | AD25: =TAKVİM!$AD$78 -> 29 | AE25: =TAKVİM!$AE$78
A26: =TAKVİM!$A$79 -> Cumartesi | B26: =TAKVİM!$B$79 -> 5 | C26: =TAKVİM!$C$79 -> 12 | D26: =TAKVİM!$D$79 -> 19 | E26: =TAKVİM!$E$79 -> 26 | F26: =TAKVİM!$F$79 | G26: =TAKVİM!$G$79 | H26: =TAKVİM!$H$79 -> 3 | I26: =TAKVİM!$I$79 -> 10 | J26: =TAKVİM!$J$79 -> 17 | K26: =TAKVİM!$K$79 -> 24 | L26: =TAKVİM!$L$79 -> 31 | M26: =TAKVİM!$M$79 | N26: =TAKVİM!$N$79 | O26: =TAKVİM!$O$79 -> 7 | P26: =TAKVİM!$P$79 -> 14 | Q26: =TAKVİM!$Q$79 -> 21 | R26: =TAKVİM!$R$79 -> 28 | S26: =TAKVİM!$S$79 | T26: =TAKVİM!$T$79 -> 5 | U26: =TAKVİM!$U$79 -> 12 | V26: =TAKVİM!$V$79 -> 19 | W26: =TAKVİM!$W$79 -> 26 | X26: =TAKVİM!$X$79 | Y26: =TAKVİM!$Y$79 | Z26: =TAKVİM!$Z$79 -> 2 | AA26: =TAKVİM!$AA$79 -> 9 | AB26: =TAKVİM!$AB$79 -> 16 | AC26: =TAKVİM!$AC$79 -> 23 | AD26: =TAKVİM!$AD$79 -> 30 | AE26: =TAKVİM!$AE$79
A27: =TAKVİM!$A$80 -> Pazar | B27: =TAKVİM!$B$80 -> 6 | C27: =TAKVİM!$C$80 -> 13 | D27: =TAKVİM!$D$80 -> 20 | E27: =TAKVİM!$E$80 -> 27 | F27: =TAKVİM!$F$80 | G27: =TAKVİM!$G$80 | H27: =TAKVİM!$H$80 -> 4 | I27: =TAKVİM!$I$80 -> 11 | J27: =TAKVİM!$J$80 -> 18 | K27: =TAKVİM!$K$80 -> 25 | L27: =TAKVİM!$L$80 | M27: =TAKVİM!$M$80 | N27: =TAKVİM!$N$80 -> 1 | O27: =TAKVİM!$O$80 -> 8 | P27: =TAKVİM!$P$80 -> 15 | Q27: =TAKVİM!$Q$80 -> 22 | R27: =TAKVİM!$R$80 -> 29 | S27: =TAKVİM!$S$80 | T27: =TAKVİM!$T$80 -> 6 | U27: =TAKVİM!$U$80 -> 13 | V27: =TAKVİM!$V$80 -> 20 | W27: =TAKVİM!$W$80 -> 27 | X27: =TAKVİM!$X$80 | Y27: =TAKVİM!$Y$80 | Z27: =TAKVİM!$Z$80 -> 3 | AA27: =TAKVİM!$AA$80 -> 10 | AB27: =TAKVİM!$AB$80 -> 17 | AC27: =TAKVİM!$AC$80 -> 24 | AD27: =TAKVİM!$AD$80 -> 31 | AE27: =TAKVİM!$AE$80
A28: =TAKVİM!$A$81 -> Günler | B28: =TAKVİM!$B$81 -> Şubat 2027 | H28: =TAKVİM!$H$81 -> Mart 2027 | N28: =TAKVİM!$N$81 -> Nisan 2027 | T28: =TAKVİM!$T$81 -> Mayıs 2027 | Z28: =TAKVİM!$Z$81 -> Haziran 2027
A29: =TAKVİM!$A$82 -> Pazartesi | B29: =TAKVİM!$B$82 -> 1 | C29: =TAKVİM!$C$82 -> 8 | D29: =TAKVİM!$D$82 -> 15 | E29: =TAKVİM!$E$82 -> 22 | F29: =TAKVİM!$F$82 | G29: =TAKVİM!$G$82 | H29: =TAKVİM!$H$82 -> 1 | I29: =TAKVİM!$I$82 -> 8 | J29: =TAKVİM!$J$82 -> 15 | K29: =TAKVİM!$K$82 -> 22 | L29: =TAKVİM!$L$82 -> 29 | M29: =TAKVİM!$M$82 | N29: =TAKVİM!$N$82 | O29: =TAKVİM!$O$82 -> 5 | P29: =TAKVİM!$P$82 -> 12 | Q29: =TAKVİM!$Q$82 -> 19 | R29: =TAKVİM!$R$82 -> 26 | S29: =TAKVİM!$S$82 | T29: =TAKVİM!$T$82 | U29: =TAKVİM!$U$82 -> 3 | V29: =TAKVİM!$V$82 -> 10 | W29: =TAKVİM!$W$82 -> 17 | X29: =TAKVİM!$X$82 -> 24 | Y29: =TAKVİM!$Y$82 -> 31 | Z29: =TAKVİM!$Z$82 | AA29: =TAKVİM!$AA$82 -> 7 | AB29: =TAKVİM!$AB$82 -> 14 | AC29: =TAKVİM!$AC$82 -> 21 | AD29: =TAKVİM!$AD$82 -> 28 | AE29: =TAKVİM!$AE$82
A30: =TAKVİM!$A$83 -> Salı | B30: =TAKVİM!$B$83 -> 2 | C30: =TAKVİM!$C$83 -> 9 | D30: =TAKVİM!$D$83 -> 16 | E30: =TAKVİM!$E$83 -> 23 | F30: =TAKVİM!$F$83 | G30: =TAKVİM!$G$83 | H30: =TAKVİM!$H$83 -> 2 | I30: =TAKVİM!$I$83 -> 9 | J30: =TAKVİM!$J$83 -> 16 | K30: =TAKVİM!$K$83 -> 23 | L30: =TAKVİM!$L$83 -> 30 | M30: =TAKVİM!$M$83 | N30: =TAKVİM!$N$83 | O30: =TAKVİM!$O$83 -> 6 | P30: =TAKVİM!$P$83 -> 13 | Q30: =TAKVİM!$Q$83 -> 20 | R30: =TAKVİM!$R$83 -> 27 | S30: =TAKVİM!$S$83 | T30: =TAKVİM!$T$83 | U30: =TAKVİM!$U$83 -> 4 | V30: =TAKVİM!$V$83 -> 11 | W30: =TAKVİM!$W$83 -> 18 | X30: =TAKVİM!$X$83 -> 25 | Y30: =TAKVİM!$Y$83 | Z30: =TAKVİM!$Z$83 -> 1 | AA30: =TAKVİM!$AA$83 -> 8 | AB30: =TAKVİM!$AB$83 -> 15 | AC30: =TAKVİM!$AC$83 -> 22 | AD30: =TAKVİM!$AD$83 -> 29 | AE30: =TAKVİM!$AE$83
A31: =TAKVİM!$A$84 -> Çarşamba | B31: =TAKVİM!$B$84 -> 3 | C31: =TAKVİM!$C$84 -> 10 | D31: =TAKVİM!$D$84 -> 17 | E31: =TAKVİM!$E$84 -> 24 | F31: =TAKVİM!$F$84 | G31: =TAKVİM!$G$84 | H31: =TAKVİM!$H$84 -> 3 | I31: =TAKVİM!$I$84 -> 10 | J31: =TAKVİM!$J$84 -> 17 | K31: =TAKVİM!$K$84 -> 24 | L31: =TAKVİM!$L$84 -> 31 | M31: =TAKVİM!$M$84 | N31: =TAKVİM!$N$84 | O31: =TAKVİM!$O$84 -> 7 | P31: =TAKVİM!$P$84 -> 14 | Q31: =TAKVİM!$Q$84 -> 21 | R31: =TAKVİM!$R$84 -> 28 | S31: =TAKVİM!$S$84 | T31: =TAKVİM!$T$84 | U31: =TAKVİM!$U$84 -> 5 | V31: =TAKVİM!$V$84 -> 12 | W31: =TAKVİM!$W$84 -> 19 | X31: =TAKVİM!$X$84 -> 26 | Y31: =TAKVİM!$Y$84 | Z31: =TAKVİM!$Z$84 -> 2 | AA31: =TAKVİM!$AA$84 -> 9 | AB31: =TAKVİM!$AB$84 -> 16 | AC31: =TAKVİM!$AC$84 -> 23 | AD31: =TAKVİM!$AD$84 -> 30 | AE31: =TAKVİM!$AE$84
A32: =TAKVİM!$A$85 -> Perşembe | B32: =TAKVİM!$B$85 -> 4 | C32: =TAKVİM!$C$85 -> 11 | D32: =TAKVİM!$D$85 -> 18 | E32: =TAKVİM!$E$85 -> 25 | F32: =TAKVİM!$F$85 | G32: =TAKVİM!$G$85 | H32: =TAKVİM!$H$85 -> 4 | I32: =TAKVİM!$I$85 -> 11 | J32: =TAKVİM!$J$85 -> 18 | K32: =TAKVİM!$K$85 -> 25 | L32: =TAKVİM!$L$85 | M32: =TAKVİM!$M$85 | N32: =TAKVİM!$N$85 -> 1 | O32: =TAKVİM!$O$85 -> 8 | P32: =TAKVİM!$P$85 -> 15 | Q32: =TAKVİM!$Q$85 -> 22 | R32: =TAKVİM!$R$85 -> 29 | S32: =TAKVİM!$S$85 | T32: =TAKVİM!$T$85 | U32: =TAKVİM!$U$85 -> 6 | V32: =TAKVİM!$V$85 -> 13 | W32: =TAKVİM!$W$85 -> 20 | X32: =TAKVİM!$X$85 -> 27 | Y32: =TAKVİM!$Y$85 | Z32: =TAKVİM!$Z$85 -> 3 | AA32: =TAKVİM!$AA$85 -> 10 | AB32: =TAKVİM!$AB$85 -> 17 | AC32: =TAKVİM!$AC$85 -> 24 | AD32: =TAKVİM!$AD$85 | AE32: =TAKVİM!$AE$85
A33: =TAKVİM!$A$86 -> Cuma | B33: =TAKVİM!$B$86 -> 5 | C33: =TAKVİM!$C$86 -> 12 | D33: =TAKVİM!$D$86 -> 19 | E33: =TAKVİM!$E$86 -> 26 | F33: =TAKVİM!$F$86 | G33: =TAKVİM!$G$86 | H33: =TAKVİM!$H$86 -> 5 | I33: =TAKVİM!$I$86 -> 12 | J33: =TAKVİM!$J$86 -> 19 | K33: =TAKVİM!$K$86 -> 26 | L33: =TAKVİM!$L$86 | M33: =TAKVİM!$M$86 | N33: =TAKVİM!$N$86 -> 2 | O33: =TAKVİM!$O$86 -> 9 | P33: =TAKVİM!$P$86 -> 16 | Q33: =TAKVİM!$Q$86 -> 23 | R33: =TAKVİM!$R$86 -> 30 | S33: =TAKVİM!$S$86 | T33: =TAKVİM!$T$86 | U33: =TAKVİM!$U$86 -> 7 | V33: =TAKVİM!$V$86 -> 14 | W33: =TAKVİM!$W$86 -> 21 | X33: =TAKVİM!$X$86 -> 28 | Y33: =TAKVİM!$Y$86 | Z33: =TAKVİM!$Z$86 -> 4 | AA33: =TAKVİM!$AA$86 -> 11 | AB33: =TAKVİM!$AB$86 -> 18 | AC33: =TAKVİM!$AC$86 -> 25 | AD33: =TAKVİM!$AD$86 | AE33: =TAKVİM!$AE$86
A34: =TAKVİM!$A$87 -> Cumartesi | B34: =TAKVİM!$B$87 -> 6 | C34: =TAKVİM!$C$87 -> 13 | D34: =TAKVİM!$D$87 -> 20 | E34: =TAKVİM!$E$87 -> 27 | F34: =TAKVİM!$F$87 | G34: =TAKVİM!$G$87 | H34: =TAKVİM!$H$87 -> 6 | I34: =TAKVİM!$I$87 -> 13 | J34: =TAKVİM!$J$87 -> 20 | K34: =TAKVİM!$K$87 -> 27 | L34: =TAKVİM!$L$87 | M34: =TAKVİM!$M$87 | N34: =TAKVİM!$N$87 -> 3 | O34: =TAKVİM!$O$87 -> 10 | P34: =TAKVİM!$P$87 -> 17 | Q34: =TAKVİM!$Q$87 -> 24 | R34: =TAKVİM!$R$87 | S34: =TAKVİM!$S$87 | T34: =TAKVİM!$T$87 -> 1 | U34: =TAKVİM!$U$87 -> 8 | V34: =TAKVİM!$V$87 -> 15 | W34: =TAKVİM!$W$87 -> 22 | X34: =TAKVİM!$X$87 -> 29 | Y34: =TAKVİM!$Y$87 | Z34: =TAKVİM!$Z$87 -> 5 | AA34: =TAKVİM!$AA$87 -> 12 | AB34: =TAKVİM!$AB$87 -> 19 | AC34: =TAKVİM!$AC$87 -> 26 | AD34: =TAKVİM!$AD$87 | AE34: =TAKVİM!$AE$87
A35: =TAKVİM!$A$88 -> Pazar | B35: =TAKVİM!$B$88 -> 7 | C35: =TAKVİM!$C$88 -> 14 | D35: =TAKVİM!$D$88 -> 21 | E35: =TAKVİM!$E$88 -> 28 | F35: =TAKVİM!$F$88 | G35: =TAKVİM!$G$88 | H35: =TAKVİM!$H$88 -> 7 | I35: =TAKVİM!$I$88 -> 14 | J35: =TAKVİM!$J$88 -> 21 | K35: =TAKVİM!$K$88 -> 28 | L35: =TAKVİM!$L$88 | M35: =TAKVİM!$M$88 | N35: =TAKVİM!$N$88 -> 4 | O35: =TAKVİM!$O$88 -> 11 | P35: =TAKVİM!$P$88 -> 18 | Q35: =TAKVİM!$Q$88 -> 25 | R35: =TAKVİM!$R$88 | S35: =TAKVİM!$S$88 | T35: =TAKVİM!$T$88 -> 2 | U35: =TAKVİM!$U$88 -> 9 | V35: =TAKVİM!$V$88 -> 16 | W35: =TAKVİM!$W$88 -> 23 | X35: =TAKVİM!$X$88 -> 30 | Y35: =TAKVİM!$Y$88 | Z35: =TAKVİM!$Z$88 -> 6 | AA35: =TAKVİM!$AA$88 -> 13 | AB35: =TAKVİM!$AB$88 -> 20 | AC35: =TAKVİM!$AC$88 -> 27 | AD35: =TAKVİM!$AD$88 | AE35: =TAKVİM!$AE$88
A37: TARİH | D37: KAZANIMLAR | L37: KONULAR | R37: ÖĞRENME-ÖĞRETME YÖNTEM VE TEKNİKLERİ | W37: KULLANILAN EĞİTİM TEKNOLOJİLERİ, ARAÇ VE GEREÇLER | AD37: DEĞERLENDİRME
A38: =TAKVİM!$B$29 -> 14-18 Eylül | D38: 1. Teknik resim kurallarına (TS EN ISO standartlarına) uygun olarak eğik ve dik standart yazı yazar. • Teknik resmin endüstrideki önemi üzerinde durulur. • Teknik resim araç gereçleri ve çizim kâğıtları üzerinde durulur. | L38: GEOMETRİK ÇİZİMLER 1. Eğik ve Dik Standart Yazı | R38: Gösteri, Soru-Cevap, Bireyselleştirilmiş Öğretim, Temrin Çalışmaları | W38: Teknik Resim Atölyesi, çizim masası, gönye, T cetveli, daire şablonu, akıllı tahta
A39: =TAKVİM!$B$30 -> 21-25 Eylül | D39: 1. Teknik resim kurallarına (TS EN ISO standartlarına) uygun olarak eğik ve dik standart yazı yazar. • Standart yazı ve norm yazı örnekleri verilir. • Norm yazı temrinleri verilir. | L39: 1. Eğik ve Dik Standart Yazı | R39: Gösteri, Soru-Cevap, Bireyselleştirilmiş Öğretim, Temrin Çalışmaları | W39: Teknik Resim Atölyesi, çizim masası, gönye, T cetveli, daire şablonu, akıllı tahta
A40: =TAKVİM!$B$31 -> 28 Eylül - 02 Ekim | D40: 1. Teknik resim kurallarına (TS EN ISO standartlarına) uygun olarak eğik ve dik standart yazı yazar. • Standart yazı ve norm yazı örnekleri verilir. • Norm yazı temrinleri verilir. | L40: 1. Eğik ve Dik Standart Yazı | R40: Gösteri, Soru-Cevap, Bireyselleştirilmiş Öğretim, Temrin Çalışmaları | W40: Teknik Resim Atölyesi, çizim masası, gönye, T cetveli, daire şablonu, akıllı tahta
A41: =TAKVİM!$B$32 -> 05-09 Ekim | D41: 2. Teknik resim kurallarına uygun olarak serbest elle ve çizim takımlarıyla çizgi çalışmaları yapar. • Çizgi çeşitleri ve çizgi kalınlıkları üzerinde durulur. • Çizgi çeşitlerinin kullanım alanları ile ilgili örnekler verilir. • Çizgi çalışması temrinleri verilir. | L41: 2. Çizgi Çalışmaları | R41: Gösteri, Soru-Cevap, Bireyselleştirilmiş Öğretim, Temrin Çalışmaları | W41: Teknik Resim Atölyesi, çizim masası, gönye, T cetveli, daire şablonu, akıllı tahta
A42: =TAKVİM!$B$33 -> 12-16 Ekim | D42: 2. Teknik resim kurallarına uygun olarak serbest elle ve çizim takımlarıyla çizgi çalışmaları yapar. • Çizgi çeşitleri ve çizgi kalınlıkları üzerinde durulur. • Çizgi çeşitlerinin kullanım alanları ile ilgili örnekler verilir. • Çizgi çalışması temrinleri verilir. | L42: 2. Çizgi Çalışmaları | R42: Gösteri, Soru-Cevap, Bireyselleştirilmiş Öğretim, Temrin Çalışmaları | W42: Teknik Resim Atölyesi, çizim masası, gönye, T cetveli, daire şablonu, akıllı tahta
A43: =TAKVİM!$B$34 -> 19-23 Ekim | D43: 3. Teknik resim kurallarına uygun olarak geometrik şekiller çizer. • Teknik resimde açı, paralellik ve diklik kavramları üzerinde durulur. • Çember ve teğet doğrular üzerinde durulur. • Teğet çizim örnekleri verilir. | L43: 3. Geometrik Şekiller | R43: Gösteri, Soru-Cevap, Bireyselleştirilmiş Öğretim, Temrin Çalışmaları | W43: Teknik Resim Atölyesi, çizim masası, gönye, T cetveli, daire şablonu, akıllı tahta
A44: =TAKVİM!$B$35 -> 26-30 Ekim | D44: 3. Teknik resim kurallarına uygun olarak geometrik şekiller çizer. • Çokgen çizim yöntemleri üzerinde durulur. • Açılı çizimler, çember ve teğet çizimleri, çokgen çizim temrinleri verilir. 29 EKİM Cumhuriyet Bayramı | L44: 3. Geometrik Şekiller | R44: Gösteri, Soru-Cevap, Bireyselleştirilmiş Öğretim, Temrin Çalışmaları | W44: Teknik Resim Atölyesi, çizim masası, gönye, T cetveli, daire şablonu, akıllı tahta
A45: =TAKVİM!$B$36 -> 02-06 Kasım | D45: 3. Teknik resim kurallarına uygun olarak geometrik şekiller çizer. • Çokgen çizim örnekleri verilir. • Açılı çizimler, çember ve teğet çizimleri, çokgen çizim temrinleri verilir. | L45: 3. Geometrik Şekiller | R45: Gösteri, Soru-Cevap, Bireyselleştirilmiş Öğretim, Temrin Çalışmaları | W45: Teknik Resim Atölyesi, çizim masası, gönye, T cetveli, daire şablonu, akıllı tahta
A46: =TAKVİM!$B$37 -> 09-13 Kasım | D46: 3. Teknik resim kurallarına uygun olarak geometrik şekiller çizer. • Çokgen çizim örnekleri verilir. • Açılı çizimler, çember ve teğet çizimleri, çokgen çizim temrinleri verilir. 10 KASIM Atatürk'ü Anma Günü ve Atatürk Haftası | L46: 3. Geometrik Şekiller | R46: Gösteri, Soru-Cevap, Bireyselleştirilmiş Öğretim, Temrin Çalışmaları | W46: Teknik Resim Atölyesi, çizim masası, gönye, T cetveli, daire şablonu, akıllı tahta
A47: =TAKVİM!$B$38 -> 16-20 Kasım | D47: =TAKVİM!$D$38 -> 1.DÖNEM ARA TATİL
A48: =TAKVİM!$B$39 -> 23-27 Kasım | D48: 1. Teknik resim kurallarına uygun olarak serbest elle ve çizim takımlarıyla çeşitli iş parçalarına ait görünüşleri çizer. • İzdüşüm ve görünüş çeşitleri üzerinde durulur. • Görünüş sayısı, yardımcı, detay ve özel görünüş belirleme üzerinde durulur. | L48: GÖRÜNÜŞ ÇIKARMA 1. Teknik Resim Görünüşler | R48: Gösteri, Soru-Cevap, Bireyselleştirilmiş Öğretim, Temrin Çalışmaları | W48: Teknik Resim Atölyesi, çizim masası, gönye, T cetveli, daire şablonu, akıllı tahta
A49: =TAKVİM!$B$40 -> 30 Kasım - 04 Aralık | D49: 1. Teknik resim kurallarına uygun olarak serbest elle ve çizim takımlarıyla çeşitli iş parçalarına ait görünüşleri çizer. • Dik izdüşüm örnekleri ve temrinleri verilir. • Tek görünüşün yeterli olduğu temrinler verilir. | L49: 1. Teknik Resim Görünüşler | R49: Gösteri, Soru-Cevap, Bireyselleştirilmiş Öğretim, Temrin Çalışmaları | W49: Teknik Resim Atölyesi, çizim masası, gönye, T cetveli, daire şablonu, akıllı tahta
A50: =TAKVİM!$B$41 -> 07-11 Aralık | D50: 1. Teknik resim kurallarına uygun olarak serbest elle ve çizim takımlarıyla çeşitli iş parçalarına ait görünüşleri çizer. • İki veya daha fazla görünüş isteyen temrinler verilir. | L50: 1. Teknik Resim Görünüşler | R50: Gösteri, Soru-Cevap, Bireyselleştirilmiş Öğretim, Temrin Çalışmaları | W50: Teknik Resim Atölyesi, çizim masası, gönye, T cetveli, daire şablonu, akıllı tahta
A51: =TAKVİM!$B$42 -> 14-18 Aralık | D51: 1. Teknik resim kurallarına uygun olarak serbest elle ve çizim takımlarıyla çeşitli iş parçalarına ait görünüşleri çizer. • Yardımcı, detay ve özel görünüş temrinleri verilir. | L51: 1. Teknik Resim Görünüşler | R51: Gösteri, Soru-Cevap, Bireyselleştirilmiş Öğretim, Temrin Çalışmaları | W51: Teknik Resim Atölyesi, çizim masası, gönye, T cetveli, daire şablonu, akıllı tahta
A52: =TAKVİM!$B$43 -> 21-25 Aralık | D52: 1. Teknik resim kurallarına uygun olarak serbest elle ve çizim takımlarıyla çeşitli iş parçalarına ait görünüşleri çizer. • Yardımcı, detay ve özel görünüş temrinleri verilir. | L52: 1. Teknik Resim Görünüşler | R52: Gösteri, Soru-Cevap, Bireyselleştirilmiş Öğretim, Temrin Çalışmaları | W52: Teknik Resim Atölyesi, çizim masası, gönye, T cetveli, daire şablonu, akıllı tahta
A53: =TAKVİM!$B$44 -> 28 Aralık - 01 Ocak | D53: 2. Teknik resim kurallarına uygun olarak serbest elle ve çizim takımlarıyla çeşitli iş parçalarına ait kesit görünüşleri çizer. • Kesit alma ve kesit görünüş almanın gerekliliği üzerinde durulur. • Kesit görünüş çeşitleri ve kesit görünüş almada uyulacak çizim kuralları üzerinde durulur. | L53: 2. Kesit Görünüşler | R53: Gösteri, Soru-Cevap, Bireyselleştirilmiş Öğretim, Temrin Çalışmaları | W53: Teknik Resim Atölyesi, çizim masası, gönye, T cetveli, daire şablonu, akıllı tahta
A54: =TAKVİM!$B$45 -> 04-08 Ocak | D54: 2. Teknik resim kurallarına uygun olarak serbest elle ve çizim takımlarıyla çeşitli iş parçalarına ait kesit görünüşleri çizer. • Parçanın özelliğine uygun türde kesit alma örnekleri ve temrinleri verilir. | L54: 2. Kesit Görünüşler | R54: Gösteri, Soru-Cevap, Bireyselleştirilmiş Öğretim, Temrin Çalışmaları | W54: Teknik Resim Atölyesi, çizim masası, gönye, T cetveli, daire şablonu, akıllı tahta
A55: =TAKVİM!$B$46 -> 11-15 Ocak | D55: 2. Teknik resim kurallarına uygun olarak serbest elle ve çizim takımlarıyla çeşitli iş parçalarına ait kesit görünüşleri çizer. • Kesit elemanlarını çizim kurallarına göre görünüşler üzerinde gösterme örnekleri verilir. | L55: 2. Kesit Görünüşler | R55: Gösteri, Soru-Cevap, Bireyselleştirilmiş Öğretim, Temrin Çalışmaları | W55: Teknik Resim Atölyesi, çizim masası, gönye, T cetveli, daire şablonu, akıllı tahta
A56: =TAKVİM!$B$47 -> 18-22 Ocak | D56: 2. Teknik resim kurallarına uygun olarak serbest elle ve çizim takımlarıyla çeşitli iş parçalarına ait kesit görünüşleri çizer. • Kesit elemanlarını çizim kurallarına göre görünüşler üzerinde gösterme örnekleri verilir. | L56: 2. Kesit Görünüşler | R56: Gösteri, Soru-Cevap, Bireyselleştirilmiş Öğretim, Temrin Çalışmaları | W56: Teknik Resim Atölyesi, çizim masası, gönye, T cetveli, daire şablonu, akıllı tahta
A57: =TAKVİM!$B$48 -> 25-29 Ocak | D57: =TAKVİM!$D$48 -> YARI YIL TATİLİ
A58: =TAKVİM!$B$49 -> 08-12 Şubat | D58: 1. Teknik resim kurallarına uygun olarak resmini çizdiği iş parçalarının ölçülendirme işlemini yapar. • Ölçülendirme işlemi, doğru ölçülendirmenin önemi üzerinde durulur. • Ölçülendirme sistemleri, çeşitleri ve yöntemleri üzerinde durulur. | L58: ÖLÇÜLENDİRME VE YÜZEY İŞLEMLERİ 1. Ölçülendirme | R58: Gösteri, Soru-Cevap, Bireyselleştirilmiş Öğretim, Temrin Çalışmaları | W58: Teknik Resim Atölyesi, çizim masası, gönye, T cetveli, daire şablonu, akıllı tahta
A59: =TAKVİM!$B$50 -> 15-19 Şubat | D59: 1. Teknik resim kurallarına uygun olarak resmini çizdiği iş parçalarının ölçülendirme işlemini yapar. • Ölçek türleri ve ölçeklendirme oranlarına örnekler verilir. • Ölçülendirme ve ölçeklendirme temrinleri verilir. | L59: 1. Ölçülendirme | R59: Gösteri, Soru-Cevap, Bireyselleştirilmiş Öğretim, Temrin Çalışmaları | W59: Teknik Resim Atölyesi, çizim masası, gönye, T cetveli, daire şablonu, akıllı tahta
A60: =TAKVİM!$B$51 -> 22-26 Şubat | D60: 1. Teknik resim kurallarına uygun olarak resmini çizdiği iş parçalarının ölçülendirme işlemini yapar. • Ölçülendirme ve ölçeklendirme temrinleri verilir. | L60: 1. Ölçülendirme | R60: Gösteri, Soru-Cevap, Bireyselleştirilmiş Öğretim, Temrin Çalışmaları | W60: Teknik Resim Atölyesi, çizim masası, gönye, T cetveli, daire şablonu, akıllı tahta
A61: =TAKVİM!$B$52 -> 01-05 Mart | D61: 1. Teknik resim kurallarına uygun olarak resmini çizdiği iş parçalarının ölçülendirme işlemini yapar. • Ölçülendirme ve ölçeklendirme temrinleri verilir. | L61: 1. Ölçülendirme | R61: Gösteri, Soru-Cevap, Bireyselleştirilmiş Öğretim, Temrin Çalışmaları | W61: Teknik Resim Atölyesi, çizim masası, gönye, T cetveli, daire şablonu, akıllı tahta
A62: =TAKVİM!$B$53 -> 08-12 Mart | D62: =TAKVİM!$D$53 -> 2. DÖNEM ARA TATİL
A63: =TAKVİM!$B$54 -> 15-19 Mart | D63: 2. Teknik resim kurallarına uygun olarak resmini çizdiği iş parçalarına ait yüzey pürüzlülük değerlerini uygun sembolleri kullanarak resim üzerinde gösterir. • İmalatta yüzey pürüzlülüğü, yüzey kalite çeşitleri ve yüzey pürüzlülük değerinin ölçülme yöntemleri üzerinde durulur. • Yüzey kalite sembolündeki değer ve işaretler ile ilgili temrinler verilir. | L63: 2. Yüzey Pürüzlülük İşlemleri | R63: Gösteri, Soru-Cevap, Bireyselleştirilmiş Öğretim, Temrin Çalışmaları | W63: Teknik Resim Atölyesi, çizim masası, gönye, T cetveli, daire şablonu, akıllı tahta
A64: =TAKVİM!$B$55 -> 22-26 Mart | D64: 2. Teknik resim kurallarına uygun olarak resmini çizdiği iş parçalarına ait yüzey pürüzlülük değerlerini uygun sembolleri kullanarak resim üzerinde gösterir. • Yüzey kalite sembolündeki değer ve işaretler ile ilgili temrinler verilir. | L64: 2. Yüzey Pürüzlülük İşlemleri | R64: Gösteri, Soru-Cevap, Bireyselleştirilmiş Öğretim, Temrin Çalışmaları | W64: Teknik Resim Atölyesi, çizim masası, gönye, T cetveli, daire şablonu, akıllı tahta
A65: =TAKVİM!$B$56 -> 29 Mart - 02 Nisan | D65: 3. Teknik resim kurallarına uygun olarak resmini çizdiği iş parçalarına ait tolerans değerlerini uygun sembolleri kullanarak resim üzerinde gösterir. • İmalatta tolerans kavramı, tolerans türleri, önemi üzerinde durulur. • Boyut toleranslarına örnekler verilir. | L65: 3. Tolerans İşlemleri | R65: Gösteri, Soru-Cevap, Bireyselleştirilmiş Öğretim, Temrin Çalışmaları | W65: Teknik Resim Atölyesi, çizim masası, gönye, T cetveli, daire şablonu, akıllı tahta
A66: =TAKVİM!$B$57 -> 05-09 Nisan | D66: 3. Teknik resim kurallarına uygun olarak resmini çizdiği iş parçalarına ait tolerans değerlerini uygun sembolleri kullanarak resim üzerinde gösterir. • Şekil ve konum toleranslarına örnekler verilir. • Tolerans çizelgelerine örnekler verilir. • Tolerans temrinleri verilir. | L66: 3. Tolerans İşlemleri | R66: Gösteri, Soru-Cevap, Bireyselleştirilmiş Öğretim, Temrin Çalışmaları | W66: Teknik Resim Atölyesi, çizim masası, gönye, T cetveli, daire şablonu, akıllı tahta
A67: =TAKVİM!$B$58 -> 12-16 Nisan | D67: 1. Teknik resim kurallarına uygun olarak standart resim kâğıtlarına çeşitli iş parçalarının kroki resimlerini çizer. • İmalatta kroki resmi, kroki çizmenin önemi üzerinde durulur. • Kroki çiziminde işlem sırası üzerinde durulur. | L67: KROKİ, PERSPEKTİF VE YAPIM RESMİ 1. Kroki Çizimi | R67: Gösteri, Soru-Cevap, Bireyselleştirilmiş Öğretim, Temrin Çalışmaları | W67: Teknik Resim Atölyesi, çizim masası, gönye, T cetveli, daire şablonu, akıllı tahta
A68: =TAKVİM!$B$59 -> 19-23 Nisan | D68: 1. Teknik resim kurallarına uygun olarak standart resim kâğıtlarına çeşitli iş parçalarının kroki resimlerini çizer. • Makine parçalarında kroki çizme temrinleri verilir. 23 NİSAN Ulusal Egemenlik ve Çocuk Bayramı | L68: 1. Kroki Çizimi | R68: Gösteri, Soru-Cevap, Bireyselleştirilmiş Öğretim, Temrin Çalışmaları | W68: Teknik Resim Atölyesi, çizim masası, gönye, T cetveli, daire şablonu, akıllı tahta
A69: =TAKVİM!$B$60 -> 26-30 Nisan | D69: 1. Teknik resim kurallarına uygun olarak standart resim kâğıtlarına çeşitli iş parçalarının kroki resimlerini çizer. • Makine parçalarında kroki çizme temrinleri verilir. | L69: 1. Kroki Çizimi | R69: Gösteri, Soru-Cevap, Bireyselleştirilmiş Öğretim, Temrin Çalışmaları | W69: Teknik Resim Atölyesi, çizim masası, gönye, T cetveli, daire şablonu, akıllı tahta
A70: =TAKVİM!$B$61 -> 03-07 Mayıs | D70: 2. Teknik resim kurallarına uygun olarak standart resim kâğıtlarına çeşitli iş parçalarının perspektif resimlerini çizer. • Perspektif kavramı, perspektif çizmenin önemi üzerinde durulur. • Perspektif resim türleri ve perspektif resim özellikleri üzerinde durulur. | L70: 2. Perspektif Çizimi | R70: Gösteri, Soru-Cevap, Bireyselleştirilmiş Öğretim, Temrin Çalışmaları | W70: Teknik Resim Atölyesi, çizim masası, gönye, T cetveli, daire şablonu, akıllı tahta
A71: =TAKVİM!$B$62 -> 10-14 Mayıs | D71: 2. Teknik resim kurallarına uygun olarak standart resim kâğıtlarına çeşitli iş parçalarının perspektif resimlerini çizer. • İzometrik, eğik ve merkezi perspektif üzerinde durulur. • İmalatta kullanılan perspektif temrinleri verilir. 19 MAYIS Atatürk'ü Anma Gençlik ve Spor Bayramı | L71: 2. Perspektif Çizimi | R71: Gösteri, Soru-Cevap, Bireyselleştirilmiş Öğretim, Temrin Çalışmaları | W71: Teknik Resim Atölyesi, çizim masası, gönye, T cetveli, daire şablonu, akıllı tahta
A72: =TAKVİM!$B$63 -> 17-21 Mayıs | D72: 2. Teknik resim kurallarına uygun olarak standart resim kâğıtlarına çeşitli iş parçalarının perspektif resimlerini çizer. • İmalatta kullanılan perspektif temrinleri verilir. | L72: 2. Perspektif Çizimi | R72: Gösteri, Soru-Cevap, Bireyselleştirilmiş Öğretim, Temrin Çalışmaları | W72: Teknik Resim Atölyesi, çizim masası, gönye, T cetveli, daire şablonu, akıllı tahta
A73: =TAKVİM!$B$64 -> 24-28 Mayıs | D73: 3. Teknik resim kurallarına uygun olarak standart resim kâğıtlarına çeşitli iş parçalarının imalat resimlerini çizer. • İmalat resmi, imalat resminin özellikleri üzerinde durulur. • İmalat resim ölçeği, görünüş sayısı, kesit ve detaylarla ilgili örnekler verilir. | L73: 3. İmalat Resmi Çizimi | R73: Gösteri, Soru-Cevap, Bireyselleştirilmiş Öğretim, Temrin Çalışmaları | W73: Teknik Resim Atölyesi, çizim masası, gönye, T cetveli, daire şablonu, akıllı tahta
A74: =TAKVİM!$B$65 -> 31 Mayıs - 04 Haziran | D74: 3. Teknik resim kurallarına uygun olarak standart resim kâğıtlarına çeşitli iş parçalarının imalat resimlerini çizer. • İmalat resim temrinleri verilir. | L74: 3. İmalat Resmi Çizimi | R74: Gösteri, Soru-Cevap, Bireyselleştirilmiş Öğretim, Temrin Çalışmaları | W74: Teknik Resim Atölyesi, çizim masası, gönye, T cetveli, daire şablonu, akıllı tahta
A75: =TAKVİM!$B$66 -> 07-11 Haziran | D75: 3. Teknik resim kurallarına uygun olarak standart resim kâğıtlarına çeşitli iş parçalarının imalat resimlerini çizer. • İmalat resim temrinleri verilir. | L75: 3. İmalat Resmi Çizimi | R75: Gösteri, Soru-Cevap, Bireyselleştirilmiş Öğretim, Temrin Çalışmaları | W75: Teknik Resim Atölyesi, çizim masası, gönye, T cetveli, daire şablonu, akıllı tahta
A76: =TAKVİM!$B$67 -> 14-18 Haziran | D76: 3. Teknik resim kurallarına uygun olarak standart resim kâğıtlarına çeşitli iş parçalarının imalat resimlerini çizer. • İmalat resim temrinleri verilir. | L76: 3. İmalat Resmi Çizimi | R76: Gösteri, Soru-Cevap, Bireyselleştirilmiş Öğretim, Temrin Çalışmaları | W76: Teknik Resim Atölyesi, çizim masası, gönye, T cetveli, daire şablonu, akıllı tahta
A77: =TAKVİM!$B$68 -> 21-25 Haziran | D77: 3. Teknik resim kurallarına uygun olarak standart resim kâğıtlarına çeşitli iş parçalarının imalat resimlerini çizer. • İmalat resim temrinleri verilir. | L77: 3. İmalat Resmi Çizimi | R77: Gösteri, Soru-Cevap, Bireyselleştirilmiş Öğretim, Temrin Çalışmaları | W77: Teknik Resim Atölyesi, çizim masası, gönye, T cetveli, daire şablonu, akıllı tahta
A81: Seyit Ömer ŞEKER | L81: Arzu KIRICI | V81: Gökhan ARSLAN
A82: Makine ve Tasarım Teknolojisi | L82: Makine ve Tasarım Teknolojisi | V82: Makine ve Tasarım Teknolojisi
A83: Alan Öğretmeni | L83: Laboratuvar Şefi | V83: İmalat Yöntemleri Atölye Şefi
A85: Şerif YETİM | L85: Ali Osman KOÇ | V85: Levent ERGİN
A86: Makine ve Tasarım Teknolojisi | L86: Makine ve Tasarım Teknolojisi | V86: Makine ve Tasarım Teknolojisi
A87: İmalat İşlemleri Atölye Şefi | L87: Alan Şefi | V87: Teknik Müdür Yardımcısı
A90: …./09/2026
A91: UYGUNDUR
A92: AHMET AÇAR
A93: OKUL MÜDÜRÜ

Sheet ÖLÇME VE KONTROL AMP 10-A
H1: YILLIK DERS PLANI
A3: EĞİTİM-ÖĞRETİM YILI | G3: =TAKVİM!$B$4 -> 2026-2027 Eğitim-Öğretim Yılı | P3: OKUL | U3: =TAKVİM!$B$3 -> Soma Mesleki ve Teknik Anadolu Lisesi
A4: DERS | G4: : ÖLÇME VE KONTROL | P4: ALAN/DAL | U4: : Makine ve Tasarım Teknolojisi Alanı / Makine Bakım Onarım
A5: DERS SAATİ | G5: : 2 SAAT | P5: SINIF | U5: : AMP 10-A
A7: 1.DÖNEM SINAV TARİHLERİ | P7: 2.DÖNEM SINAV TARİHLERİ
A8: 1.Dönem 1.Sınav Tarihi | G8: =TAKVİM!$B$7 -> 13.11.2026 | P8: 2.Dönem 1.Sınav Tarihi | U8: =TAKVİM!$B$9 -> 19.03.2027
A9: 1.Dönem 2.Sınav Tarihi | G9: =TAKVİM!$B$8 -> 08.01.2027 | P9: 2.Dönem 2.Sınav Tarihi | U9: =TAKVİM!$B$10 -> 14.05.2027
A11: 1.DÖNEM ÖNEMLİ GÜN VE HAFTALAR | P11: 2.DÖNEM ÖNEMLİ GÜN VE HAFTALAR
A12: 1.Yarıyıl Başlangıcı | G12: =TAKVİM!$B$13 -> 2026-09-14 00:00:00 | P12: 2.Yarıyıl Başlangıcı | U12: =TAKVİM!$B$14 -> 2027-02-08 00:00:00
A13: Cumhuriyet Bayramı | G13: =TAKVİM!$B$15 -> 29.10.2026 | P13: 2. Dönem Ara Tatil | U13: =TAKVİM!$B$19 -> 08-12 Mart
A14: Atatürk'ü Anma Günü ve Atatürk Haftası | G14: =TAKVİM!$B$17 -> 10.11.2026 | P14: 23 Nisan Ulusal Egemenlik ve Çocuk Bayramı | U14: =TAKVİM!$B$18 -> 23.04.2027
A15: 1. Dönem Ara Tatil | G15: =TAKVİM!$B$16 -> 16-20 Kasım | P15: 19 Mayıs Atatürk'ü Anma Gençlik ve Spor Bayramı | U15: =TAKVİM!$B$20 -> 19.05.2027
A16: Yılbaşı Tatili | G16: =TAKVİM!$B$21 -> 01.01.2027 | P16: Ramazan Bayramı | U16: =TAKVİM!$B$22 -> 20.03.2027
A17: Yarıyıl Tatili | G17: =TAKVİM!$B$23 -> 25 OCAK - 05 ŞUBAT 2027 | P17: Eğitim-Öğretim Yılının Sonu | U17: =TAKVİM!$B$24 -> 25.06.2027
A19: 2026-2027 EĞİTİM-ÖĞRETİM YILI İŞGÜNÜ TAKVİMİ
A20: =TAKVİM!$A$73 -> Günler | B20: =TAKVİM!$B$73 -> Eylül 2026 | H20: =TAKVİM!$H$73 -> Ekim 2026 | N20: =TAKVİM!$N$73 -> Kasım 2026 | T20: =TAKVİM!$T$73 -> Aralık 2026 | Z20: =TAKVİM!$Z$73 -> Ocak 2027
A21: =TAKVİM!$A$74 -> Pazartesi | B21: =TAKVİM!$B$74 | C21: =TAKVİM!$C$74 -> 7 | D21: =TAKVİM!$D$74 -> 14 | E21: =TAKVİM!$E$74 -> 21 | F21: =TAKVİM!$F$74 -> 28 | G21: =TAKVİM!$G$74 | H21: =TAKVİM!$H$74 | I21: =TAKVİM!$I$74 -> 5 | J21: =TAKVİM!$J$74 -> 12 | K21: =TAKVİM!$K$74 -> 19 | L21: =TAKVİM!$L$74 -> 26 | M21: =TAKVİM!$M$74 | N21: =TAKVİM!$N$74 | O21: =TAKVİM!$O$74 -> 2 | P21: =TAKVİM!$P$74 -> 9 | Q21: =TAKVİM!$Q$74 -> 16 | R21: =TAKVİM!$R$74 -> 23 | S21: =TAKVİM!$S$74 -> 30 | T21: =TAKVİM!$T$74 | U21: =TAKVİM!$U$74 -> 7 | V21: =TAKVİM!$V$74 -> 14 | W21: =TAKVİM!$W$74 -> 21 | X21: =TAKVİM!$X$74 -> 28 | Y21: =TAKVİM!$Y$74 | Z21: =TAKVİM!$Z$74 | AA21: =TAKVİM!$AA$74 -> 4 | AB21: =TAKVİM!$AB$74 -> 11 | AC21: =TAKVİM!$AC$74 -> 18 | AD21: =TAKVİM!$AD$74 -> 25 | AE21: =TAKVİM!$AE$74
A22: =TAKVİM!$A$75 -> Salı | B22: =TAKVİM!$B$75 -> 1 | C22: =TAKVİM!$C$75 -> 8 | D22: =TAKVİM!$D$75 -> 15 | E22: =TAKVİM!$E$75 -> 22 | F22: =TAKVİM!$F$75 -> 29 | G22: =TAKVİM!$G$75 | H22: =TAKVİM!$H$75 | I22: =TAKVİM!$I$75 -> 6 | J22: =TAKVİM!$J$75 -> 13 | K22: =TAKVİM!$K$75 -> 20 | L22: =TAKVİM!$L$75 -> 27 | M22: =TAKVİM!$M$75 | N22: =TAKVİM!$N$75 | O22: =TAKVİM!$O$75 -> 3 | P22: =TAKVİM!$P$75 -> 10 | Q22: =TAKVİM!$Q$75 -> 17 | R22: =TAKVİM!$R$75 -> 24 | S22: =TAKVİM!$S$75 | T22: =TAKVİM!$T$75 -> 1 | U22: =TAKVİM!$U$75 -> 8 | V22: =TAKVİM!$V$75 -> 15 | W22: =TAKVİM!$W$75 -> 22 | X22: =TAKVİM!$X$75 -> 29 | Y22: =TAKVİM!$Y$75 | Z22: =TAKVİM!$Z$75 | AA22: =TAKVİM!$AA$75 -> 5 | AB22: =TAKVİM!$AB$75 -> 12 | AC22: =TAKVİM!$AC$75 -> 19 | AD22: =TAKVİM!$AD$75 -> 26 | AE22: =TAKVİM!$AE$75
A23: =TAKVİM!$A$76 -> Çarşamba | B23: =TAKVİM!$B$76 -> 2 | C23: =TAKVİM!$C$76 -> 9 | D23: =TAKVİM!$D$76 -> 16 | E23: =TAKVİM!$E$76 -> 23 | F23: =TAKVİM!$F$76 -> 30 | G23: =TAKVİM!$G$76 | H23: =TAKVİM!$H$76 | I23: =TAKVİM!$I$76 -> 7 | J23: =TAKVİM!$J$76 -> 14 | K23: =TAKVİM!$K$76 -> 21 | L23: =TAKVİM!$L$76 -> 28 | M23: =TAKVİM!$M$76 | N23: =TAKVİM!$N$76 | O23: =TAKVİM!$O$76 -> 4 | P23: =TAKVİM!$P$76 -> 11 | Q23: =TAKVİM!$Q$76 -> 18 | R23: =TAKVİM!$R$76 -> 25 | S23: =TAKVİM!$S$76 | T23: =TAKVİM!$T$76 -> 2 | U23: =TAKVİM!$U$76 -> 9 | V23: =TAKVİM!$V$76 -> 16 | W23: =TAKVİM!$W$76 -> 23 | X23: =TAKVİM!$X$76 -> 30 | Y23: =TAKVİM!$Y$76 | Z23: =TAKVİM!$Z$76 | AA23: =TAKVİM!$AA$76 -> 6 | AB23: =TAKVİM!$AB$76 -> 13 | AC23: =TAKVİM!$AC$76 -> 20 | AD23: =TAKVİM!$AD$76 -> 27 | AE23: =TAKVİM!$AE$76
A24: =TAKVİM!$A$77 -> Perşembe | B24: =TAKVİM!$B$77 -> 3 | C24: =TAKVİM!$C$77 -> 10 | D24: =TAKVİM!$D$77 -> 17 | E24: =TAKVİM!$E$77 -> 24 | F24: =TAKVİM!$F$77 | G24: =TAKVİM!$G$77 | H24: =TAKVİM!$H$77 -> 1 | I24: =TAKVİM!$I$77 -> 8 | J24: =TAKVİM!$J$77 -> 15 | K24: =TAKVİM!$K$77 -> 22 | L24: =TAKVİM!$L$77 -> 29 | M24: =TAKVİM!$M$77 | N24: =TAKVİM!$N$77 | O24: =TAKVİM!$O$77 -> 5 | P24: =TAKVİM!$P$77 -> 12 | Q24: =TAKVİM!$Q$77 -> 19 | R24: =TAKVİM!$R$77 -> 26 | S24: =TAKVİM!$S$77 | T24: =TAKVİM!$T$77 -> 3 | U24: =TAKVİM!$U$77 -> 10 | V24: =TAKVİM!$V$77 -> 17 | W24: =TAKVİM!$W$77 -> 24 | X24: =TAKVİM!$X$77 -> 31 | Y24: =TAKVİM!$Y$77 | Z24: =TAKVİM!$Z$77 | AA24: =TAKVİM!$AA$77 -> 7 | AB24: =TAKVİM!$AB$77 -> 14 | AC24: =TAKVİM!$AC$77 -> 21 | AD24: =TAKVİM!$AD$77 -> 28 | AE24: =TAKVİM!$AE$77
A25: =TAKVİM!$A$78 -> Cuma | B25: =TAKVİM!$B$78 -> 4 | C25: =TAKVİM!$C$78 -> 11 | D25: =TAKVİM!$D$78 -> 18 | E25: =TAKVİM!$E$78 -> 25 | F25: =TAKVİM!$F$78 | G25: =TAKVİM!$G$78 | H25: =TAKVİM!$H$78 -> 2 | I25: =TAKVİM!$I$78 -> 9 | J25: =TAKVİM!$J$78 -> 16 | K25: =TAKVİM!$K$78 -> 23 | L25: =TAKVİM!$L$78 -> 30 | M25: =TAKVİM!$M$78 | N25: =TAKVİM!$N$78 | O25: =TAKVİM!$O$78 -> 6 | P25: =TAKVİM!$P$78 -> 13 | Q25: =TAKVİM!$Q$78 -> 20 | R25: =TAKVİM!$R$78 -> 27 | S25: =TAKVİM!$S$78 | T25: =TAKVİM!$T$78 -> 4 | U25: =TAKVİM!$U$78 -> 11 | V25: =TAKVİM!$V$78 -> 18 | W25: =TAKVİM!$W$78 -> 25 | X25: =TAKVİM!$X$78 | Y25: =TAKVİM!$Y$78 | Z25: =TAKVİM!$Z$78 -> 1 | AA25: =TAKVİM!$AA$78 -> 8 | AB25: =TAKVİM!$AB$78 -> 15 | AC25: =TAKVİM!$AC$78 -> 22 | AD25: =TAKVİM!$AD$78 -> 29 | AE25: =TAKVİM!$AE$78
A26: =TAKVİM!$A$79 -> Cumartesi | B26: =TAKVİM!$B$79 -> 5 | C26: =TAKVİM!$C$79 -> 12 | D26: =TAKVİM!$D$79 -> 19 | E26: =TAKVİM!$E$79 -> 26 | F26: =TAKVİM!$F$79 | G26: =TAKVİM!$G$79 | H26: =TAKVİM!$H$79 -> 3 | I26: =TAKVİM!$I$79 -> 10 | J26: =TAKVİM!$J$79 -> 17 | K26: =TAKVİM!$K$79 -> 24 | L26: =TAKVİM!$L$79 -> 31 | M26: =TAKVİM!$M$79 | N26: =TAKVİM!$N$79 | O26: =TAKVİM!$O$79 -> 7 | P26: =TAKVİM!$P$79 -> 14 | Q26: =TAKVİM!$Q$79 -> 21 | R26: =TAKVİM!$R$79 -> 28 | S26: =TAKVİM!$S$79 | T26: =TAKVİM!$T$79 -> 5 | U26: =TAKVİM!$U$79 -> 12 | V26: =TAKVİM!$V$79 -> 19 | W26: =TAKVİM!$W$79 -> 26 | X26: =TAKVİM!$X$79 | Y26: =TAKVİM!$Y$79 | Z26: =TAKVİM!$Z$79 -> 2 | AA26: =TAKVİM!$AA$79 -> 9 | AB26: =TAKVİM!$AB$79 -> 16 | AC26: =TAKVİM!$AC$79 -> 23 | AD26: =TAKVİM!$AD$79 -> 30 | AE26: =TAKVİM!$AE$79
A27: =TAKVİM!$A$80 -> Pazar | B27: =TAKVİM!$B$80 -> 6 | C27: =TAKVİM!$C$80 -> 13 | D27: =TAKVİM!$D$80 -> 20 | E27: =TAKVİM!$E$80 -> 27 | F27: =TAKVİM!$F$80 | G27: =TAKVİM!$G$80 | H27: =TAKVİM!$H$80 -> 4 | I27: =TAKVİM!$I$80 -> 11 | J27: =TAKVİM!$J$80 -> 18 | K27: =TAKVİM!$K$80 -> 25 | L27: =TAKVİM!$L$80 | M27: =TAKVİM!$M$80 | N27: =TAKVİM!$N$80 -> 1 | O27: =TAKVİM!$O$80 -> 8 | P27: =TAKVİM!$P$80 -> 15 | Q27: =TAKVİM!$Q$80 -> 22 | R27: =TAKVİM!$R$80 -> 29 | S27: =TAKVİM!$S$80 | T27: =TAKVİM!$T$80 -> 6 | U27: =TAKVİM!$U$80 -> 13 | V27: =TAKVİM!$V$80 -> 20 | W27: =TAKVİM!$W$80 -> 27 | X27: =TAKVİM!$X$80 | Y27: =TAKVİM!$Y$80 | Z27: =TAKVİM!$Z$80 -> 3 | AA27: =TAKVİM!$AA$80 -> 10 | AB27: =TAKVİM!$AB$80 -> 17 | AC27: =TAKVİM!$AC$80 -> 24 | AD27: =TAKVİM!$AD$80 -> 31 | AE27: =TAKVİM!$AE$80
A28: =TAKVİM!$A$81 -> Günler | B28: =TAKVİM!$B$81 -> Şubat 2027 | H28: =TAKVİM!$H$81 -> Mart 2027 | N28: =TAKVİM!$N$81 -> Nisan 2027 | T28: =TAKVİM!$T$81 -> Mayıs 2027 | Z28: =TAKVİM!$Z$81 -> Haziran 2027
A29: =TAKVİM!$A$82 -> Pazartesi | B29: =TAKVİM!$B$82 -> 1 | C29: =TAKVİM!$C$82 -> 8 | D29: =TAKVİM!$D$82 -> 15 | E29: =TAKVİM!$E$82 -> 22 | F29: =TAKVİM!$F$82 | G29: =TAKVİM!$G$82 | H29: =TAKVİM!$H$82 -> 1 | I29: =TAKVİM!$I$82 -> 8 | J29: =TAKVİM!$J$82 -> 15 | K29: =TAKVİM!$K$82 -> 22 | L29: =TAKVİM!$L$82 -> 29 | M29: =TAKVİM!$M$82 | N29: =TAKVİM!$N$82 | O29: =TAKVİM!$O$82 -> 5 | P29: =TAKVİM!$P$82 -> 12 | Q29: =TAKVİM!$Q$82 -> 19 | R29: =TAKVİM!$R$82 -> 26 | S29: =TAKVİM!$S$82 | T29: =TAKVİM!$T$82 | U29: =TAKVİM!$U$82 -> 3 | V29: =TAKVİM!$V$82 -> 10 | W29: =TAKVİM!$W$82 -> 17 | X29: =TAKVİM!$X$82 -> 24 | Y29: =TAKVİM!$Y$82 -> 31 | Z29: =TAKVİM!$Z$82 | AA29: =TAKVİM!$AA$82 -> 7 | AB29: =TAKVİM!$AB$82 -> 14 | AC29: =TAKVİM!$AC$82 -> 21 | AD29: =TAKVİM!$AD$82 -> 28 | AE29: =TAKVİM!$AE$82
A30: =TAKVİM!$A$83 -> Salı | B30: =TAKVİM!$B$83 -> 2 | C30: =TAKVİM!$C$83 -> 9 | D30: =TAKVİM!$D$83 -> 16 | E30: =TAKVİM!$E$83 -> 23 | F30: =TAKVİM!$F$83 | G30: =TAKVİM!$G$83 | H30: =TAKVİM!$H$83 -> 2 | I30: =TAKVİM!$I$83 -> 9 | J30: =TAKVİM!$J$83 -> 16 | K30: =TAKVİM!$K$83 -> 23 | L30: =TAKVİM!$L$83 -> 30 | M30: =TAKVİM!$M$83 | N30: =TAKVİM!$N$83 | O30: =TAKVİM!$O$83 -> 6 | P30: =TAKVİM!$P$83 -> 13 | Q30: =TAKVİM!$Q$83 -> 20 | R30: =TAKVİM!$R$83 -> 27 | S30: =TAKVİM!$S$83 | T30: =TAKVİM!$T$83 | U30: =TAKVİM!$U$83 -> 4 | V30: =TAKVİM!$V$83 -> 11 | W30: =TAKVİM!$W$83 -> 18 | X30: =TAKVİM!$X$83 -> 25 | Y30: =TAKVİM!$Y$83 | Z30: =TAKVİM!$Z$83 -> 1 | AA30: =TAKVİM!$AA$83 -> 8 | AB30: =TAKVİM!$AB$83 -> 15 | AC30: =TAKVİM!$AC$83 -> 22 | AD30: =TAKVİM!$AD$83 -> 29 | AE30: =TAKVİM!$AE$83
A31: =TAKVİM!$A$84 -> Çarşamba | B31: =TAKVİM!$B$84 -> 3 | C31: =TAKVİM!$C$84 -> 10 | D31: =TAKVİM!$D$84 -> 17 | E31: =TAKVİM!$E$84 -> 24 | F31: =TAKVİM!$F$84 | G31: =TAKVİM!$G$84 | H31: =TAKVİM!$H$84 -> 3 | I31: =TAKVİM!$I$84 -> 10 | J31: =TAKVİM!$J$84 -> 17 | K31: =TAKVİM!$K$84 -> 24 | L31: =TAKVİM!$L$84 -> 31 | M31: =TAKVİM!$M$84 | N31: =TAKVİM!$N$84 | O31: =TAKVİM!$O$84 -> 7 | P31: =TAKVİM!$P$84 -> 14 | Q31: =TAKVİM!$Q$84 -> 21 | R31: =TAKVİM!$R$84 -> 28 | S31: =TAKVİM!$S$84 | T31: =TAKVİM!$T$84 | U31: =TAKVİM!$U$84 -> 5 | V31: =TAKVİM!$V$84 -> 12 | W31: =TAKVİM!$W$84 -> 19 | X31: =TAKVİM!$X$84 -> 26 | Y31: =TAKVİM!$Y$84 | Z31: =TAKVİM!$Z$84 -> 2 | AA31: =TAKVİM!$AA$84 -> 9 | AB31: =TAKVİM!$AB$84 -> 16 | AC31: =TAKVİM!$AC$84 -> 23 | AD31: =TAKVİM!$AD$84 -> 30 | AE31: =TAKVİM!$AE$84
A32: =TAKVİM!$A$85 -> Perşembe | B32: =TAKVİM!$B$85 -> 4 | C32: =TAKVİM!$C$85 -> 11 | D32: =TAKVİM!$D$85 -> 18 | E32: =TAKVİM!$E$85 -> 25 | F32: =TAKVİM!$F$85 | G32: =TAKVİM!$G$85 | H32: =TAKVİM!$H$85 -> 4 | I32: =TAKVİM!$I$85 -> 11 | J32: =TAKVİM!$J$85 -> 18 | K32: =TAKVİM!$K$85 -> 25 | L32: =TAKVİM!$L$85 | M32: =TAKVİM!$M$85 | N32: =TAKVİM!$N$85 -> 1 | O32: =TAKVİM!$O$85 -> 8 | P32: =TAKVİM!$P$85 -> 15 | Q32: =TAKVİM!$Q$85 -> 22 | R32: =TAKVİM!$R$85 -> 29 | S32: =TAKVİM!$S$85 | T32: =TAKVİM!$T$85 | U32: =TAKVİM!$U$85 -> 6 | V32: =TAKVİM!$V$85 -> 13 | W32: =TAKVİM!$W$85 -> 20 | X32: =TAKVİM!$X$85 -> 27 | Y32: =TAKVİM!$Y$85 | Z32: =TAKVİM!$Z$85 -> 3 | AA32: =TAKVİM!$AA$85 -> 10 | AB32: =TAKVİM!$AB$85 -> 17 | AC32: =TAKVİM!$AC$85 -> 24 | AD32: =TAKVİM!$AD$85 | AE32: =TAKVİM!$AE$85
A33: =TAKVİM!$A$86 -> Cuma | B33: =TAKVİM!$B$86 -> 5 | C33: =TAKVİM!$C$86 -> 12 | D33: =TAKVİM!$D$86 -> 19 | E33: =TAKVİM!$E$86 -> 26 | F33: =TAKVİM!$F$86 | G33: =TAKVİM!$G$86 | H33: =TAKVİM!$H$86 -> 5 | I33: =TAKVİM!$I$86 -> 12 | J33: =TAKVİM!$J$86 -> 19 | K33: =TAKVİM!$K$86 -> 26 | L33: =TAKVİM!$L$86 | M33: =TAKVİM!$M$86 | N33: =TAKVİM!$N$86 -> 2 | O33: =TAKVİM!$O$86 -> 9 | P33: =TAKVİM!$P$86 -> 16 | Q33: =TAKVİM!$Q$86 -> 23 | R33: =TAKVİM!$R$86 -> 30 | S33: =TAKVİM!$S$86 | T33: =TAKVİM!$T$86 | U33: =TAKVİM!$U$86 -> 7 | V33: =TAKVİM!$V$86 -> 14 | W33: =TAKVİM!$W$86 -> 21 | X33: =TAKVİM!$X$86 -> 28 | Y33: =TAKVİM!$Y$86 | Z33: =TAKVİM!$Z$86 -> 4 | AA33: =TAKVİM!$AA$86 -> 11 | AB33: =TAKVİM!$AB$86 -> 18 | AC33: =TAKVİM!$AC$86 -> 25 | AD33: =TAKVİM!$AD$86 | AE33: =TAKVİM!$AE$86
A34: =TAKVİM!$A$87 -> Cumartesi | B34: =TAKVİM!$B$87 -> 6 | C34: =TAKVİM!$C$87 -> 13 | D34: =TAKVİM!$D$87 -> 20 | E34: =TAKVİM!$E$87 -> 27 | F34: =TAKVİM!$F$87 | G34: =TAKVİM!$G$87 | H34: =TAKVİM!$H$87 -> 6 | I34: =TAKVİM!$I$87 -> 13 | J34: =TAKVİM!$J$87 -> 20 | K34: =TAKVİM!$K$87 -> 27 | L34: =TAKVİM!$L$87 | M34: =TAKVİM!$M$87 | N34: =TAKVİM!$N$87 -> 3 | O34: =TAKVİM!$O$87 -> 10 | P34: =TAKVİM!$P$87 -> 17 | Q34: =TAKVİM!$Q$87 -> 24 | R34: =TAKVİM!$R$87 | S34: =TAKVİM!$S$87 | T34: =TAKVİM!$T$87 -> 1 | U34: =TAKVİM!$U$87 -> 8 | V34: =TAKVİM!$V$87 -> 15 | W34: =TAKVİM!$W$87 -> 22 | X34: =TAKVİM!$X$87 -> 29 | Y34: =TAKVİM!$Y$87 | Z34: =TAKVİM!$Z$87 -> 5 | AA34: =TAKVİM!$AA$87 -> 12 | AB34: =TAKVİM!$AB$87 -> 19 | AC34: =TAKVİM!$AC$87 -> 26 | AD34: =TAKVİM!$AD$87 | AE34: =TAKVİM!$AE$87
A35: =TAKVİM!$A$88 -> Pazar | B35: =TAKVİM!$B$88 -> 7 | C35: =TAKVİM!$C$88 -> 14 | D35: =TAKVİM!$D$88 -> 21 | E35: =TAKVİM!$E$88 -> 28 | F35: =TAKVİM!$F$88 | G35: =TAKVİM!$G$88 | H35: =TAKVİM!$H$88 -> 7 | I35: =TAKVİM!$I$88 -> 14 | J35: =TAKVİM!$J$88 -> 21 | K35: =TAKVİM!$K$88 -> 28 | L35: =TAKVİM!$L$88 | M35: =TAKVİM!$M$88 | N35: =TAKVİM!$N$88 -> 4 | O35: =TAKVİM!$O$88 -> 11 | P35: =TAKVİM!$P$88 -> 18 | Q35: =TAKVİM!$Q$88 -> 25 | R35: =TAKVİM!$R$88 | S35: =TAKVİM!$S$88 | T35: =TAKVİM!$T$88 -> 2 | U35: =TAKVİM!$U$88 -> 9 | V35: =TAKVİM!$V$88 -> 16 | W35: =TAKVİM!$W$88 -> 23 | X35: =TAKVİM!$X$88 -> 30 | Y35: =TAKVİM!$Y$88 | Z35: =TAKVİM!$Z$88 -> 6 | AA35: =TAKVİM!$AA$88 -> 13 | AB35: =TAKVİM!$AB$88 -> 20 | AC35: =TAKVİM!$AC$88 -> 27 | AD35: =TAKVİM!$AD$88 | AE35: =TAKVİM!$AE$88
A37: TARİH | D37: KAZANIMLAR | L37: KONULAR | R37: ÖĞRENME-ÖĞRETME YÖNTEM VE TEKNİKLERİ | W37: KULLANILAN EĞİTİM TEKNOLOJİLERİ, ARAÇ VE GEREÇLER | AD37: DEĞERLENDİRME
A38: =TAKVİM!$B$29 -> 14-18 Eylül | D38: 1. Ölçülecek profile ve ölçü büyüklüğüne göre kumpas seçer. 2. Kumpas çene hassasiyetini kontrol eder. | L38: KUMPASLA ÖLÇÜM YAPMA 1. Kumpaslar ve Çeşitleri | R38: Gösteri, Soru-Cevap, Bireyselleştirilmiş Öğretim, Uygulama | W38: İmalat atölyesi, kumpas, mikrometre, komparatör, açıölçer, sinüs çubuğu, yüzey profilometresi, mastarlar, optik cam
A39: =TAKVİM!$B$30 -> 21-25 Eylül | D39: 1. Ölçülecek profile ve ölçü büyüklüğüne göre kumpas seçer. 2. Kumpas çene hassasiyetini kontrol eder. | L39: 1. Kumpaslar ve Çeşitleri | R39: Gösteri, Soru-Cevap, Bireyselleştirilmiş Öğretim, Uygulama | W39: İmalat atölyesi, kumpas, mikrometre, komparatör, açıölçer, sinüs çubuğu, yüzey profilometresi, mastarlar, optik cam
A40: =TAKVİM!$B$31 -> 28 Eylül - 02 Ekim | D40: 3. Kumpası parça geometrisine göre konumlandırır. 4. Tespit vidası yardımıyla hareketli çeneyi tespit eder. | L40: 2. Kumpasla Ölçüm Yapma | R40: Gösteri, Soru-Cevap, Bireyselleştirilmiş Öğretim, Uygulama | W40: İmalat atölyesi, kumpas, mikrometre, komparatör, açıölçer, sinüs çubuğu, yüzey profilometresi, mastarlar, optik cam
A41: =TAKVİM!$B$32 -> 05-09 Ekim | D41: 3. Kumpası parça geometrisine göre konumlandırır. 4. Tespit vidası yardımıyla hareketli çeneyi tespit eder. 5. Kumpastan değer okur. | L41: 2. Kumpasla Ölçüm Yapma | R41: Gösteri, Soru-Cevap, Bireyselleştirilmiş Öğretim, Uygulama | W41: İmalat atölyesi, kumpas, mikrometre, komparatör, açıölçer, sinüs çubuğu, yüzey profilometresi, mastarlar, optik cam
A42: =TAKVİM!$B$33 -> 12-16 Ekim | D42: 3. Kumpası parça geometrisine göre konumlandırır. 4. Tespit vidası yardımıyla hareketli çeneyi tespit eder. 5. Kumpastan değer okur. | L42: 2. Kumpasla Ölçüm Yapma | R42: Gösteri, Soru-Cevap, Bireyselleştirilmiş Öğretim, Uygulama | W42: İmalat atölyesi, kumpas, mikrometre, komparatör, açıölçer, sinüs çubuğu, yüzey profilometresi, mastarlar, optik cam
A43: =TAKVİM!$B$34 -> 19-23 Ekim | D43: 3. Kumpası parça geometrisine göre konumlandırır. 4. Tespit vidası yardımıyla hareketli çeneyi tespit eder. 5. Kumpastan değer okur. | L43: 2. Kumpasla Ölçüm Yapma | R43: Gösteri, Soru-Cevap, Bireyselleştirilmiş Öğretim, Uygulama | W43: İmalat atölyesi, kumpas, mikrometre, komparatör, açıölçer, sinüs çubuğu, yüzey profilometresi, mastarlar, optik cam
A44: =TAKVİM!$B$35 -> 26-30 Ekim | D44: 5. Kumpastan değer okur. 29 EKİM Cumhuriyet Bayramı | L44: 2. Kumpasla Ölçüm Yapma | R44: Gösteri, Soru-Cevap, Bireyselleştirilmiş Öğretim, Uygulama | W44: İmalat atölyesi, kumpas, mikrometre, komparatör, açıölçer, sinüs çubuğu, yüzey profilometresi, mastarlar, optik cam
A45: =TAKVİM!$B$36 -> 02-06 Kasım | D45: 1. Ölçülecek profile ve ölçü büyüklüğüne göre mikrometre seçer. 2. Mikrometre örslerinin temizlik kontrolünü yapar. | L45: MİKROMETRE ÖLÇÜM YAPMA 1. Mikrometreler ve Çeşitleri | R45: Gösteri, Soru-Cevap, Bireyselleştirilmiş Öğretim, Uygulama | W45: İmalat atölyesi, kumpas, mikrometre, komparatör, açıölçer, sinüs çubuğu, yüzey profilometresi, mastarlar, optik cam
A46: =TAKVİM!$B$37 -> 09-13 Kasım | D46: 1. Ölçülecek profile ve ölçü büyüklüğüne göre mikrometre seçer. 2. Mikrometre örslerinin temizlik kontrolünü yapar. 10 KASIM Atatürk'ü Anma Günü ve Atatürk Haftası | L46: 1. Mikrometreler ve Çeşitleri | R46: Gösteri, Soru-Cevap, Bireyselleştirilmiş Öğretim, Uygulama | W46: İmalat atölyesi, kumpas, mikrometre, komparatör, açıölçer, sinüs çubuğu, yüzey profilometresi, mastarlar, optik cam
A47: =TAKVİM!$B$38 -> 16-20 Kasım | D47: =TAKVİM!$D$38 -> 1.DÖNEM ARA TATİL
A48: =TAKVİM!$B$39 -> 23-27 Kasım | D48: 3. Kontrol mastarlarıyla ölçü hassasiyeti kontrolünü yapar. 4. Mikrometreyi parça geometrisine göre konumlandırır. | L48: 2. Mikrometre İle Ölçüm Yapma | R48: Gösteri, Soru-Cevap, Bireyselleştirilmiş Öğretim, Uygulama | W48: İmalat atölyesi, kumpas, mikrometre, komparatör, açıölçer, sinüs çubuğu, yüzey profilometresi, mastarlar, optik cam
A49: =TAKVİM!$B$40 -> 30 Kasım - 04 Aralık | D49: 3. Kontrol mastarlarıyla ölçü hassasiyeti kontrolünü yapar. 4. Mikrometreyi parça geometrisine göre konumlandırır. | L49: 2. Mikrometre İle Ölçüm Yapma | R49: Gösteri, Soru-Cevap, Bireyselleştirilmiş Öğretim, Uygulama | W49: İmalat atölyesi, kumpas, mikrometre, komparatör, açıölçer, sinüs çubuğu, yüzey profilometresi, mastarlar, optik cam
A50: =TAKVİM!$B$41 -> 07-11 Aralık | D50: 5. Tespit mandalı yardımıyla hareketli mili tespit eder. 6. Mikrometreden değer okur. | L50: 2. Mikrometre İle Ölçüm Yapma | R50: Gösteri, Soru-Cevap, Bireyselleştirilmiş Öğretim, Uygulama | W50: İmalat atölyesi, kumpas, mikrometre, komparatör, açıölçer, sinüs çubuğu, yüzey profilometresi, mastarlar, optik cam
A51: =TAKVİM!$B$42 -> 14-18 Aralık | D51: 5. Tespit mandalı yardımıyla hareketli mili tespit eder. 6. Mikrometreden değer okur. | L51: 2. Mikrometre İle Ölçüm Yapma | R51: Gösteri, Soru-Cevap, Bireyselleştirilmiş Öğretim, Uygulama | W51: İmalat atölyesi, kumpas, mikrometre, komparatör, açıölçer, sinüs çubuğu, yüzey profilometresi, mastarlar, optik cam
A52: =TAKVİM!$B$43 -> 21-25 Aralık | D52: 5. Tespit mandalı yardımıyla hareketli mili tespit eder. 6. Mikrometreden değer okur. | L52: 2. Mikrometre İle Ölçüm Yapma | R52: Gösteri, Soru-Cevap, Bireyselleştirilmiş Öğretim, Uygulama | W52: İmalat atölyesi, kumpas, mikrometre, komparatör, açıölçer, sinüs çubuğu, yüzey profilometresi, mastarlar, optik cam
A53: =TAKVİM!$B$44 -> 28 Aralık - 01 Ocak | D53: 1. Verniyerli açıölçerlerle ölçüm yapar. 2. Sinüs çubuğu ve ölçü mastarıyla ölçüm yapar. | L53: AÇI ÖLÇME 1. Açı Ölçme | R53: Gösteri, Soru-Cevap, Bireyselleştirilmiş Öğretim, Uygulama | W53: İmalat atölyesi, kumpas, mikrometre, komparatör, açıölçer, sinüs çubuğu, yüzey profilometresi, mastarlar, optik cam
A54: =TAKVİM!$B$45 -> 04-08 Ocak | D54: 1. Verniyerli açıölçerlerle ölçüm yapar. 2. Sinüs çubuğu ve ölçü mastarıyla ölçüm yapar. | L54: 1. Açı Ölçme | R54: Gösteri, Soru-Cevap, Bireyselleştirilmiş Öğretim, Uygulama | W54: İmalat atölyesi, kumpas, mikrometre, komparatör, açıölçer, sinüs çubuğu, yüzey profilometresi, mastarlar, optik cam
A55: =TAKVİM!$B$46 -> 11-15 Ocak | D55: 3. Silindirik makaralar ve bilyeler yardımıyla koniklik açısı ölçer. 4. Optik açı ölçüm cihazıyla açı ölçer. | L55: 1. Açı Ölçme | R55: Gösteri, Soru-Cevap, Bireyselleştirilmiş Öğretim, Uygulama | W55: İmalat atölyesi, kumpas, mikrometre, komparatör, açıölçer, sinüs çubuğu, yüzey profilometresi, mastarlar, optik cam
A56: =TAKVİM!$B$47 -> 18-22 Ocak | D56: 3. Silindirik makaralar ve bilyeler yardımıyla koniklik açısı ölçer. 4. Optik açı ölçüm cihazıyla açı ölçer. | L56: 1. Açı Ölçme | R56: Gösteri, Soru-Cevap, Bireyselleştirilmiş Öğretim, Uygulama | W56: İmalat atölyesi, kumpas, mikrometre, komparatör, açıölçer, sinüs çubuğu, yüzey profilometresi, mastarlar, optik cam
A57: =TAKVİM!$B$48 -> 25-29 Ocak | D57: =TAKVİM!$D$48 -> YARI YIL TATİLİ
A58: =TAKVİM!$B$49 -> 08-12 Şubat | D58: 1. Yüzey profilometresi ile yüzey pürüzlülüğünü ölçer. | L58: YÜZEY PÜRÜZLÜLÜĞÜ ÖLÇME 1. Yüzey Profilometresi | R58: Gösteri, Soru-Cevap, Bireyselleştirilmiş Öğretim, Uygulama | W58: İmalat atölyesi, kumpas, mikrometre, komparatör, açıölçer, sinüs çubuğu, yüzey profilometresi, mastarlar, optik cam
A59: =TAKVİM!$B$50 -> 15-19 Şubat | D59: 2. Yüzey pürüzlülük mastarlarıyla ölçüm yapar. | L59: 2. Yüzey Pürüzlülük Mastarları | R59: Gösteri, Soru-Cevap, Bireyselleştirilmiş Öğretim, Uygulama | W59: İmalat atölyesi, kumpas, mikrometre, komparatör, açıölçer, sinüs çubuğu, yüzey profilometresi, mastarlar, optik cam
A60: =TAKVİM!$B$51 -> 22-26 Şubat | D60: 1. Kumpas ile vidanın metrik veya withworth vida cinslerinden hangisi olduğunu belirler. | L60: VİDALARI ÖLÇME 1. Vida Türlerinin Belirlenmesi | R60: Gösteri, Soru-Cevap, Bireyselleştirilmiş Öğretim, Uygulama | W60: İmalat atölyesi, kumpas, mikrometre, komparatör, açıölçer, sinüs çubuğu, yüzey profilometresi, mastarlar, optik cam
A61: =TAKVİM!$B$52 -> 01-05 Mart | D61: 2. Kumpas veya mikrometre ile diş üstü çapını ölçer. 3. Mikrometreyle diş dibi çapını ölçer. | L61: 2. Vida Diş Üstü ve Diş Dibi Çapı Ölçme | R61: Gösteri, Soru-Cevap, Bireyselleştirilmiş Öğretim, Uygulama | W61: İmalat atölyesi, kumpas, mikrometre, komparatör, açıölçer, sinüs çubuğu, yüzey profilometresi, mastarlar, optik cam
A62: =TAKVİM!$B$53 -> 08-12 Mart | D62: =TAKVİM!$D$53 -> 2. DÖNEM ARA TATİL
A63: =TAKVİM!$B$54 -> 15-19 Mart | D63: 4. Vida tarağıyla vida adımını ölçer. | L63: 2. Vida Diş Üstü ve Diş Dibi Çapı Ölçme | R63: Gösteri, Soru-Cevap, Bireyselleştirilmiş Öğretim, Uygulama | W63: İmalat atölyesi, kumpas, mikrometre, komparatör, açıölçer, sinüs çubuğu, yüzey profilometresi, mastarlar, optik cam
A64: =TAKVİM!$B$55 -> 22-26 Mart | D64: 1. Diş büyüklüğüne göre modül tahmin eder. | L64: DİŞLİ ÇARKLARI ÖLÇME 1. Dişlilerde Modül Tahmini | R64: Gösteri, Soru-Cevap, Bireyselleştirilmiş Öğretim, Uygulama | W64: İmalat atölyesi, kumpas, mikrometre, komparatör, açıölçer, sinüs çubuğu, yüzey profilometresi, mastarlar, optik cam
A65: =TAKVİM!$B$56 -> 29 Mart - 02 Nisan | D65: 2. Yapılan tahmine göre modül kumpasının ağzını ayarlar. 3. Modül kumpasını diş üzerine yerleştirip ölçüm yapar. | L65: 2. Dişli Çark Ölçümleri | R65: Gösteri, Soru-Cevap, Bireyselleştirilmiş Öğretim, Uygulama | W65: İmalat atölyesi, kumpas, mikrometre, komparatör, açıölçer, sinüs çubuğu, yüzey profilometresi, mastarlar, optik cam
A66: =TAKVİM!$B$57 -> 05-09 Nisan | D66: 2. Yapılan tahmine göre modül kumpasının ağzını ayarlar. 3. Modül kumpasını diş üzerine yerleştirip ölçüm yapar. | L66: 2. Dişli Çark Ölçümleri | R66: Gösteri, Soru-Cevap, Bireyselleştirilmiş Öğretim, Uygulama | W66: İmalat atölyesi, kumpas, mikrometre, komparatör, açıölçer, sinüs çubuğu, yüzey profilometresi, mastarlar, optik cam
A67: =TAKVİM!$B$58 -> 12-16 Nisan | D67: 1. Ölçülecek profile göre mastarı seçer. 2. Mastarları birleştirir. | L67: MASTARLAR VE OPTİK CAMLARLA YÜZEY KONTROLÜ YAPMA 1. Mastar Türleri ve Mastar Seçimi | R67: Gösteri, Soru-Cevap, Bireyselleştirilmiş Öğretim, Uygulama | W67: İmalat atölyesi, kumpas, mikrometre, komparatör, açıölçer, sinüs çubuğu, yüzey profilometresi, mastarlar, optik cam
A68: =TAKVİM!$B$59 -> 19-23 Nisan | D68: 1. Ölçülecek profile göre mastarı seçer. 2. Mastarları birleştirir. 23 NİSAN Ulusal Egemenlik ve Çocuk Bayramı | L68: 1. Mastar Türleri ve Mastar Seçimi | R68: Gösteri, Soru-Cevap, Bireyselleştirilmiş Öğretim, Uygulama | W68: İmalat atölyesi, kumpas, mikrometre, komparatör, açıölçer, sinüs çubuğu, yüzey profilometresi, mastarlar, optik cam
A69: =TAKVİM!$B$60 -> 26-30 Nisan | D69: 3. Mastarları iş parçasına yerleştirir. 4. Mastarlar ile kontrol işlemleri yapar. | L69: 2. Mastarlarla Ölçüm Yapma | R69: Gösteri, Soru-Cevap, Bireyselleştirilmiş Öğretim, Uygulama | W69: İmalat atölyesi, kumpas, mikrometre, komparatör, açıölçer, sinüs çubuğu, yüzey profilometresi, mastarlar, optik cam
A70: =TAKVİM!$B$61 -> 03-07 Mayıs | D70: 3. Mastarları iş parçasına yerleştirir. 4. Mastarlar ile kontrol işlemleri yapar. | L70: 2. Mastarlarla Ölçüm Yapma | R70: Gösteri, Soru-Cevap, Bireyselleştirilmiş Öğretim, Uygulama | W70: İmalat atölyesi, kumpas, mikrometre, komparatör, açıölçer, sinüs çubuğu, yüzey profilometresi, mastarlar, optik cam
A71: =TAKVİM!$B$62 -> 10-14 Mayıs | D71: 1. İmalat resmine bakılarak uygun şekil kontrol aracı seçer. 19 MAYIS Atatürk'ü Anma Gençlik ve Spor Bayramı | L71: ŞEKİL TOLERANS KONTROLÜ YAPMA 1. Şekil Konum Kontrol Aracı Seçimi | R71: Gösteri, Soru-Cevap, Bireyselleştirilmiş Öğretim, Uygulama | W71: İmalat atölyesi, kumpas, mikrometre, komparatör, açıölçer, sinüs çubuğu, yüzey profilometresi, mastarlar, optik cam
A72: =TAKVİM!$B$63 -> 17-21 Mayıs | D72: 2. Kontrolü yapılacak iş parçasını hazırlar. 3. Kontrol işlemi yapar ve sonucu kaydeder. | L72: 2. Şekil Konum Kontrolü | R72: Gösteri, Soru-Cevap, Bireyselleştirilmiş Öğretim, Uygulama | W72: İmalat atölyesi, kumpas, mikrometre, komparatör, açıölçer, sinüs çubuğu, yüzey profilometresi, mastarlar, optik cam
A73: =TAKVİM!$B$64 -> 24-28 Mayıs | D73: 2. Kontrolü yapılacak iş parçasını hazırlar. 3. Kontrol işlemi yapar ve sonucu kaydeder. | L73: 2. Şekil Konum Kontrolü | R73: Gösteri, Soru-Cevap, Bireyselleştirilmiş Öğretim, Uygulama | W73: İmalat atölyesi, kumpas, mikrometre, komparatör, açıölçer, sinüs çubuğu, yüzey profilometresi, mastarlar, optik cam
A74: =TAKVİM!$B$65 -> 31 Mayıs - 04 Haziran | D74: 1. İmalat resmine bakarak uygun mastar seçer. | L74: BOYUT TOLERANS KONTROLÜ YAPMA 1. Boyut Tolerans Kontrol Aracı Seçimi | R74: Gösteri, Soru-Cevap, Bireyselleştirilmiş Öğretim, Uygulama | W74: İmalat atölyesi, kumpas, mikrometre, komparatör, açıölçer, sinüs çubuğu, yüzey profilometresi, mastarlar, optik cam
A75: =TAKVİM!$B$66 -> 07-11 Haziran | D75: 2. Kontrolü yapılacak iş parçasını hazırlar. 3. Kontrol işlemi yapar ve sonucu kaydeder. | L75: 2. Boyut Tolerans Kontrolü | R75: Gösteri, Soru-Cevap, Bireyselleştirilmiş Öğretim, Uygulama | W75: İmalat atölyesi, kumpas, mikrometre, komparatör, açıölçer, sinüs çubuğu, yüzey profilometresi, mastarlar, optik cam
A76: =TAKVİM!$B$67 -> 14-18 Haziran | D76: 2. Kontrolü yapılacak iş parçasını hazırlar. 3. Kontrol işlemi yapar ve sonucu kaydeder. | L76: 2. Boyut Tolerans Kontrolü | R76: Gösteri, Soru-Cevap, Bireyselleştirilmiş Öğretim, Uygulama | W76: İmalat atölyesi, kumpas, mikrometre, komparatör, açıölçer, sinüs çubuğu, yüzey profilometresi, mastarlar, optik cam
A77: =TAKVİM!$B$68 -> 21-25 Haziran | D77: 2. Kontrolü yapılacak iş parçasını hazırlar. 3. Kontrol işlemi yapar ve sonucu kaydeder. | L77: 2. Boyut Tolerans Kontrolü | R77: Gösteri, Soru-Cevap, Bireyselleştirilmiş Öğretim, Uygulama | W77: İmalat atölyesi, kumpas, mikrometre, komparatör, açıölçer, sinüs çubuğu, yüzey profilometresi, mastarlar, optik cam
A81: Seyit Ömer ŞEKER | L81: Arzu KIRICI | V81: Gökhan ARSLAN
A82: Makine ve Tasarım Teknolojisi | L82: Makine ve Tasarım Teknolojisi | V82: Makine ve Tasarım Teknolojisi
A83: Alan Öğretmeni | L83: Laboratuvar Şefi | V83: İmalat Yöntemleri Atölye Şefi
A85: Şerif YETİM | L85: Ali Osman KOÇ | V85: Levent ERGİN
A86: Makine ve Tasarım Teknolojisi | L86: Makine ve Tasarım Teknolojisi | V86: Makine ve Tasarım Teknolojisi
A87: İmalat İşlemleri Atölye Şefi | L87: Alan Şefi | V87: Teknik Müdür Yardımcısı
A90: …./09/2026
A91: UYGUNDUR
A92: AHMET AÇAR
A93: OKUL MÜDÜRÜ

Sheet BAKIM ONARIM MESLE AMP 10-A
H1: YILLIK DERS PLANI
A3: EĞİTİM-ÖĞRETİM YILI | G3: =TAKVİM!$B$4 -> 2026-2027 Eğitim-Öğretim Yılı | P3: OKUL | U3: =TAKVİM!$B$3 -> Soma Mesleki ve Teknik Anadolu Lisesi
A4: DERS | G4: : BAKIM ONARIM MESLEK RESMİ | P4: ALAN/DAL | U4: : Makine ve Tasarım Teknolojisi Alanı / Makine Bakım Onarım
A5: DERS SAATİ | G5: : 3 SAAT | P5: SINIF | U5: : AMP 10-A
A7: 1.DÖNEM SINAV TARİHLERİ | P7: 2.DÖNEM SINAV TARİHLERİ
A8: 1.Dönem 1.Sınav Tarihi | G8: =TAKVİM!$B$7 -> 13.11.2026 | P8: 2.Dönem 1.Sınav Tarihi | U8: =TAKVİM!$B$9 -> 19.03.2027
A9: 1.Dönem 2.Sınav Tarihi | G9: =TAKVİM!$B$8 -> 08.01.2027 | P9: 2.Dönem 2.Sınav Tarihi | U9: =TAKVİM!$B$10 -> 14.05.2027
A11: 1.DÖNEM ÖNEMLİ GÜN VE HAFTALAR | P11: 2.DÖNEM ÖNEMLİ GÜN VE HAFTALAR
A12: 1.Yarıyıl Başlangıcı | G12: =TAKVİM!$B$13 -> 2026-09-14 00:00:00 | P12: 2.Yarıyıl Başlangıcı | U12: =TAKVİM!$B$14 -> 2027-02-08 00:00:00
A13: Cumhuriyet Bayramı | G13: =TAKVİM!$B$15 -> 29.10.2026 | P13: 2. Dönem Ara Tatil | U13: =TAKVİM!$B$19 -> 08-12 Mart
A14: Atatürk'ü Anma Günü ve Atatürk Haftası | G14: =TAKVİM!$B$17 -> 10.11.2026 | P14: 23 Nisan Ulusal Egemenlik ve Çocuk Bayramı | U14: =TAKVİM!$B$18 -> 23.04.2027
A15: 1. Dönem Ara Tatil | G15: =TAKVİM!$B$16 -> 16-20 Kasım | P15: 19 Mayıs Atatürk'ü Anma Gençlik ve Spor Bayramı | U15: =TAKVİM!$B$20 -> 19.05.2027
A16: Yılbaşı Tatili | G16: =TAKVİM!$B$21 -> 01.01.2027 | P16: Ramazan Bayramı | U16: =TAKVİM!$B$22 -> 20.03.2027
A17: Yarıyıl Tatili | G17: =TAKVİM!$B$23 -> 25 OCAK - 05 ŞUBAT 2027 | P17: Eğitim-Öğretim Yılının Sonu | U17: =TAKVİM!$B$24 -> 25.06.2027
A19: 2026-2027 EĞİTİM-ÖĞRETİM YILI İŞGÜNÜ TAKVİMİ
A20: =TAKVİM!$A$73 -> Günler | B20: =TAKVİM!$B$73 -> Eylül 2026 | H20: =TAKVİM!$H$73 -> Ekim 2026 | N20: =TAKVİM!$N$73 -> Kasım 2026 | T20: =TAKVİM!$T$73 -> Aralık 2026 | Z20: =TAKVİM!$Z$73 -> Ocak 2027
A21: =TAKVİM!$A$74 -> Pazartesi | B21: =TAKVİM!$B$74 | C21: =TAKVİM!$C$74 -> 7 | D21: =TAKVİM!$D$74 -> 14 | E21: =TAKVİM!$E$74 -> 21 | F21: =TAKVİM!$F$74 -> 28 | G21: =TAKVİM!$G$74 | H21: =TAKVİM!$H$74 | I21: =TAKVİM!$I$74 -> 5 | J21: =TAKVİM!$J$74 -> 12 | K21: =TAKVİM!$K$74 -> 19 | L21: =TAKVİM!$L$74 -> 26 | M21: =TAKVİM!$M$74 | N21: =TAKVİM!$N$74 | O21: =TAKVİM!$O$74 -> 2 | P21: =TAKVİM!$P$74 -> 9 | Q21: =TAKVİM!$Q$74 -> 16 | R21: =TAKVİM!$R$74 -> 23 | S21: =TAKVİM!$S$74 -> 30 | T21: =TAKVİM!$T$74 | U21: =TAKVİM!$U$74 -> 7 | V21: =TAKVİM!$V$74 -> 14 | W21: =TAKVİM!$W$74 -> 21 | X21: =TAKVİM!$X$74 -> 28 | Y21: =TAKVİM!$Y$74 | Z21: =TAKVİM!$Z$74 | AA21: =TAKVİM!$AA$74 -> 4 | AB21: =TAKVİM!$AB$74 -> 11 | AC21: =TAKVİM!$AC$74 -> 18 | AD21: =TAKVİM!$AD$74 -> 25 | AE21: =TAKVİM!$AE$74
A22: =TAKVİM!$A$75 -> Salı | B22: =TAKVİM!$B$75 -> 1 | C22: =TAKVİM!$C$75 -> 8 | D22: =TAKVİM!$D$75 -> 15 | E22: =TAKVİM!$E$75 -> 22 | F22: =TAKVİM!$F$75 -> 29 | G22: =TAKVİM!$G$75 | H22: =TAKVİM!$H$75 | I22: =TAKVİM!$I$75 -> 6 | J22: =TAKVİM!$J$75 -> 13 | K22: =TAKVİM!$K$75 -> 20 | L22: =TAKVİM!$L$75 -> 27 | M22: =TAKVİM!$M$75 | N22: =TAKVİM!$N$75 | O22: =TAKVİM!$O$75 -> 3 | P22: =TAKVİM!$P$75 -> 10 | Q22: =TAKVİM!$Q$75 -> 17 | R22: =TAKVİM!$R$75 -> 24 | S22: =TAKVİM!$S$75 | T22: =TAKVİM!$T$75 -> 1 | U22: =TAKVİM!$U$75 -> 8 | V22: =TAKVİM!$V$75 -> 15 | W22: =TAKVİM!$W$75 -> 22 | X22: =TAKVİM!$X$75 -> 29 | Y22: =TAKVİM!$Y$75 | Z22: =TAKVİM!$Z$75 | AA22: =TAKVİM!$AA$75 -> 5 | AB22: =TAKVİM!$AB$75 -> 12 | AC22: =TAKVİM!$AC$75 -> 19 | AD22: =TAKVİM!$AD$75 -> 26 | AE22: =TAKVİM!$AE$75
A23: =TAKVİM!$A$76 -> Çarşamba | B23: =TAKVİM!$B$76 -> 2 | C23: =TAKVİM!$C$76 -> 9 | D23: =TAKVİM!$D$76 -> 16 | E23: =TAKVİM!$E$76 -> 23 | F23: =TAKVİM!$F$76 -> 30 | G23: =TAKVİM!$G$76 | H23: =TAKVİM!$H$76 | I23: =TAKVİM!$I$76 -> 7 | J23: =TAKVİM!$J$76 -> 14 | K23: =TAKVİM!$K$76 -> 21 | L23: =TAKVİM!$L$76 -> 28 | M23: =TAKVİM!$M$76 | N23: =TAKVİM!$N$76 | O23: =TAKVİM!$O$76 -> 4 | P23: =TAKVİM!$P$76 -> 11 | Q23: =TAKVİM!$Q$76 -> 18 | R23: =TAKVİM!$R$76 -> 25 | S23: =TAKVİM!$S$76 | T23: =TAKVİM!$T$76 -> 2 | U23: =TAKVİM!$U$76 -> 9 | V23: =TAKVİM!$V$76 -> 16 | W23: =TAKVİM!$W$76 -> 23 | X23: =TAKVİM!$X$76 -> 30 | Y23: =TAKVİM!$Y$76 | Z23: =TAKVİM!$Z$76 | AA23: =TAKVİM!$AA$76 -> 6 | AB23: =TAKVİM!$AB$76 -> 13 | AC23: =TAKVİM!$AC$76 -> 20 | AD23: =TAKVİM!$AD$76 -> 27 | AE23: =TAKVİM!$AE$76
A24: =TAKVİM!$A$77 -> Perşembe | B24: =TAKVİM!$B$77 -> 3 | C24: =TAKVİM!$C$77 -> 10 | D24: =TAKVİM!$D$77 -> 17 | E24: =TAKVİM!$E$77 -> 24 | F24: =TAKVİM!$F$77 | G24: =TAKVİM!$G$77 | H24: =TAKVİM!$H$77 -> 1 | I24: =TAKVİM!$I$77 -> 8 | J24: =TAKVİM!$J$77 -> 15 | K24: =TAKVİM!$K$77 -> 22 | L24: =TAKVİM!$L$77 -> 29 | M24: =TAKVİM!$M$77 | N24: =TAKVİM!$N$77 | O24: =TAKVİM!$O$77 -> 5 | P24: =TAKVİM!$P$77 -> 12 | Q24: =TAKVİM!$Q$77 -> 19 | R24: =TAKVİM!$R$77 -> 26 | S24: =TAKVİM!$S$77 | T24: =TAKVİM!$T$77 -> 3 | U24: =TAKVİM!$U$77 -> 10 | V24: =TAKVİM!$V$77 -> 17 | W24: =TAKVİM!$W$77 -> 24 | X24: =TAKVİM!$X$77 -> 31 | Y24: =TAKVİM!$Y$77 | Z24: =TAKVİM!$Z$77 | AA24: =TAKVİM!$AA$77 -> 7 | AB24: =TAKVİM!$AB$77 -> 14 | AC24: =TAKVİM!$AC$77 -> 21 | AD24: =TAKVİM!$AD$77 -> 28 | AE24: =TAKVİM!$AE$77
A25: =TAKVİM!$A$78 -> Cuma | B25: =TAKVİM!$B$78 -> 4 | C25: =TAKVİM!$C$78 -> 11 | D25: =TAKVİM!$D$78 -> 18 | E25: =TAKVİM!$E$78 -> 25 | F25: =TAKVİM!$F$78 | G25: =TAKVİM!$G$78 | H25: =TAKVİM!$H$78 -> 2 | I25: =TAKVİM!$I$78 -> 9 | J25: =TAKVİM!$J$78 -> 16 | K25: =TAKVİM!$K$78 -> 23 | L25: =TAKVİM!$L$78 -> 30 | M25: =TAKVİM!$M$78 | N25: =TAKVİM!$N$78 | O25: =TAKVİM!$O$78 -> 6 | P25: =TAKVİM!$P$78 -> 13 | Q25: =TAKVİM!$Q$78 -> 20 | R25: =TAKVİM!$R$78 -> 27 | S25: =TAKVİM!$S$78 | T25: =TAKVİM!$T$78 -> 4 | U25: =TAKVİM!$U$78 -> 11 | V25: =TAKVİM!$V$78 -> 18 | W25: =TAKVİM!$W$78 -> 25 | X25: =TAKVİM!$X$78 | Y25: =TAKVİM!$Y$78 | Z25: =TAKVİM!$Z$78 -> 1 | AA25: =TAKVİM!$AA$78 -> 8 | AB25: =TAKVİM!$AB$78 -> 15 | AC25: =TAKVİM!$AC$78 -> 22 | AD25: =TAKVİM!$AD$78 -> 29 | AE25: =TAKVİM!$AE$78
A26: =TAKVİM!$A$79 -> Cumartesi | B26: =TAKVİM!$B$79 -> 5 | C26: =TAKVİM!$C$79 -> 12 | D26: =TAKVİM!$D$79 -> 19 | E26: =TAKVİM!$E$79 -> 26 | F26: =TAKVİM!$F$79 | G26: =TAKVİM!$G$79 | H26: =TAKVİM!$H$79 -> 3 | I26: =TAKVİM!$I$79 -> 10 | J26: =TAKVİM!$J$79 -> 17 | K26: =TAKVİM!$K$79 -> 24 | L26: =TAKVİM!$L$79 -> 31 | M26: =TAKVİM!$M$79 | N26: =TAKVİM!$N$79 | O26: =TAKVİM!$O$79 -> 7 | P26: =TAKVİM!$P$79 -> 14 | Q26: =TAKVİM!$Q$79 -> 21 | R26: =TAKVİM!$R$79 -> 28 | S26: =TAKVİM!$S$79 | T26: =TAKVİM!$T$79 -> 5 | U26: =TAKVİM!$U$79 -> 12 | V26: =TAKVİM!$V$79 -> 19 | W26: =TAKVİM!$W$79 -> 26 | X26: =TAKVİM!$X$79 | Y26: =TAKVİM!$Y$79 | Z26: =TAKVİM!$Z$79 -> 2 | AA26: =TAKVİM!$AA$79 -> 9 | AB26: =TAKVİM!$AB$79 -> 16 | AC26: =TAKVİM!$AC$79 -> 23 | AD26: =TAKVİM!$AD$79 -> 30 | AE26: =TAKVİM!$AE$79
A27: =TAKVİM!$A$80 -> Pazar | B27: =TAKVİM!$B$80 -> 6 | C27: =TAKVİM!$C$80 -> 13 | D27: =TAKVİM!$D$80 -> 20 | E27: =TAKVİM!$E$80 -> 27 | F27: =TAKVİM!$F$80 | G27: =TAKVİM!$G$80 | H27: =TAKVİM!$H$80 -> 4 | I27: =TAKVİM!$I$80 -> 11 | J27: =TAKVİM!$J$80 -> 18 | K27: =TAKVİM!$K$80 -> 25 | L27: =TAKVİM!$L$80 | M27: =TAKVİM!$M$80 | N27: =TAKVİM!$N$80 -> 1 | O27: =TAKVİM!$O$80 -> 8 | P27: =TAKVİM!$P$80 -> 15 | Q27: =TAKVİM!$Q$80 -> 22 | R27: =TAKVİM!$R$80 -> 29 | S27: =TAKVİM!$S$80 | T27: =TAKVİM!$T$80 -> 6 | U27: =TAKVİM!$U$80 -> 13 | V27: =TAKVİM!$V$80 -> 20 | W27: =TAKVİM!$W$80 -> 27 | X27: =TAKVİM!$X$80 | Y27: =TAKVİM!$Y$80 | Z27: =TAKVİM!$Z$80 -> 3 | AA27: =TAKVİM!$AA$80 -> 10 | AB27: =TAKVİM!$AB$80 -> 17 | AC27: =TAKVİM!$AC$80 -> 24 | AD27: =TAKVİM!$AD$80 -> 31 | AE27: =TAKVİM!$AE$80
A28: =TAKVİM!$A$81 -> Günler | B28: =TAKVİM!$B$81 -> Şubat 2027 | H28: =TAKVİM!$H$81 -> Mart 2027 | N28: =TAKVİM!$N$81 -> Nisan 2027 | T28: =TAKVİM!$T$81 -> Mayıs 2027 | Z28: =TAKVİM!$Z$81 -> Haziran 2027
A29: =TAKVİM!$A$82 -> Pazartesi | B29: =TAKVİM!$B$82 -> 1 | C29: =TAKVİM!$C$82 -> 8 | D29: =TAKVİM!$D$82 -> 15 | E29: =TAKVİM!$E$82 -> 22 | F29: =TAKVİM!$F$82 | G29: =TAKVİM!$G$82 | H29: =TAKVİM!$H$82 -> 1 | I29: =TAKVİM!$I$82 -> 8 | J29: =TAKVİM!$J$82 -> 15 | K29: =TAKVİM!$K$82 -> 22 | L29: =TAKVİM!$L$82 -> 29 | M29: =TAKVİM!$M$82 | N29: =TAKVİM!$N$82 | O29: =TAKVİM!$O$82 -> 5 | P29: =TAKVİM!$P$82 -> 12 | Q29: =TAKVİM!$Q$82 -> 19 | R29: =TAKVİM!$R$82 -> 26 | S29: =TAKVİM!$S$82 | T29: =TAKVİM!$T$82 | U29: =TAKVİM!$U$82 -> 3 | V29: =TAKVİM!$V$82 -> 10 | W29: =TAKVİM!$W$82 -> 17 | X29: =TAKVİM!$X$82 -> 24 | Y29: =TAKVİM!$Y$82 -> 31 | Z29: =TAKVİM!$Z$82 | AA29: =TAKVİM!$AA$82 -> 7 | AB29: =TAKVİM!$AB$82 -> 14 | AC29: =TAKVİM!$AC$82 -> 21 | AD29: =TAKVİM!$AD$82 -> 28 | AE29: =TAKVİM!$AE$82
A30: =TAKVİM!$A$83 -> Salı | B30: =TAKVİM!$B$83 -> 2 | C30: =TAKVİM!$C$83 -> 9 | D30: =TAKVİM!$D$83 -> 16 | E30: =TAKVİM!$E$83 -> 23 | F30: =TAKVİM!$F$83 | G30: =TAKVİM!$G$83 | H30: =TAKVİM!$H$83 -> 2 | I30: =TAKVİM!$I$83 -> 9 | J30: =TAKVİM!$J$83 -> 16 | K30: =TAKVİM!$K$83 -> 23 | L30: =TAKVİM!$L$83 -> 30 | M30: =TAKVİM!$M$83 | N30: =TAKVİM!$N$83 | O30: =TAKVİM!$O$83 -> 6 | P30: =TAKVİM!$P$83 -> 13 | Q30: =TAKVİM!$Q$83 -> 20 | R30: =TAKVİM!$R$83 -> 27 | S30: =TAKVİM!$S$83 | T30: =TAKVİM!$T$83 | U30: =TAKVİM!$U$83 -> 4 | V30: =TAKVİM!$V$83 -> 11 | W30: =TAKVİM!$W$83 -> 18 | X30: =TAKVİM!$X$83 -> 25 | Y30: =TAKVİM!$Y$83 | Z30: =TAKVİM!$Z$83 -> 1 | AA30: =TAKVİM!$AA$83 -> 8 | AB30: =TAKVİM!$AB$83 -> 15 | AC30: =TAKVİM!$AC$83 -> 22 | AD30: =TAKVİM!$AD$83 -> 29 | AE30: =TAKVİM!$AE$83
A31: =TAKVİM!$A$84 -> Çarşamba | B31: =TAKVİM!$B$84 -> 3 | C31: =TAKVİM!$C$84 -> 10 | D31: =TAKVİM!$D$84 -> 17 | E31: =TAKVİM!$E$84 -> 24 | F31: =TAKVİM!$F$84 | G31: =TAKVİM!$G$84 | H31: =TAKVİM!$H$84 -> 3 | I31: =TAKVİM!$I$84 -> 10 | J31: =TAKVİM!$J$84 -> 17 | K31: =TAKVİM!$K$84 -> 24 | L31: =TAKVİM!$L$84 -> 31 | M31: =TAKVİM!$M$84 | N31: =TAKVİM!$N$84 | O31: =TAKVİM!$O$84 -> 7 | P31: =TAKVİM!$P$84 -> 14 | Q31: =TAKVİM!$Q$84 -> 21 | R31: =TAKVİM!$R$84 -> 28 | S31: =TAKVİM!$S$84 | T31: =TAKVİM!$T$84 | U31: =TAKVİM!$U$84 -> 5 | V31: =TAKVİM!$V$84 -> 12 | W31: =TAKVİM!$W$84 -> 19 | X31: =TAKVİM!$X$84 -> 26 | Y31: =TAKVİM!$Y$84 | Z31: =TAKVİM!$Z$84 -> 2 | AA31: =TAKVİM!$AA$84 -> 9 | AB31: =TAKVİM!$AB$84 -> 16 | AC31: =TAKVİM!$AC$84 -> 23 | AD31: =TAKVİM!$AD$84 -> 30 | AE31: =TAKVİM!$AE$84
A32: =TAKVİM!$A$85 -> Perşembe | B32: =TAKVİM!$B$85 -> 4 | C32: =TAKVİM!$C$85 -> 11 | D32: =TAKVİM!$D$85 -> 18 | E32: =TAKVİM!$E$85 -> 25 | F32: =TAKVİM!$F$85 | G32: =TAKVİM!$G$85 | H32: =TAKVİM!$H$85 -> 4 | I32: =TAKVİM!$I$85 -> 11 | J32: =TAKVİM!$J$85 -> 18 | K32: =TAKVİM!$K$85 -> 25 | L32: =TAKVİM!$L$85 | M32: =TAKVİM!$M$85 | N32: =TAKVİM!$N$85 -> 1 | O32: =TAKVİM!$O$85 -> 8 | P32: =TAKVİM!$P$85 -> 15 | Q32: =TAKVİM!$Q$85 -> 22 | R32: =TAKVİM!$R$85 -> 29 | S32: =TAKVİM!$S$85 | T32: =TAKVİM!$T$85 | U32: =TAKVİM!$U$85 -> 6 | V32: =TAKVİM!$V$85 -> 13 | W32: =TAKVİM!$W$85 -> 20 | X32: =TAKVİM!$X$85 -> 27 | Y32: =TAKVİM!$Y$85 | Z32: =TAKVİM!$Z$85 -> 3 | AA32: =TAKVİM!$AA$85 -> 10 | AB32: =TAKVİM!$AB$85 -> 17 | AC32: =TAKVİM!$AC$85 -> 24 | AD32: =TAKVİM!$AD$85 | AE32: =TAKVİM!$AE$85
A33: =TAKVİM!$A$86 -> Cuma | B33: =TAKVİM!$B$86 -> 5 | C33: =TAKVİM!$C$86 -> 12 | D33: =TAKVİM!$D$86 -> 19 | E33: =TAKVİM!$E$86 -> 26 | F33: =TAKVİM!$F$86 | G33: =TAKVİM!$G$86 | H33: =TAKVİM!$H$86 -> 5 | I33: =TAKVİM!$I$86 -> 12 | J33: =TAKVİM!$J$86 -> 19 | K33: =TAKVİM!$K$86 -> 26 | L33: =TAKVİM!$L$86 | M33: =TAKVİM!$M$86 | N33: =TAKVİM!$N$86 -> 2 | O33: =TAKVİM!$O$86 -> 9 | P33: =TAKVİM!$P$86 -> 16 | Q33: =TAKVİM!$Q$86 -> 23 | R33: =TAKVİM!$R$86 -> 30 | S33: =TAKVİM!$S$86 | T33: =TAKVİM!$T$86 | U33: =TAKVİM!$U$86 -> 7 | V33: =TAKVİM!$V$86 -> 14 | W33: =TAKVİM!$W$86 -> 21 | X33: =TAKVİM!$X$86 -> 28 | Y33: =TAKVİM!$Y$86 | Z33: =TAKVİM!$Z$86 -> 4 | AA33: =TAKVİM!$AA$86 -> 11 | AB33: =TAKVİM!$AB$86 -> 18 | AC33: =TAKVİM!$AC$86 -> 25 | AD33: =TAKVİM!$AD$86 | AE33: =TAKVİM!$AE$86
A34: =TAKVİM!$A$87 -> Cumartesi | B34: =TAKVİM!$B$87 -> 6 | C34: =TAKVİM!$C$87 -> 13 | D34: =TAKVİM!$D$87 -> 20 | E34: =TAKVİM!$E$87 -> 27 | F34: =TAKVİM!$F$87 | G34: =TAKVİM!$G$87 | H34: =TAKVİM!$H$87 -> 6 | I34: =TAKVİM!$I$87 -> 13 | J34: =TAKVİM!$J$87 -> 20 | K34: =TAKVİM!$K$87 -> 27 | L34: =TAKVİM!$L$87 | M34: =TAKVİM!$M$87 | N34: =TAKVİM!$N$87 -> 3 | O34: =TAKVİM!$O$87 -> 10 | P34: =TAKVİM!$P$87 -> 17 | Q34: =TAKVİM!$Q$87 -> 24 | R34: =TAKVİM!$R$87 | S34: =TAKVİM!$S$87 | T34: =TAKVİM!$T$87 -> 1 | U34: =TAKVİM!$U$87 -> 8 | V34: =TAKVİM!$V$87 -> 15 | W34: =TAKVİM!$W$87 -> 22 | X34: =TAKVİM!$X$87 -> 29 | Y34: =TAKVİM!$Y$87 | Z34: =TAKVİM!$Z$87 -> 5 | AA34: =TAKVİM!$AA$87 -> 12 | AB34: =TAKVİM!$AB$87 -> 19 | AC34: =TAKVİM!$AC$87 -> 26 | AD34: =TAKVİM!$AD$87 | AE34: =TAKVİM!$AE$87
